email_body,subject_line,translation
"Phillip & Keith  Attached is the first draw request, I will need some of these funds immediately.
I think checks out of Bishops Corner, L.P. may be the easiest, or you can wire money to me and I can write the checks when needed.
Please let me know how you wish to handle this and I will proceed.
Additionally, it is getting close to closing.
I will need to get contracts signed at this point as soon as possible.
We can handle this in two ways.
I prefer that you elect me as a Vice - President of the General Partner and then I will sign all documents, or I can Federal Express contracts (this is more difficult).
I have a funeral at 10:00 and I will be back about 1:00.
I look forward to hearing from you.
Greg     - Draw # 1 - 10.25.01.xls
",Bishops Corner,"[이름]과 [이름]이 첨부된 첫 번째 인출 요청이 있습니다. 일부 자금이 지금 바로 필요합니다.
Bishops Corner, L.P.에서 수표를 발행하는 것이 가장 쉬울 것 같습니다. 아니면 저에게 송금하시면 필요할 때 수표를 쓸 수 있습니다.
어떻게 처리하고 싶은지 알려주시면 진행하겠습니다.
마감이 임박했기 때문에 가능한 한 빨리 계약서에 서명해야 합니다.
두 가지 방법으로 처리할 수 있습니다.
저는 저를 제너럴 파트너 부사장으로 선출해 주시면 모든 문서에 서명하겠습니다. 아니면 Federal Express 계약서에 서명할 수 있습니다(이 방법이 더 어렵습니다).
10시에 장례식이 있고 1시경에 돌아올 예정입니다.
연락을 기다리겠습니다."
"Your Internet Banking accounts are now setup again for accessing.
The login id is still your main acct.
# with the password being reset to the last six (6) digits of your ssn# (this is the ssn# or tin# of the primary account holder).
You will then be directed to a screen that asks for information such as: Name Address City, State Zip+4 Phone # E-Mail Address  After entering this information and clicking submit, you will then be instructed to change your password to anything that you desire.
Always remember that your password is case sensitive.
One major change is the wording of your accounts names (they have changed to product types and not descriptions).
You can change your account descriptions by clicking on the Nicknames button and entering your own account description.
We are still working on getting the information to post again correctly (your old account information has been removed, and we hope to have this information converted shortly and back on-line), so you will notice that credits and debits do not show up in the appropriate columns.
Transaction descriptions are correct and the balances information is correct as of our last day of processing (11/16/01).
We appreciate your patience and continued support.
Our goal is to be fully operational and all information corrected before the holiday season.
Please make sure to record any suggestions (or problems) that you might have concerning our web site.
Again, thanks for banking with State Bank & Trust and happy surfing.
Sincerely,
",Internet Banking,"귀하의 인터넷 뱅킹 계좌가 다시 설정되었습니다.
로그인 ID는 기존과 동일하게 기본 계좌로 유지됩니다.
비밀번호는 기본 계좌 소유자의 고유 식별번호(예: 주민번호 또는 납세자번호)의 마지막 6자리로 초기화됩니다.

로그인 후에는 이름, 주소, 도시, 주, 우편번호+4, 전화번호, 이메일 주소 등 기본 고객정보 입력 화면이 나타납니다.
해당 정보를 입력하고 제출하면, 비밀번호를 새로 설정하라는 안내가 표시됩니다.

※ 비밀번호는 대소문자를 구분하니 설정 시 유의해 주세요.

이번 변경의 주요 사항 중 하나는 계좌 명칭 표기 방식입니다.
이제 계좌 이름은 설명이 아닌 제품 유형으로 표시되며,
“별명” 버튼을 클릭해 사용자가 원하는 계좌 설명을 직접 입력하실 수 있습니다.

또한, 이전 계좌 정보는 삭제된 상태이며,
입출금 내역 열이 일시적으로 비어 있을 수 있습니다.
저희는 해당 정보를 곧 변환해 온라인으로 다시 제공해드릴 예정입니다.

현재 표시되는 거래 설명 및 잔액 정보는 [날짜] 기준으로 정확합니다.

항상 인내해주시고 저희 서비스를 지속적으로 이용해주셔서 진심으로 감사드립니다.
[금융기관]은 휴일 시즌 전까지 모든 정보를 안정적으로 제공할 수 있도록 최선을 다하고 있습니다.

웹사이트 이용 중 불편사항이나 제안이 있다면 언제든지 의견을 남겨주세요.

다시 한 번 [금융기관]을 이용해주셔서 감사합니다."
"To our IBS Customers that are still hanging in there:  We understand your continued frustration and express our sincerest apologies for our inability to give complete and accurate answers to your questions.
The problems that we are seeing are one of three (3) possibilities:  1)  You have entered your password incorrectly (or what you thought was the correct password) and been given the error message that you have exceeded your opportunities for today, and you receive the message ""You have failed to correctly login three times today; please try again tomorrow, or contact the bank at 830-379-5236 to have your password reset.""
This is the easiest problem to correct and we can fix this one quickly with you online (on the phone).
Should you receive this message, please call our Computer Department and ask for either myself (Howard Gordon) @ 830-401-1185, Christina Kirby @ 830-401-1189, or Lora Robles @ 830-401-1182.
If you reach our voice mail (or another employee), please leave your Name, Account # and call back #.
2)  You are not using the last six (6) digits of your ssn# (this is the ssn# or tin# of the primary account holder).
Please try again using the last six (6) digits, or call us to determine who we have recorded as the primary account holder.
3)  If you see this error message ""Invalid login; please try again"" (after three [3] or more tries), then you possibly fall into this last category.
Your account is one of the few that did not convert correctly (we will not release any information about these accounts until we verify that all information is correct and accurate).
We are finalizing these accounts today and should have them available for access this afternoon (late) or this evening.
Once we release these accounts for IBS access, you will have to again use the last six (6) digits of your ssn# (this is the ssn# or tin# of the primary account holder), then you will be directed to a screen that asks for information such as:  Name Address City, State Zip+4 Phone # E-Mail Address  After entering this information and clicking submit, you will then be instructed to change your password to anything that you desire (you can at this point change your password back to what it was before).
Always remember that your password is case sensitive.
Should you get into IBS (before early evening [6:00pm]), the balance and transactional information displayed is as of 11/16/01 (Friday night).
We will have this information updated by 6:00pm (hopefully), and then information will be as of Monday (11/19/01).
Again we want to thank you for your patience through this (trying) ordeal, and we look forward to continuing to service your IBS needs in the future.
Sincerely,
",Internet Banking,"안녕하세요,
오랫동안 기다려주신 [온라인 뱅킹 시스템] 고객 여러분께 깊이 감사드립니다.

현재 접속과 관련하여 발생하고 있는 문제들로 인해 많은 불편을 겪고 계신 점 잘 알고 있으며,
여러분의 지속적인 인내와 좌절감에 대해 진심으로 사과드립니다.
아직도 몇몇 고객 계정에서 정상적인 로그인이 되지 않고 있으며, 이와 관련된 오류는 다음과 같은 세 가지 주요 원인 중 하나일 수 있습니다.

1) 비밀번호 오류 또는 로그인 시도 횟수 초과
시스템에서 “오늘 세 번 이상 올바르게 로그인하지 못했습니다. 내일 다시 시도하시거나 고객센터로 연락해 주세요.”라는 메시지가 나타난 경우입니다.

이 경우는 가장 간단하게 해결될 수 있으며, 고객센터를 통해 빠르게 지원받을 수 있습니다.
해결 방법:
고객센터로 전화하셔서 본인 확인 후 비밀번호 재설정을 요청해 주세요.
담당자: [담당자 이름] ([전화번호])
또는 [이름1], [이름2]에게도 연락하실 수 있습니다.
음성 메일이 연결될 경우, 성함, 계좌 번호, 연락처를 남겨주시면 순차적으로 연락드리겠습니다.

2) 초기 비밀번호 입력 형식 오류
기본 계좌 소유자의 **고유 식별번호 마지막 6자리(예: 주민등록번호 또는 사업자번호)**를 비밀번호로 입력하셔야 합니다.

해당 정보를 사용하여 로그인해 보시고, 잘못된 소유자 정보가 입력된 것 같다면 고객센터에 문의해 주시기 바랍니다.

3) 계정 전환 오류로 인한 접속 실패
로그인 시 반복적으로 “잘못된 로그인입니다. 다시 시도해 주세요.”라는 메시지가 뜨는 경우,
귀하의 계정이 시스템 변환 과정에서 일부 누락된 소수 계정일 수 있습니다.

이 경우 내부에서 정확한 정보 확인 후 수동으로 처리하고 있으며,
오늘 저녁 또는 늦은 오후 중에 접속이 가능할 것으로 예상됩니다.

이 경우에도 로그인 후에는 초기 비밀번호(고유번호 6자리)를 사용하셔야 하며,
이후 이름, 주소, 연락처 등 기본 정보를 입력하신 후 원하는 비밀번호로 변경하실 수 있습니다.

참고사항: 비밀번호는 대소문자를 구분하므로 입력 시 주의해 주세요.

정상적으로 접속하신 경우, 화면에 표시되는 거래 및 잔액 정보는 [최근 기준일] 기준입니다.
오후 [시간] 이후에는 최신 정보로 업데이트될 예정이며, 그다음 업데이트는 [요일/날짜] 기준입니다.

다시 한 번, 이러한 어려운 상황에서도 인내심을 갖고 기다려주셔서 진심으로 감사드립니다.
[온라인 뱅킹 시스템]이 정상적으로 운영될 수 있도록 최선을 다하겠습니다.

감사합니다.
[회사명 드림]"
"Phillip Good Morning!
I hope you had a wonderful Thanksgiving with your family and safe travels.
As per our meeting on Tuesday, please identify people you think will be good for the expert story roles.
You can provide me a list and either contact them first or provide me with an introduction to get their commitment.
Thanks a million in advance for your continued support of this project.
",SMEs for expert stories,"[수신자] 님, 안녕하세요.

최근 연휴를 가족과 함께 평안하게 보내셨기를 바랍니다.

[요일] 회의에서 논의된 내용과 관련하여, [프로젝트/활동명]에서 전문가 역할에 적합할 것 같은 분이 있다면 알려주시겠어요?
해당 인물의 목록을 공유해 주시고, 먼저 연락을 시도하시거나 저희에게 소개해 주시면 감사하겠습니다.
그분들의 참여를 유도하는 데 큰 도움이 될 것입니다.

이 프로젝트에 대한 지속적인 협조와 지원에 미리 감사드립니다.

감사합니다.
[발신자] 드림"
"Phillip,  Ina scheduled the conference room for tomorrow, so she's probably already got it on your schedule, but FYI - our meeting will be in the new Enron building, Room 6104.
See you at 10:00.
Mery   This message is for the designated recipient only and may contain privileged, proprietary, or otherwise private information.
If you have received it in error, please notify the sender immediately and delete the original.
Any other use of the email by you is prohibited.
",Room for Tomorrow's Meeting,"[수신자] 님,

[이름1]께서 내일 회의를 위해 회의실을 예약해 두셨으니, 아마 이미 일정에 포함되어 있을 것입니다.
참고로, 저희 회의는 **[회의실/장소명]**에서 진행될 예정입니다.

오전 10시에 뵙겠습니다.

※ 이 메시지는 지정된 수신자에게만 전달되며, 기밀 또는 비공개 정보가 포함되어 있을 수 있습니다.
수신자가 아닌 경우, 즉시 발신자에게 알려주시고 이 메시지를 삭제해 주시기 바랍니다.
무단 열람, 복사, 배포 또는 사용은 엄격히 금지되어 있습니다.

감사합니다.
[발신자]"
"Phillip,  Thank you for meeting with us today.
I want to take a few minutes to summarize the decisions that came out of our meeting.
1.
Feedback Approach: We will incorporate the ideas and suggestions you gave us and move forward with this approach.
2.
SME Review of Knowledge System Topics: When the time comes for Topics reviews, we will send you the name of the SME who is responsible for sign-off on each topic.
3.
Conversion and Arbitrage Problems: We will brainstorm ways to incorporate more problems without going over our 4-6 hour target.
We will meet with you next Tuesday at 10:00 to review the problems as we've designed them so far and arrive at a solution.
(I will send an e-mail Monday with the room number.)
Have a good weekend.
Mery   This message is for the designated recipient only and may contain privileged, proprietary, or otherwise private information.
If you have received it in error, please notify the sender immediately and delete the original.
Any other use of the email by you is prohibited.
",Summary of Today's Meeting,"안녕하세요, [수신자] 님.

오늘 회의에 참석해 주셔서 감사합니다.
다음은 회의에서 논의된 주요 결정 사항의 요약입니다:

1. 피드백 접근 방식: 귀하의 아이디어와 제안을 반영하여, 해당 접근 방식으로 진행하기로 하였습니다.

2. 전문가(SME)의 주제 검토: 주제별 검토가 진행될 때, 해당 주제의 승인을 담당할 SME 명단을 공유드릴 예정입니다.

3. 전환 및 이슈 통합: 목표 시간(예: 4~6시간)을 초과하지 않으면서도 더 많은 사례를 통합할 수 있는 방법에 대해 추가 논의하기로 했습니다.

다음 회의는 **[요일] 오전 [시간]**에 예정되어 있으며, 그 자리에서 지금까지 설계된 항목을 함께 검토하고 해결방안을 논의할 계획입니다.
(회의실 정보는 전날 이메일로 별도 안내드릴 예정입니다.)

좋은 하루 보내시길 바랍니다.
감사합니다.
[발신자]"
"Phillip,  I will get a room for our Wednesday 10:00 meeting and e-mail you with the room number.
FYI, our goal is to discuss the expert path (best answers) for the storage problem and to ask you some specific questions regarding storage.
Also, if you have time, could you send me a definition of Intra-Month Risk?
Thank you for your help.
",Wednesday Meeting,"안녕하세요, [수신자] 님.

[요일] 오전 [시간]에 예정된 회의를 위해 회의실을 예약한 후, 방 번호를 이메일로 안내드릴 예정입니다.

이번 회의의 주요 목적은 [주제]와 관련된 전문가의 관점을 공유하고, 관련 질문들을 보다 구체적으로 논의하는 것입니다.

또한 시간이 되신다면, [정의/자료명] 문서도 함께 공유해 주실 수 있을까요?

항상 협조해 주셔서 감사합니다.
좋은 하루 보내세요.

감사합니다.
[발신자]
"
"To all of our esteemed & prized Internet Banking  (IBS) Clients:  You probably have begun to wonder does anyone ever return phone calls (or e-mails).
We really do but have been holed up trying to complete this project ASAP.
We knew that this might upset some clients, but we found that this is the quickest way to fix this problem and get our users back on-line.
We have finalized the movement of your customer account #s and re-linked your additional accounts back to your primary Login ID (Acct #).
This process was more daunting than we anticipated and having to verify 1100 IBS users and account #s (to insure your data integrity and confidentiality) was even more grueling than expected.
After verifying data and Login IDs, we believe that we are on the right track.
Some of you (our IBS clients) might notice your accounts displayed more than once or additional accounts displayed that you may (or may not) want displayed on your IBS screen.
Should this be the case, please e-mail (or phone) the information to us and we will remove this information right away.
To our IBS Billpayer clients:  During this process, we seem to have misplaced (blown away) your bill payment information (particularly anyone that has [had] reoccurring payments scheduled to process on particular days).
This has become our highest priority to retrieve this information, thus alleviating the process of having to request that our IBS Billpayers re-enter this information.
We are going to waive all bill payment charges for the months of November & December, 2001 to try and regain your confidence (and support).
Again, we deeply express our regrets and hope that we (yourselves and ourselves) do not have to go through this process again.
Should you be one of our IBS clients that still has not gained access to your account information, please refer to the following information:
",How do I eat crow and still make it tasty???????,"존경하는 고객 여러분께,

최근 시스템 전환과 관련된 불편에 대해 진심으로 사과드립니다.
여러분 중 일부는 저희가 전화나 이메일에 응답하고 있는지 궁금해하실 수 있습니다.
현재 저희 팀은 서비스 정상화를 최대한 신속히 완료하기 위해 전력을 다하고 있으며, 모든 문의에 순차적으로 응답드리고 있습니다.

이번 조치가 일부 고객님께 불편을 드릴 수 있다는 점을 저희도 잘 알고 있으며, 보다 빠르고 안정적인 시스템 제공을 위한 최선의 방법이라 판단하여 시행한 조치입니다.
현재 고객님의 계정 정보 통합 및 로그인 정보 정비를 마쳤으며, 추가 계정 연결 및 확인 작업도 진행 중입니다.

일부 고객님께서는 화면에 중복 계좌 또는 원치 않는 계좌가 표시되는 현상을 경험하실 수 있습니다.
이 경우 이메일이나 전화로 알려주시면, 신속히 조치해 드리겠습니다.

정기 결제 기능을 이용하시는 고객님께 안내드립니다:
일부 고객의 청구 정보 또는 자동 결제 예약 내역이 손실되었을 수 있습니다.
저희는 이 정보를 복구하는 데 최우선으로 노력하고 있으며, 그동안의 불편에 대한 조치로 특정 기간의 청구 수수료를 전액 면제해 드릴 예정입니다.

고객님의 신뢰와 성원에 진심으로 감사드리며, 향후 동일한 문제가 재발하지 않도록 최선을 다하겠습니다.

계정 접근에 어려움이 있으시거나 추가 도움이 필요하신 경우, 별도 안내드린 절차에 따라 문의해 주시기 바랍니다.

감사합니다.
[발신자]"
"Wade,   I understood your number one priority was to deal with your vehicle  situation.
You need to take care of it this week.
Lucy can't hold the  tenants to a standard (vehicles must be in running order with valid stickers)  if the staff doesn't live up to it.
If you decide to buy a small truck and  you want to list me as an employer for credit purposes, I will vouch for your  income.
Phillip
",For Wade,"안녕하세요, [수신자] 님.

현재 차량 관련 문제를 우선적으로 해결해야 하는 상황임을 잘 알고 있습니다.
이번 주 안에 처리하시는 것이 중요해 보입니다.

[이름1] 님은, 직원들이 해당 조건을 충족하지 못할 경우 **입주자에게 차량 기준(예: 유효한 스티커 부착 및 작동 상태 유지)**을 적용하기 어렵다고 설명하셨습니다.

또한, 소형 차량 구매를 결정하셨고, 그 과정에서 신용 관련 서류에 저를 고용주로 기재하고자 하신다면,
귀하의 소득을 제가 보증해 드릴 수 있습니다.

감사합니다.
[발신자]
"
"Will,   Here is a list of the top items we need to work on to improve the position  and p&l reporting for the west desk.
My underlying goal is to create position managers and p&l reports that  represent all the risk held by the desk and estimate p&l with great accuracy.
Let's try and schedule a meeting for this Wednesday to go over the items  above.
Phillip
",Priority List,"안녕하세요, [수신자] 님.

포지션 및 손익 보고 체계 개선을 위해 검토해야 할 주요 항목 목록을 정리했습니다.
이번 작업의 핵심 목표는, 보유 중인 모든 리스크를 반영하고 손익을 보다 정밀하게 추정할 수 있는 포지션 관리 및 손익 보고 체계를 구축하는 것입니다.

이와 관련하여 함께 논의하기 위해 [요일]에 회의 일정을 조율해보면 좋겠습니다.

감사합니다.
[발신자]"
"Christy,   I read these points and they definitely need some touch up.
I don't  understand why we need to give our commentary on  why prices are so high in  California.
This subject has already gotten so much press.
Phillip
",Talking points about California Gas market,"안녕하세요, [수신자] 님.

해당 요점을 검토해보았는데, 일부 내용은 분명히 수정이 필요해 보입니다.
특히 [특정 주제]에 대한 해설이 왜 필요한지에 대해서는 조금 의문이 듭니다.
이 사안은 이미 다양한 매체에서 충분히 다루어진 만큼, 반복 설명이 꼭 필요한지 다시 고민해보면 좋겠습니다.

감사합니다.
[발신자]"
"Jed,   I understand you have been contacted regarding a telephone interview to  discuss trading opportunities at  Enron.
I am sending you this message to  schedule the interview.
Please call or email me with a time that would be  convenient for you.
I look forward to speaking with you.
",Enron,"안녕하세요, [수신자] 님.

[기업명]과 관련된 거래 기회에 대해 논의할 전화 인터뷰와 관련해 연락을 받으셨다고 들었습니다.
이 인터뷰 일정을 조율하기 위해 이 메시지를 드립니다.

편하신 시간을 알려주시면, 전화 또는 이메일로 연락드리겠습니다.

통화할 수 있기를 기대합니다.

감사합니다.
[발신자]"
"Griff,    Can you accomodate Dexter as we have in the past.
This has been very helpful  in establishing a fair index at Socal Border.
Phillip  Please cc me on the email with a guest password.
The sooner the better as  bidweek is underway.
",NGI access to eol,"안녕하세요, [수신자] 님.

과거와 마찬가지로 [이름1]를 수용할 수 있을지 여쭙고 싶습니다.
이러한 방식은 [특정 지역]에서 공정한 기준을 마련하는 데 큰 도움이 된 바 있습니다.

또한, **게스트 비밀번호와 함께 이메일에 저를 참조(참석자 포함)**해 주시기 바랍니다.
현재 입찰 관련 일정이 진행 중이므로, 가능한 한 빠르게 처리해 주시면 감사하겠습니다.

감사합니다.
[발신자]"
"Lucy,  The apartments that have new tenants since December 15th are:   1,2,8,12,13,16,20a,20b,25,32,38,39.
Are we running an apartment complex or a motel?
Please update all lease information on the 1/12 rentroll and email it to me  this afternoon.
Phillip
",updated lease information,"안녕하세요, [수신자] 님.

12월 15일 이후로 새로운 입주자가 들어온 아파트는 다음과 같습니다:
1, 2, 8, 12, 13, 16, 20a, 20b, 25, 32, 38, 39

우리는 아파트 단지를 운영하는 것인지, 모텔을 운영하는 것인지 다시 한번 생각해보게 됩니다.
1월 12일 기준 임대료 목록에 포함된 모든 임대 정보를 업데이트하여 오늘 오후까지 이메일로 보내주시기 바랍니다.

감사합니다.
[발신자]"
"Liane,   As we discussed yesterday, I am concerned there has been an attempt to  manipulate the  El Paso San Juan monthly index.
A single buyer entered the  marketplace on both September 26 and 27 and paid above market prices  ($4.70-$4.80) for San Juan gas with the intent to distort the index.
At the  time of these trades, offers for physical gas at significantly (10 to 15  cents) lower prices were bypassed in order to establish higher trades to  report into the index calculation.
Additionally, these trades are out of  line with the associated financial swaps for San Juan.
We have compiled a list of financial and physical trades executed from  September 25 to September 27.
These are the complete list of trades from  Enron Online (EOL), Enron's direct phone conversations, and three brokerage  firms (Amerex, APB, and Prebon).
Please see the attached spreadsheet for a  trade by trade list and a summary.
We have also included a summary of gas  daily prices to illustrate the value of San Juan based on several spread  relationships.
The two key points from this data are as follows:   1.
The high physical prices on the 26th & 27th (4.75,4,80) are much greater  than the high financial trades (4.6375,4.665) on those days.
2.
The spread relationship between San Juan and other points (Socal &  Northwest)  is  consistent between the end of September and         October gas daily.
It doesn't make sense to have monthly indeces that  are dramatically different.
I understand you review the trades submitted for outliers.
Hopefully, the  trades submitted will reveal counterparty names and you will be able to  determine that there was only one buyer in the 4.70's and these trades are  outliers.
I wanted to give you some additional points of reference to aid in  establishing a reasonable index.
It is Enron's belief that the trades at  $4.70 and higher  were above market trades that should be excluded from the  calculation of index.
It is our desire to have reliable and accurate indeces against which to  conduct our physical and financial business.
Please contact me  anytime I can assist you towards this goal.
Sincerely,
",San Juan Index,"안녕하세요, [수신자] 님.

어제 논의한 내용과 관련하여, 최근 월간 지수에 영향을 미치려는 시도로 보이는 거래 활동에 대해 우려하고 있습니다.
특정 참여자가 시장 평균보다 높은 가격으로 거래를 체결하여 지수를 왜곡하려는 의도를 보였으며, 이로 인해 일부 합리적인 제안 가격이 무시된 사례가 확인되었습니다.

해당 거래들은 관련 파생상품 가격과도 일치하지 않으며, 저희는 거래 내역 및 관련 데이터 목록을 정리해두었습니다.
첨부된 파일에는 거래 목록, 요약 정보, 시장 가격 요약 등이 포함되어 있으며, 이는 특정 날짜의 가격 왜곡 가능성을 설명하는 데 도움이 될 것입니다.

저희는 지수 산정 기관이 제출된 거래 중 이상 거래를 식별하고, 시장 평균과 현저히 차이 나는 거래는 지수 산정에서 제외되기를 희망합니다.
신뢰할 수 있는 시장 지수 확보는 실물 및 파생 거래의 투명성과 신뢰성을 위해 필수적이며, 이에 도움이 될 수 있다면 언제든지 협력할 의사가 있습니다.

감사합니다.
[발신자]"
"All -    In preparation for another round of Trading Track interviews for the ENA group, please be aware of the following dates...   October 10 - October 16 :  Initial phone interviews by two traders for External candidates.
October 24, 3:00 - 6:00pm :  Final interviews for internal and external candidates.
Please send either Karen Buckley or me the names of internal individuals who you feel would be a great candidate for the ENA Trading Track.
We look forward to your active participation.
Kind regards,
",ENA Trading Track Interviews,"모두에게,
[부서명]의 [프로그램명] 면접 일정을 준비하기 위해 아래 일정을 참고해 주세요.

[날짜1] - [날짜2]: 외부 지원자를 대상으로 2명의 면접관이 진행하는 초기 전화 면접

[날짜3], 오후 [시간1] - 오후 [시간2]: 내부 및 외부 지원자를 대상으로 하는 최종 면접

[이름] 또는 저에게 해당 프로그램에 적합하다고 생각되는 내부 인재 추천자 명단을 전달해 주세요.
여러분의 적극적인 참여를 부탁드립니다.

감사합니다.
[발신자]"
"Gentlemen  I wanted to provide you an update on the status of the Refco private label platform deal.
We have had several meetings since I first presented the idea to you all.
Unfortunately, Refco's headquarters was in One World Financial Center which was severely damaged by debris from the World Trade Center collapse.
They suffered no human losses from the disaster, but their offices are off limits and all their computers and paper files are inaccessible for the time being.
They are up and running out of a Jersey City location with some back up capability.
To briefly summarize the discussion so far, ENW would build a Refco branded platform similar to EOL that would be accessed by Refco's customers.
Enron would provide transactable prices to the site with wider spreads and potentially smaller minimum volumes.
Refco customers would transact on the site with Refco as their counterparty and Refco would sleeve the transactions to Enron allowing us to consolidate our credit risk to a singular credit, Refco.
The products contemplated include various Nymex look-a-like products and other liquid swaps in oil, natural gas, and electricity.
Revenue would come to Enron in the form of license fees for the platform, transaction fees, and origination from the additional volume create by the wider margin products.
Revenue would come to Refco in the form of transaction fees.
Refco has a similar arrangement in place for FX with Dresner bank and have announced a similar platform for bonds and securities with Cantor Fitzgerald/E-speed.
All that being said, they are anxious to move the discussion forward and we have planned a visit for them to come to Houston in 2 weeks.
Attending will be Gary Weiss, SVP Refco Group Ltd. LLC and President & CEO of Refco F/X Ltd LLC, and Joe Murphy, CEO Refco Futures Ltd. LLC.
The purpose of this visit is for them to give us a presentation on the Refco Group of companies, discuss the products and estimations of revenue streams based on their current futures business, and discuss the possible structure of the deal.
The meeting is scheduled to begin at 2:30pm Thursday Oct 4 and expected to last the balance of the day and possibly into the next morning.
I will approach you all individually to get your feedback on how you would like to interact with them and when.
I realize there are significant issues to be addressed.
Refco currently has some 175,000 collateralized customer accounts ranging from Institutional Investors & locals down to individuals.
We have put these into 2 buckets which have different profiles.
Phase 1 would include the Top 2000 accounts which are largely substantial institutional investors, locals, and high net worth individuals.
If this proves successful, phase 2 would be rolled out with products designed to attract activity from the smaller investors.
The idea would be to automate the products as much as is practical.
Mark Tayor in Legal has already spoken with their counsel and is comfortable that they have reviewed all the legal angles thoroughly.
Refco advises that if the have accounts back up by collateral guaranteed by them, they become Eligible Contract Participants (ECPs) able to execute derivatives.
So, they believe that the majority of the 175,000 accounts they have could be ECPs for the purposes of this deal.
Credit is reviewing the Refco financials and we plan to discuss this thoroughly during their visit.
Please do not hesitate to contact me at x36413 if you have any questions or comments and I will be getting in touch with you early next week to get your feedback.
Regards
",REFCO Project Update,"안녕하세요,

[프로젝트명] 플랫폼 거래에 대한 진행 상황을 공유드립니다.

이 아이디어를 처음 제안한 이후로 여러 차례 논의가 있었으며, 현재까지의 논의 내용을 간단히 정리하면 다음과 같습니다:

[기업명]는 [플랫폼명]과 유사한 자체 플랫폼을 구축할 예정이며, 사용자는 해당 플랫폼을 통해 [기업명]를 상대방으로 거래할 수 있습니다.

[기업명1]은 거래 가격을 제시하며, 거래는 [기업명1]을 통해 중개되어 신용 위험을 통합적으로 관리할 수 있게 됩니다.

주요 수익원은 플랫폼 라이선스 수수료, 거래 수수료, 마진 기반의 추가 거래 수익 등입니다.

향후 2단계로 더 많은 소규모 고객 대상 상품도 출시할 수 있습니다.

한편, [기업명] 본사는 최근 예기치 못한 상황으로 인해 임시 사무소에서 운영 중이며, 법무팀 및 신용 관련 검토도 진행 중입니다. 고객 계정의 대부분은 관련 규정을 충족하는 것으로 판단됩니다.

이에 따라, [날짜]에 [기업명] 대표자들이 방문하여 사업 모델, 수익 추정, 구조 옵션 등을 논의할 예정입니다. 개별적인 참여 가능 여부에 대해 추후 연락드리겠습니다.

궁금한 점이나 의견이 있으시면 언제든지 연락 주세요.

감사합니다.
[발신자]"
"i hpe thingsa re ok for you.obviously a shit load of rumours circulating .
we both know youll be ok personally but cant be fun.
if i can help you know where im at.
be cool
",stuff,"안녕하세요,
최근 여러 이야기가 오가고 있지만, 당신이 무사하길 바랍니다.
우리 모두 당신이 개인적으로 잘 지내고 있으리라 믿지만, 지금 상황이 쉽지 않을 것 같다는 생각도 듭니다.
제가 도움이 될 수 있다면 언제든지 알려주세요.
마음을 편히 가지시길 바랍니다.

[발신자]"
"Front to backs are huge Is the delivered basis market holding value or is it getting crushed?.
Heard about el paso oct feb roll, from where I'm at, thinking selling Oct and going long Feb phys is better than feb merc, rather stack length in winter front and bet on hording of existing storage given forecast At these levels I like owning winter physical against NYMEX short?Is the bias that the EFP's blow out further?
Frank
",Trade idea,"[수신자],

현재 시장 상황과 관련하여 몇 가지 검토 사항을 공유드립니다.
전달 기준 시장이 여전히 가치를 유지하고 있는지, 혹은 하락세에 접어들었는지에 대해 내부적으로 논의 중입니다.

제가 확인한 바로는 특정 월물 간 스프레드 전략(예: 단기물 매도, 장기물 매수)이 단순한 선물 포지션보다 더 유리할 수 있다는 의견이 있습니다. 특히 겨울철 예상 수요와 관련된 전략적 포지션 설정이 논의되고 있습니다.

현재 수준에서 물리적 계약의 보유가 선물 숏 포지션 대비 장점이 있는 것으로 보이며, EFP(Exchange for Physical)에 대한 가격 움직임도 주시할 필요가 있습니다. 혹시 관련 의견이나 시장 전망이 있으시면 공유 부탁드립니다.

감사합니다.
[발신자]"
"John,  As discussed, the AIG exposure is $57MM, and it is distributed among the price, option, and exotic books.
The attached spreadsheet details the dollar value and volume by month by book.
Please call if you have questions.
Tanya
",AIG positions,"[수신자],

논의한 바와 같이, 관련 노출 규모는 총 5,700만 달러이며, 다양한 상품과 포지션에 분산되어 있습니다.
첨부된 스프레드시트에는 각 포트폴리오별로 월별 달러 가치 및 거래량이 상세히 정리되어 있습니다.

추가로 궁금한 사항이 있으시면 언제든지 연락 주세요.

감사합니다.
[발신자]"
"The following reports have been waiting for your approval for more than 4 days.
Please review.
Owner: Justin K Rostant Report Name: Rostant 112001 Days In Mgr.
Queue: 5
",Expense Reports Awaiting Your Approval,"다음 보고서는 4일 이상 승인을 기다리고 있습니다.
검토해 주세요.
소유자: [이름] 보고서 이름: [보고서 이름].
대기열: 5"
"John,  I am performing code updates to the stand-alone EOL workstation WNAEOL-48101 this evening and wanted to check with you to see at which point it would be convenient for you.
I assume after the business day would be acceptable and my intent is to start near 6:00 p.m. or, at any time you decide is convenient for you.
I called a short while ago and will do so again before proceeding, but if you receive this email and need to contact me, you may reach me at extension 5-7004.
Thanks.
Chris Jeska Terminal Server Operations.
",EOL Code Update,"[수신자],

오늘 저녁에 [시스템/기기명]에 대한 업데이트 작업을 진행할 예정입니다.
작업 시작 시간은 업무 시간이 끝난 이후, 예를 들어 오후 6시경을 고려하고 있으나, 보다 편리한 시간이 있다면 알려주시기 바랍니다.

작업 전에 다시 연락드릴 예정이며, 혹시 이 이메일을 먼저 보시고 조율이 필요하시면 내선 [전화번호]로 연락 부탁드립니다.

감사합니다.
[발신자]
[부서]"
"I would like to set up a brief meeting in the afternoon this week or next, to discuss increasing the liquidity in west basis on EOL.
It would be helpful for our desk to sit down with John Arnold and John Lavorato to openly discuss the importance of continuing to increase liquidity on EOL.
I would also like to put to rest the notion that increasing liquidity leads to negative P&L and that a Trader's support of EOL liquidity will go unrecognized at year end PRC.
Please email me with a response of when we could set up such a meeting.
Sincerely,
",Increasing EOL liquidity in West Basis,"[수신자],

이번 주 또는 다음 주 오후 중으로 [플랫폼/시스템명]에서 [지역/부문] 기준 유동성 확대에 대해 간단한 회의를 설정하고자 합니다.
[관련자1], [관련자2]와 함께 직접 만나 해당 플랫폼 내 유동성 확대의 중요성을 공유하는 자리가 되었으면 합니다.

또한 유동성 확대가 손익(P&L)에 부정적 영향을 미치거나, 이를 지원한 직원이 연말 평가에서 인정받지 못할 수 있다는 우려를 해소하고자 합니다.

회의 일정을 정할 수 있는 시간을 알려주시면 감사하겠습니다.

감사합니다.
[발신자]"
"These were the messages in your voicemail:  1.
10/18/01 - Margaret Allen ....needed your advice on whether her sister should take job with Cal-Pine or Kinder Morgan  2.
10/19/01 - Adrianne Engler ....regarding candidantes that you were suppose to phone interview.
(you have sent her an email since this)  3.
10/23/01 - Bob Shults(X3-0397)....they met with Nymex last week and are getting ready send the proposal ont eh document you saw last week.
He wants to make sure that you                                          are okay with this and dont have any issues.
",Confidential - Voicemail Messages,"음성 메일에 적힌 메시지는 다음과 같습니다.
[날짜] - [이름]
가족 구성원이 [기업명] 또는 [기업명1]에서 경력을 시작하는 것에 대한 조언을 요청함.

[날짜] - [이름1]
전화 인터뷰 대상자에 대한 논의. (관련 내용은 이후 이메일로 전달됨)

[날짜] - [이름2]
최근 회의 및 문서 검토 후 제안서 발송 준비 중이며, 이에 대한 확인 및 승인을 요청함."
"Hey there.
We are going to be at Front Porch today if you aren't busy later.
You are invited to stop by and wear my necklace if you want.
Has your week been better than last week?
Talk to you soon.
Kim
",hi,"안녕하세요.
오늘은 [장소]에 있을 예정입니다.
혹시 시간이 괜찮으시다면 들러주셔도 좋습니다.
제 소지품 관련해서 필요하시면 사용하셔도 됩니다.
지난주보다 이번 주는 좀 나아지셨나요?
조만간 이야기 나눌 수 있으면 좋겠습니다.

[발신자]"
"John, Would you have 45 minutes later this week for Eric and myself?
We'd like to give you a quick update on whats happening in the Atlantic basin in LNG, and also get an update from you on where the US Natgas market is heading.
Thanks,
",LNG Update,"[이름],
이번 주 후반에 저와 [이름1]을 위해 약 45분 정도 시간을 내주실 수 있을까요?
[주제] 분야에서 최근 동향을 간단히 공유드리고, 관련 시장의 향후 방향성에 대한 업데이트도 받고 싶습니다.
감사드립니다.

[발신자]"
"My email system has recently developed a glitch.
It has come to my attention that some emails have been sent to me, but I never received them.
When this happens, the system does not return a 'mail not delivered' message to the sender.
If you have sent an email to me in the last couple weeks expecting a response, but did not hear back from me or my office, please call us.
I apologize for any misunderstanding or inconvenience.
Of course, issues requiring a timely response are always best handled over the phone, and until my email system is fixed it is best to either call me or email Rafael (rafael.herrera@ubspainewebber.com).
Thank you for your understanding.
> Michael Gapinski > Account Vice President > UBS PaineWebber, Inc. > Corporate Employee Financial Services > 713-654-0365 > 800-553-3119 x365 > Fax: 713-427-7539 > Cell: 281-435-0295 michael.gapinski@ubspainewebber.com  ****************************************************** Notice Regarding Entry of Orders and Instructions: Please do not transmit orders and/or instructions regarding your UBSPaineWebber account(s) by e-mail.
Orders and/or instructions transmitted by e-mail will
",Email Problems,"최근 이메일 시스템에 문제가 발생하여 일부 수신되지 않은 메시지가 있는 것을 확인했습니다.
이 경우에도 발신자에게 '메일 전달 실패' 알림이 자동으로 발송되지 않을 수 있습니다.
최근 몇 주 동안 제게 회신을 기대하며 이메일을 보내셨지만, 답변을 받지 못하셨다면 전화로 연락 부탁드립니다.
이로 인해 불편을 드려 죄송합니다.
긴급하거나 중요한 내용은 당분간 전화로 연락주시거나, [이메일 주소]로 이메일을 보내주시면 감사하겠습니다.
이해해 주셔서 감사합니다.

[발신자]"
"John:  The Enron deal at Elba Island amounts to a sendoout capacity of 160mmcf/d for 17 years.
This will be tough to fill as the majority of existing supply exceeds the max heat rate-I would look for Enron to get out of this in some way.
Enron is currently having discussions with El Paso as to whether this contract goes into effect Oct 1st 2001 or Jan 1st 2002.
Elba Island has recently said that they will be running in Q4 although many still doubt it.
Attached is a file that lists the terminals, their capacity owners, facility owners, expansion plans, and supply situation.
Let me know if you have any more questions.
",LNG,"[수신자],
[지명된 프로젝트 또는 거래]는 장기적인 송출 용량을 포함하고 있으며, 현재의 공급 조건으로는 해당 용량을 완전히 활용하기 어려울 수 있습니다.
[기업명]이 이 문제를 어떻게 해결할지에 대한 논의가 진행 중입니다.
또한, 계약의 발효일과 관련하여 서로 다른 시작 시점에 대해 논의되고 있습니다.
프로젝트는 예정된 일정대로 진행 중이나, 여전히 일정에 대한 우려가 존재합니다.
첨부 파일에는 관련 시설, 참여 주체, 확장 계획, 공급 현황 등이 요약되어 있습니다.
궁금한 점이 있으시면 언제든지 알려주세요.

[발신자]"
"Our group has been selling NOV to hedge our short basis position.
Our phys fixed priced liquidity this morning put us in a longer nov nymex position.
We have sold 872 since 11:00 am.
Grigsby
",nov nymex,"[수신자],
저희 팀은 단기 기준 포지션에 대한 헷지를 위해 [상품명]을 매도했습니다.
오늘 오전, 실물 고정 가격 유동성의 변화로 인해 저희는 더 긴 [계약명] 포지션을 보유하게 되었습니다.
이에 따라 오전 11시 이후로 총 [수량]을 매도했습니다.
궁금한 점이 있으시면 알려주세요.

[발신자]"
"John and Dutch -  This email is sent to discuss what is needed with respect to NYMEX quotes from the broker market.
Simply put, we need quotes on every forward term for which we currently have positions.
It seems that the best way to obtain relevant information would be to ask for the following:  1.
Annual quotes (a quote for 2003, a quote for 2004, etc.)
2.
Seasonal quotes (winter '03, summer '04, etc.)
In short, try to obtain pricing to match any positions which we currently have in the books.
I know that this will be difficult to accomplish, but please do what you can.
We need these quotes for every day starting with Nov 28 through today.
We will continue to need daily updates for the immediate future.
Also, I am aware that our current position doesn't give us much stroke to ask for a lot of pricing data.
However, this information is critical as it will be needed for calculation of termination values.
Please do whatever you can to obtain as much data as possible.
Additionally, we need to get quotes from as many different brokers as possible to help verify pricing.
Please let me know if the brokers are not accomodating your requests; we may need to ask John or Louise to place calls into the brokers to move this process along.
If you have any questions or comments, you can normally find me in the ""war room"" next to Louise's office.
If I'm not there, please call me at (713) 927-3003 or at ext 53923.
Thanks,
",Broker Quotes - PLEASE READ,"[수신자],
이 메시지는 브로커 시장에서 특정 선물 가격에 대한 데이터를 수집하기 위한 요청 사항을 전달하기 위해 보냅니다.

간단히 말씀드리면, 현재 보유 중인 모든 포지션에 대해 다음과 같은 형식으로 견적 데이터를 확보하려고 합니다:

연간 단위 견적 (예: [연도] 견적)

계절별 단위 견적 (예: [연도] 겨울, [연도] 여름 등)

현재 장부와 일치하는 가격 정보를 수집하는 것이 목표이며, 가능하면 지난 [날짜]부터 오늘까지의 일일 데이터를 포함해야 합니다.
향후에도 매일 업데이트가 필요합니다.

포지션이 많지 않다는 점은 알고 있지만, 종료 가치를 정확히 산정하기 위해 이 정보는 매우 중요합니다.
가능한 많은 데이터와 다양한 브로커로부터의 견적을 확보해 주세요. 요청에 응답하지 않는 브로커가 있다면 알려주시기 바랍니다. 필요한 경우 담당자에게 직접 연락해 협조를 요청할 수 있습니다.

추가 문의사항이 있으시면 [장소] 또는 [연락처]로 연락 주세요.
감사합니다.

[발신자]"
"I left a message earlier with your assistant.
My contact information is below, please touch base with me as soon as possible.
I am working on a project that is very pressing.
",Contact,"[수신자],
이전에 귀하의 비서에게 메시지를 남긴 바 있습니다.
제 연락처는 아래에 기재되어 있으니, 가능한 한 빠른 시일 내에 연락 부탁드립니다.
현재 매우 긴급한 프로젝트를 진행 중입니다.

감사합니다.
[발신자]"
"John, 	I will have my cell with me until Saturday the 22nd.
713-569-4684.
From the 22-29th please reach me at 781-830-9199.
I will be out of the country but checking in at that number.
I will call you tonight to make sure that this information has made it to you.
Thanks-Jeb
",info,"[수신자],
저는 [날짜1]까지는 제 휴대전화 [전화번호]로 연락 가능합니다.
[날짜2]부터 [날짜3]까지는 [전화번호1]로 연락해 주세요. 해외에 있지만 해당 번호로 연락을 받을 수 있습니다.
오늘 저녁에 연락드려 이 정보가 전달되었는지 확인하겠습니다.
감사합니다.

[발신자]"
"John -  I want to confirm that you received the literature on the UBS PaineWebber Private Equity Fund III and the Tamarack Fund.
The Private Equity III literature refers to a December 17 closing date; however, we have extended that closing, so you may still be able to participate.
Have you reviewed the material, yet?
Thanks,
",Private Equity Fund,"[수신자] – 이전에 발송된 [펀드명1] 및 [펀드명2] 관련 자료를 받으셨는지 확인하고자 연락드립니다.
[펀드명1] 자료에는 마감일이 [날짜]로 기재되어 있지만, 현재 마감일이 연장되어 아직 참여가 가능합니다.
자료를 검토해보셨는지 궁금합니다.
감사합니다.

[발신자]"
"Friends:  The NYMEX will be open for a normal trading day today, closing at 2:30 p.m. EST.
The market will remain closed Monday December 24 and Tuesday December 25.
NYMEX ACCESS will reopen the evening of the 25th at 7:00 p.m.
The Exchange will reopen Wednesday morning the 26th at 10:00 a.m. EST.
Happy Holidays!!
BNP PARIBAS Commodity Futures
",NYMEX Holiday Hours,"친애하는 여러분,
[기업명]는 오늘 정상 영업하며, 오후 2시 30분(현지 시간 기준)에 마감합니다.
시장은 [날짜1]과 [날짜2]에 휴장합니다.
[기업명1]는 [날짜2] 저녁 [시간]에 다시 개장하며, 거래소는 [날짜3] 오전 [시간]에 재개장할 예정입니다.

즐거운 명절 보내시기 바랍니다!
[발신자]"
"Brian,  As we discussed earlier today, Enron North America Corp. (ENA) desires to re-establish its account with Paribas.
The purpose of this account would be to sell no more than 2,500 NYMEX natural gas futures contracts to hedge natural gas storage inventory for the months of February, March and April, 2002.
Please advise me as soon as possible regarding what ENA will need to do to re-establish its account.
Please call me with questions at (w) 713-853-7657 or (m) 713-582-8379.
Regards,
",Re-establish ENA's account,"[수신자],
오늘 아침 논의한 대로, [기업명]는 [기업명1]와의 계정을 재설정하고자 합니다.
이 계정의 목적은 특정 월의 자산이나 재고에 대한 헤지를 위한 파생상품 계약(예: 선물 계약)을 일정 수량 이하로 거래하기 위함입니다.
계정 재설정을 위해 [기업명]가 수행해야 할 절차를 가능한 한 신속하게 안내해 주시기 바랍니다.
궁금한 점이 있으시면 [전화번호] 또는 [전화번호1]로 연락 주세요.

감사합니다.
[발신자]"
"You got a notice from Hollywood Video saying you owe $64.99 for a DVD you borrowed on 11/30/01 entitled ""15 minutes"".
You are to enclose the  letter when paying your bill so I am mailing it to you.
Be sure to look for it in the mail.
Also, we need to talk about the weekend of 01/12.
My doctor's appointment has been changed.
Let's talk about it.
Sorry I forgot you went to Belize.
Hope you had a wonderful time.
Hope there weren't any bugs in that thatched roof!
Love you, Mom
",Hollywood video,"[이름],
[날짜]에 대여한 [매체명]에 대한 연체료 청구서를 받았고, 금액은 $[금액]입니다.
청구서 지불 시 동봉해야 할 편지도 함께 우편으로 보냈으니 꼭 확인해주세요.
그리고 내원 일정은 [날짜] 주말로 변경되었습니다.
최근 여행에 대해 미리 말하지 못해 미안해요.
좋은 시간 보냈기를 바라며, 불편한 점은 없었기를 바랍니다.
사랑을 담아,
[발신자]"
,,"[이름], 아래 회의 일정을 일정에 적어주세요."
,,"[장소]에서 분석가 프레젠테이션에 갈 예정입니다.
언제인지 알아보고 일정에 적어주세요."
,,"[이름],
제가 참석한 [조직명] 경영 위원회 회의의 참석자 명단과 각 참석자의 직함 및 주요 책임을 알려주실 수 있을까요?
감사합니다.
[발신자]"
"Ina: 1.
Vacation is fine.
2.
Please put meeting below on calendar.
3.
I am going to analyst presentation at Vanderbilt.
Find out when it is and  put on calendar.
4.
Can you find out who is on the ENA management committee meeting I went to  along with their title and responsibilities.
5.
Can you schedule a meeting for Tuesday or Wednesday late afternoon with  Phillip, Hunter, and Fletch about EOL Thanks.
",Bi-weekly Meeting,"[수신자],
[이름1], [이름2]와 함께 [주제]에 대해 논의할 수 있도록 화요일이나 수요일 늦은 오후에 회의 일정을 잡을 수 있을까요?
감사합니다.
[발신자]"
"I am changing the way the curve is generated starting in Jan 2004 to better  replicate seasonal fundamentals.
There are convincing arguments as to why  the summer/winter spreads should tighten over time.
However, in the previous  methodology they blew out.
For instance summer/winter in Cal 3 was .232  while Cal 10 was .256.
I have added a seasonality dampening function that both contracts the  summer/winter spread and applies a premium to the electric load demand months  of July and August over time.
The formula for the curve remains the same except for a premium lookup for  the month as well as for the year.
These premiums are as follows:  Jan  -.008 Feb -.004 Mar -.001 Apr .002 May .003 Jun .004 Jul .004 Aug .004 Sep .003 Oct .002 Nov -.003 Dec -.006   These premiums start in Jan 2004 On Wednesday Jan 2003 settled 2.959,  the 3/4 spread was marked at .0375, the  4/5 spread was marked at .0475.
In the old methodology Jan 2003  = 2.959 Jan 2004  = 2.959 + .0375 = 2.9965 Jan 2005  =          2.9965 + .0475 = 3.044   In the new methodology Jan 2003  = 2.959 Jan 2004  = 2.959 + .0375 - .008 =2.9885 Jan 2005  = 2.9885 + .0475 -.008 = 3.028  The only change in the formula is from: Month x = Month (x- 1 year) + lookup on year on year table to Month x = Month (x- 1 year) + lookup on year on year table + lookup on month  premium table  The seasonality premiums will change over time and I will let you know when I  change them
",New curve generation methodology,"[발신자]

2004년 1월부터 계절적 요인을 더 잘 반영하기 위해 [시스템/모델/곡선] 생성 방식이 변경되었습니다.
기존 방법론에서는 특정 시계열 요소들이 과도하게 반영되는 문제가 있었고, 이를 개선하기 위해 계절성 감쇠 함수와 월별 프리미엄을 추가하였습니다.

예시와 같이 여름/겨울 스프레드를 조정하고, 7~8월의 계절적 수요 증가에 대응하는 프리미엄이 적용됩니다.
공식 자체는 기존과 동일하나, 연도 및 월별 프리미엄 값을 추가로 반영하는 점이 달라졌습니다.

월별 프리미엄은 다음과 같이 적용되며, 추후 업데이트 시 별도 안내드릴 예정입니다:
1월: -0.008, 2월: -0.004, 3월: -0.001, 4월: 0.002, 5월: 0.003, 6월: 0.004, 7월: 0.004, 8월: 0.004, 9월: 0.003, 10월: 0.002, 11월: -0.003, 12월: -0.006

궁금한 사항이 있으시면 언제든지 문의 주세요."
"Files are bigger than the limit, so I am trying one by one.
Harry,  I don't have access to M:\power2\options.
I'll request the setup, and here are the spreadsheets for vol book.
",vol book spreadsheets,"[발신자]

파일 용량 제한으로 인해 개별적으로 파일을 전송하고 있습니다.
현재 [파일 경로]에 접근할 수 없어 설정 요청을 드릴 예정입니다.
참고로, 첨부된 파일은 [자료명] 관련 스프레드시트입니다.
문의 사항이 있으시면 알려주세요."
"Roland and David  I am attaching the Enron response to your RFP of October 4, 2001.
This proposal is indicative and confidential.
We would be most pleased to discuss this proposal or other approaches/modifications with you.
thank you
",Indicative Enron Proposal for Wallingford,"[수신자1]님, [수신자2]님께,
[날짜]자 귀사의 요청서(RFP)에 대한 [기업명]의 응답을 첨부합니다.
이 제안은 참고용이며 기밀로 취급되어야 합니다.
귀사와 본 제안 또는 관련 접근 방식 및 수정 사항에 대해 논의할 수 있기를 기대합니다.
감사합니다.

[발신자]"
"Dear Rajan,  Sat sri akal.
It was a pleasure to talk to you yesterday.I had discussed with  you our programme for the return journey.Though our return journey is fixed  on 18th of Nov. but due to circumstances as discussed with you yesterday ,we  may have to extend our stay for a couple of months if we could get clearance  from INS for which AP has applied.
In the meantime ,if we could have an  understanding with Dimpy/Ap we may move earlier as planned.
Any case we must  keep more medicines so that at that time we may not have any problem.
I  therefore  will greatly appreciate if you can arrange to get the following  medicines from India with Raj's mother who is coming  in the next month and  then later on these can be sent to us.
STAMLO BETA                 15x10   =150 Tab (15 strips of 10 each) AMLOPRES- AT              15x10  =  150  ""              "" Semi Daonil or Daonil        15x10  =  150   ""              "" Glyciphage 500                  15x10  =  150  ""               "" Premelle' 2.5                        2x28  =    56  ""( 2 pkts.
of 28 each) ( Conjugated Estrogens and Medroxyprogesterone acetate USP)    I am sure you must be sending your authority to MSDANG at Delhi .
I will  talk with u on phone in the evening.
Rest is OK.Winter has started here.
With  our lot of love to you and hope to have a tea -te-te in the evening.
",general welfare,"[발신자]

친애하는 [이름]님,

어제 통화하게 되어 기뻤습니다. 귀국 일정은 현재 [날짜]로 예정되어 있지만, 어제 논의한 상황에 따라 체류 기간이 연장될 수도 있습니다. 다만, 관련 승인 절차에 따라 조정될 수 있습니다.

계획이 변경되지 않는다면 예정대로 귀국할 수 있지만, 만약의 상황을 대비해 필요한 약품을 미리 준비해 두는 것이 좋겠습니다. 이에 따라 다음 달에 오실 [이름1]님의 가족분께 아래 약품을 인도에서 가져와 주시도록 부탁드리겠습니다. 이후 전달해 주시면 감사하겠습니다.

[약품명1] [수량]
[약품명2] [수량]
...
[약품명N] [수량]

필요하다면 관련 약국에 수령 권한을 위임해야 할 수도 있습니다.

저녁에 다시 통화드리겠습니다. 이곳은 점차 겨울로 접어들고 있습니다.
항상 건강하시고, 따뜻한 하루 보내시길 바랍니다.





"
"Dear Harpreet  This final follow-up letter is being sent to you as a reminder that you are eligible for PricewaterhouseCoopers' 2000 tax preparation services.
Our records indicate that we have not received your completed tax data organizer.
As a result, we are unable to begin preparing your tax returns, and consequently there is a risk that you may incur interest and/or late payment penalties.
We urge you to complete the necessary details in the organizer and submit it to us as soon as possible.
Should you have any questions or need your user name/password resent, please email enron.houston.ias@us.pwcglobal.com    If you have any questions, please do not reply to this e-mail directly.
Please contact your PwC representative whose details are listed below:---
",Important Information from PricewaterhouseCoopers IAS-Harpreet   Arora,"[수신자]님께,

이 마지막 안내 메일은 귀하가 [기업명]의 [연도] 세무 서비스 대상자임을 다시 한번 상기시켜드리기 위함입니다. 현재 저희 기록상, 필요한 세무 정보 정리 서류를 아직 제출받지 못한 상태입니다.

이로 인해 세금 신고 준비가 지연되고 있으며, 이자 또는 연체료가 발생할 수 있으니 유의해 주시기 바랍니다.
최대한 빠르게 필요한 정보를 정리하여 제출해 주시면 감사하겠습니다.

질문이 있거나 사용자 이름 및 비밀번호 재전송이 필요한 경우, [이메일 주소]로 문의해 주세요.
(※ 이 이메일에 직접 회신하지 마시고, 아래 담당자에게 연락해 주세요.)

[기업명] 담당자 연락처:
– [연락처 또는 담당자 이름]

감사합니다.
[발신자]"
"Dear PIRA Client,  PIRA has created a new presentation on the world economy.
You can access this presentation via PIRA Online (www.pira.com) by logging in and, from the Client Home page, choosing ""World Economy"" from the ""Macro Data""* drop-down menu at the top of the screen.
We have also updated the existing slideshow accessible from the ""US Economy"" link.
The presentation consists of a table and charts that encapsulate GDP and IP performance, by country/region, for 2000-2002.
It is a useful comparative recap for the existing slideshows on the U.S., European, and Japanese economies.
Given the overall importance of economic trends and their impact on regional and global energy markets, PIRA maintains databases of key economic indicators to support our analyses of energy fundamentals and the associated market forecasts.
These presentations ?
which are updated as new data become available ?
are being made available complimentarily to all PIRA Online users.
If you need a user name and password for PIRA Online, or if you need help logging in, please contact Dyana Rothman at (212) 686-6808, email: support@pira.com.
(*If you are having trouble finding the ""Macro Data"" link, go to the FAQ page on PIRA Online and click on question number 4.)
Gary N. Ross Chief Executive Officer PIRA Energy Group
",PIRA Presentations on the US and World Economy,"[기업명] 고객님께,

[기업명]에서는 세계 경제에 대한 최신 프레젠테이션을 제작하여 제공하고 있습니다.
이 프레젠테이션은 [기업명] Online 웹사이트([웹사이트 주소])에 로그인하신 후, 고객 홈페이지 상단의 “거시 데이터” 드롭다운 메뉴에서 “세계 경제” 항목을 선택하시면 열람하실 수 있습니다.

또한 “미국 경제” 섹션에서 기존 슬라이드쇼도 최신 정보로 업데이트되었습니다.
이번 자료는 2000~2002년의 국가 및 지역별 GDP와 산업생산(IP) 성과를 표와 차트로 요약한 것으로, 주요 국가 경제 동향과 이를 에너지 시장에 적용하기 위한 참고 자료로 활용하실 수 있습니다.

[기업명]은 시장 예측과 에너지 기초 분석을 지원하기 위해 주요 경제 지표 데이터베이스를 지속적으로 관리하고 있으며, 관련 프레젠테이션은 새로운 데이터가 확보될 때마다 업데이트됩니다.
해당 자료는 모든 [기업명] Online 사용자에게 무료로 제공됩니다.

로그인 정보가 필요하시거나 이용에 도움이 필요하신 경우, [이름]([이메일 주소] 또는 [전화번호])에게 문의해 주세요.
또한, “거시 데이터” 항목 찾기가 어려우신 경우 [기업명] Online의 FAQ 페이지에서 질문 4번을 참조하시면 도움이 됩니다.

감사합니다.
[발신자]"
"Harry, Iris and Brandon:  I asked ConEd if they were prepared to hear our OFFER to buy peaking capacity from the Lakewood expansion.
They are ""in the midst of preparing a draft term sheet for purchasing the output/tolling"" so we'll have to wait to see the parameters of sale.
I also asked if they would like to see PJM WEST synthetic toll offer from us.
Unfortunately, NO.
To the extent it matters, the on-line date is now set for late 2002, so they would like to see our offer for a Jan '03 start date.
Given that these guys are doing a real comparison against bricks and mortar, we would be looking at a $63 million option premium for 500MW @ 3.50/KW-mo over a three-year term; $84 million for a four-year term, I would hope we could be able to find a way to hedge the risk of too many $500 hours killing us.
Is there any cap we could buy to protect our downside risk here and still make this deal attractive?
The heat rate call is struck at 10,900!
",ConEd Lakewood Deal (PJM East),"[수신자1], [수신자2], [수신자3]:

최근 확장 프로젝트와 관련해 한 주요 거래처와 대화를 나눴습니다. 해당 거래처는 현재 관련 계약서 초안을 준비 중이며, 이를 기반으로 향후 협상 조건을 검토할 예정이라고 밝혔습니다.

또한, 다른 제안 항목(예: 특정 요율 구조에 대한 접근 방식)에 대해서도 관심을 보였으며, 제안 시기를 특정 시점 이후로 맞춰주기를 요청했습니다.

해당 거래처는 현재 본 제안을 인프라 구축 옵션과 비교 중인 상황이며, 우리는 일정 기간 동안의 고정 용량 조건과 옵션 프리미엄 등을 포함한 구조를 고려하고 있습니다.

다만, 가격 변동성으로 인한 손실 가능성을 감안할 때, 하방 리스크를 효과적으로 관리하면서도 거래의 매력을 유지할 수 있는 조건(예: 가격 상한선 설정 등)에 대해 논의가 필요합니다.

이 사안에 대한 검토와 피드백 부탁드립니다.
[발신자]"
"Harry and Brandon:   Just to memorialize what I just communicated to Harry over the phone.
My interface at TVA emailed yesterday requesting a phone dialogue to discuss where our Synthetic Peaker offer needs to be for TVA to execute.
Holding all assumptions constant, we would need to come in between $2.25-$2.30/KW-month in order for TVA to execute.
Our indicative quote was $3.90/KW-month.
I will attempt to find out if they have other offers in the sub-$2.50 range or if they are just setting their own bid at the requested price.
",TVA Synthetic Peaker,"[이름]와 [이름1]:

방금 [이름2]와 나눈 통화 내용을 공유드립니다.

한 거래처가 저희 제안의 실행 가능성과 관련해 대화를 요청해 왔고, 실행을 위해 고려되는 가격 범위는 기존 예상보다 낮은 수준인 것으로 보입니다.

현재 저희의 제안 가격과 비교해 차이가 있으며, 해당 거래처가 다른 경쟁 제안을 받고 있는지, 혹은 내부적으로 가격을 조정해 대응할 계획인지 파악 중입니다.

[발신자]"
"8214 Colonial Oaks Lane                                                                                                                                             Spring, Texas 77379                                                                                                                                               December 20, 2001 Mr. Harry Arora Regarding: energy trading positions      I am writing to you to express my desire to be apart of the Wholesale Power and Gas Trading operation that will potentially be created with an entity that has a high credit rating.
I have been working for Rogers Herndon in Enron Wholesale Services on the Options Desk.
In this role I have modeled the power options that are embedded in the various deals done through Enron Energy Services with large industrial and commercial clients.
In addition, I profitably managed the positions and priced deals for structurers and originators.
I realize that now is a difficult time but am confident that I would make an excellent addition to your team for several key reasons:   ?
Proven experience in the financial markets and direct trading experience in various markets, including electricity and natural gas, mortgage backed securities, U.S. Treasury securities, foreign exchange, EuroCurrency and EuroDollar deposits ?
Team player and high work ethic, successfully balancing trading opportunities with managing risk ?
Solid portfolio management and risk management experience in electricity and mortgage banking  ?
Five years direct experience in trading, risk management, structured products and marketing of electricity for the United States ?
Actively involved in the physical markets and strong understanding of the western grid ?
Experience trading OTC forwards and options at major hubs in other NERC regions such as Cinergy, Entergy, ERCOT, NEPOOL and PJM ?
Worked for both unregulated power marketers and regulated utility ?
Extensive experience in derivatives and structured products ?
Ability to effectively work with marketers pricing and structuring deals for industrial and commercial end users of energy ?
Strength in mentoring junior traders   Thank you,
",Wholesale Power and Gas Trading operation with new entity,"[수신자]님께,

에너지 거래 포지션과 관련하여, 신용 등급이 높은 법인과 함께 만들어질 수 있는 전력 및 가스 거래 운영에 참여하고자 지원 의사를 전달드립니다.

저는 과거 [기업명]에서 [부서] 소속으로 근무하며 산업 및 상업 고객과의 전력 옵션 거래를 모델링하고, 구조화 상품의 가격 책정 및 수익성 관리 업무를 수행한 경험이 있습니다.

전기·가스, 모기지 증권, 국채, 외환 등 다양한 금융 시장에서의 실무 경험을 갖추었고, 포트폴리오 관리 및 리스크 관리 역량도 탄탄합니다. 특히 물리적 전력 시장과 다양한 NERC 지역 허브(예: Cinergy, Entergy, ERCOT 등)에서의 거래 경험이 있습니다.

또한, 규제 및 비규제 시장에서 모두 활동해 왔으며, 에너지 최종 사용자와의 구조화 협상 및 주니어 트레이더 멘토링에도 강점을 가지고 있습니다.

귀사의 팀에 기여할 수 있는 기회를 갖게 되기를 희망합니다.

감사합니다.
[발신자]"
"Harry,  I spoke with Greg Manako with Exelon last week when you were on vacation.
He had the following comments regarding the HR options you were hearing about in the market place:  	1.
They are not sure of their long term perspective.
Thus, they are focusing on structures that are three years and less.
2.
They are interested in June-September only 	 	3.
They are flexible on the size of the transaction (100-500 MW?)
4.
They want to buy a 10-11 HR and sell a 6-7 HR.
5.
They would like a financially settled transaction.
6.
They would love hourly (virtual peaker) but would settle for daily.
Please let me know your level of interest.
I would like to get something back to them just to start discussions.
In addition,  I am ready to give MidAmerican Energy some indicative numbers whenever you get them.
Thanks,
",Comed Heat Rate Options,"[수신자]님께,

지난주 휴가 중이실 때 [기업명]의 [이름1]와 통화한 내용을 공유드립니다. 아래는 시장에서 들으신 HR 옵션에 대해 그가 언급한 주요 사항입니다:

1. 장기적인 관점에 대한 확신이 부족하여 3년 이하의 구조에 집중하고 있음
2. 6월부터 9월까지의 기간에만 관심이 있음
3. 거래 규모에 대해 유연함 (예: 100~500MW)
4. 1011 HR 구매, 67 HR 매도를 선호함
5. 재정적으로 합의된 구조를 희망함
6. 시간 단위 거래(가상 피커)를 원하지만 일 단위도 수용 가능함

귀하의 관심 여부를 알려주시면, 논의를 시작하기 위해 회신을 드릴 수 있도록 하겠습니다. 또한, MidAmerican Energy 관련 지표 숫자가 있으시면 공유 부탁드립니다.

감사합니다.
[발신자]"
"Harry:   Do you think you'll have a chance to work on the various offers today (i.e.
Dominion, TVA & ConEd)?
If not, could you give me an idea of when this week you think you'll have some time.
Thanks, Greg
",Various Offers,"[수신자],
오늘 다양한 오퍼(예:
[직접 입력])에 대해 작업할 기회가 있을 것 같아요?
그렇지 않다면 이번 주에 언제 시간이 있을 것 같아요?
고맙습니다.
[발신자]"
"Hi Harry,     The Chemist in Delhi (Kuber Chemist ) has requested for the phone number for New Jersey address.
I presume that is required by the courier service in India.
He also mentions that the medicines will take about a week to arrive from the date of departure.
Regards,
",Chemist Request in Delhi,"안녕하세요, [수신자]. 
[이름]의 약사([이름1])가 뉴저지 주소의 전화번호를 요청했습니다.
인도의 택배 서비스에서 요구하는 것 같습니다.
또한 약이 출발일로부터 약 일주일 정도 걸린다고 언급했습니다.
감사합니다."
"We are ready to start using Swaption Volatility Curves in our calcs  I have identified the following regions and terms that need swaption volatilities posted and the values I have currently entered into curve manager.
These values were based on the latest deals or my best guess, as not all the volatilities are consistent across similar deals:  Cinergy, Cal '02, .25 Entergy, Cal '02, .27 Ercot South, Cal '02, .25 Nepool, Cal '02, .3 Nepool, Cal '02, .24 West Hub, Cal '02, .24 West Hub, Cal '03, .28 NY East (zone G), Cal'02-'03, .16 (position in LT-NEMGMT book)  Options Desk: for today only, besides final posting swaption vols for today 11/15 please also final post yesterday 11/14.
Please call if you have any questions.
Michael Mattox x34317
",Swaption Vols,"[수신자]님께,

저희는 현재 계산에 파생상품 변동성 곡선을 사용할 준비가 되어 있습니다.
다음 지역과 조건에 대한 변동성 데이터를 식별하여 Curve Manager에 입력한 상태입니다:

지역 A, 기간 X, 변동성 [변동성]
지역 B, 기간 X, 변동성 [변동성]
지역 C, 기간 X, 변동성 [변동성]
지역 D, 기간 X, 변동성 [변동성]
지역 D, 기간 X, 변동성 [변동성]
지역 E, 기간 X, 변동성 [변동성]
지역 E, 기간 Y, 변동성 [변동성]
지역 F, 기간 X~Y, 변동성 [변동성]

이 수치는 최근 거래 또는 제 판단에 기반한 것이며, 모든 거래에서 완전히 일관되지는 않습니다.

옵션 데스크의 요청에 따라 오늘 날짜 기준([날짜1])의 파생상품 변동성 데이터뿐만 아니라 어제([날짜2]) 기준의 최종 수치도 함께 게시해 주시기 바랍니다.

질문이 있으시면 언제든지 연락 주세요.

감사합니다.
[발신자]
[전화번호]"
"The next options session will be held on Monday, Dec. 3 1:00-2:00 in ECS 05990.
The topic will be ""Options Session 2: Spread Options"", covering crack, heat and spark spreads and will include case studies.
Dave
",Next Options Session & Notes,"[수신자]님께,

다음 교육 세션은 [날짜] [시간]에 [장소]에서 진행될 예정입니다.
이번 세션의 주제는 “[직접 입력]”이며, 관련 사례 연구도 함께 다룰 예정입니다.

관심 있으시면 참석 부탁드립니다.

감사합니다.
[발신자]"
"Harry, we are working on a data project and I have a question for you.
Could you give me a call when you get back from Vacation?-Regards!
Kim
",follow up on important issue,"[수신자]님께,

현재 진행 중인 프로젝트와 관련하여 몇 가지 문의사항이 있습니다.
휴가에서 복귀하시면 연락 부탁드립니다.

감사합니다.
[발신자]"
"*****************************************************************  As a registered Multex Investor member, we will occasionally  contact you with special opportunities provided by our partners.
To unsubscribe to this or any other exclusive offers, please see  the bottom of this message.
*****************************************************************
",Compelling small cap investment opportunity,"등록된 회원님께,
저희는 가끔 파트너가 제공하는 특별 혜택에 대해 안내드릴 수 있습니다.
이 혜택이나 다른 안내 메시지를 더 이상 받고 싶지 않으시다면, 이 메일 하단의 안내를 참고해 구독을 취소하실 수 있습니다."
"The Fourth Quarter and Year 2001 Performance: The model portfolio has  gained 12.78% during the fourth quarter versus a 10.42% gain for the  S&P500.
While the market has not delivered positive returns for the year,  we are happy to point out that the Industry Selector is in positive  territory as the year comes to an end.
The year to date gain of 1.12% is  leading the benchmark by 1407 basis points.
Looking forward to the first quarter of 2002, our Industry Selector favors:  Aerospace/Defense, Auto Parts & Equipment, Communication-Equip/Mfrs.,  Distributors, Electronics (Semiconductors), Electric Companies, Electrical  Equipment, Equipment (Semiconductors), Financial (Diversified), Foods,  Footwear, Health Care (Drugs), Insurance Brokers, Insurance (Life/Health),  Publishing (Newspapers), Retail Stores (Dept.
), Retail Stores (Drug).
(full  article attached)  LJE    www.lajollaeconomics.com
",The Industry Selector*,"[분기 및 연간 실적]
모델 포트폴리오는 해당 분기에 [퍼센트]%의 수익률을 기록했으며, 이는 벤치마크인 [지수명]의 [퍼센트]%보다 높은 성과입니다.
올해 전반적으로 시장 수익률은 부진했지만, 연말 기준으로 저희 포트폴리오는 긍정적인 수익을 기록하고 있음을 기쁘게 생각합니다.
연초 대비 수익률은 벤치마크를 [숫자] 베이시스포인트 앞서고 있습니다.

[다음 분기 전망]
다음 분기를 전망하며, 당사의 모델은 아래 산업 분야에 주목하고 있습니다:
[산업군 목록 예시: 항공우주, 자동차 부품, 통신 장비, 유통, 반도체, 전력, 금융, 건강 관리, 보험, 출판, 소매 등]

(전체 보고서는 첨부된 문서를 참고해 주세요.)
[발신자 또는 기업명]"
"Suresh  For the next two weeks, I'd like you to focus on the following.
1.
Development frame-work and getting Zach upto speed  Specs for Syndication report & testing & production date  Finalize questionnaire and production date  Modifications to Invitee and User stats 2.
EnronOnline auctions - structure, and hash out details to enable kick off 3.
Legal frame-work , shorten contracts for both deal-rooms and auctions 4.
Marketing materials for procurement - and leasing, mail to top 100 list.
5.Complete transfer of operations to Networks group (Sherri Thomas's group) 6.
Budget changes 7.
Finalize hiring needs for Q1 and Q2 8.
Focus each of the marketing leads on revenue, client lists, outreach,  marketing and sales strategy  Ross - procurement  Don - Banks  Toby - Data rooms  Miguel - leases, legal and other data rooms 9.
Dataroom development frame-work   Harry
",Tasks,"[수신자],
앞으로 2주간 아래 항목들에 집중해 주시기 바랍니다.

1. 개발 프레임워크와 관련된 문서 작성, 보고서 작성, 일정 확정 및 사용자 통계 정비
2. 특정 프로젝트(예: 온라인 플랫폼 기능)의 구조 설계 및 실행 준비
3. 계약 관련 문서 간소화 (운영 및 거래 절차 포함)
4. 마케팅 자료 준비 및 대상 고객 목록 발송
5. 운영 팀과의 협업을 통한 시스템 이전 마무리
6. 예산 조정 및 변경 사항 반영
7. 인력 채용 계획의 확정 (1~2분기 기준)
8. 각 마케팅 담당자가 수익 분석, 고객 목록 정비, 홍보/마케팅/영업 전략에 집중
  - 담당자1: 조달
  - 담당자2: 금융
  - 담당자3: 데이터 관리
  - 담당자4: 임대 및 법무 관련 사항
9. 데이터 관리 시스템의 개발 프레임워크 수립

[발신자]
"
"Attached is an announcement about The Periwinkle Foundation Board Retreat.
We will have dinner and the first meeting Friday, June 7, 2002 at 6:30 p.m. at The Houstonian Hotel.
The Houstonian is at 111 N. Post Oak Lane, 77024.
We will have the second meeting Saturday, June 8, 2002 from 9 a.m. to 3:30 p.m. at the Ronald McDonald House.
The Ronald McDonald House is at 1907 Holcombe Blvd, 77030.
Your attendance is very, very important as we will be planning our road map for the next several years.
Please reply to this email and let us know if you will attend one or both meetings.
Thank you for all you do!
Kelley
",Board Retreat,"[수신자]님께,
첨부된 [프로젝트]에 관한 공지를 드립니다.

첫 번째 회의 및 저녁 식사
- 일시: [날짜1] [요일] 오후 [시간]
- 장소: [장소], [주소]

두 번째 회의
- 일시: [날짜2] [요일] 오전 [시작시간] ~ 오후 [종료시간]
- 장소: [장소1], [주소1]

이번 회의에서는 향후 몇 년간의 계획을 수립할 예정이므로, 참석 여부가 매우 중요합니다.
이메일로 회의 참석 가능 여부(한 번 또는 두 번 모두)를 회신해 주세요.

감사합니다.
[발신자]
"
"Since Mr. Bass didn't follow through on our social engagement, I thought I would do so.
Is anyone interested in lunch?
Is tomorrow too early for you all or should we shoot for next week?
Mr.
Hull and I are both available tomorrow.
You guys let me know.
We'll have to go dutch (no more expense report) or one of you UBS people with your big bonuses will have to pick it up!
Let me know.
",Lunch,"[수신자]님께,
[수신자]님께서 이번 사교 모임에 응하지 않으셔서, 제가 대신 연락드립니다.

점심 식사 함께 하실 분 계신가요?
내일이 너무 이르다면 다음 주로 조정해도 괜찮습니다.
[이름]님과 저는 내일 모두 가능한 상태입니다.

여러분의 가능 일정을 알려주시고, 식사는 각자 부담하는 것으로 하면 될 것 같습니다.
또는, 넉넉한 보너스를 받은 분이 한턱 쏘셔도 좋겠네요!

답변 기다리겠습니다.
[발신자]"
"UBS have organized an important meeting  will be held tomorrow for all employees who :   1) have accepted offers or  2) intend to accept offers ( to the best of their knowledge) but who have issues that are being resolved  All employees in these categories should attend  Buses will be provided for those who do not have their own transport and will pick up from the south side of the north building - please assemble in the Java plaza area from 8.30am  to 9.30am ( last bus leaves  @ 9.30 am )  The meeting will last until approximately 1pm  and will be presented by senior managers from UBS on the firm and it's strategy.
There will be breakfast available at the Hotel from 9am to 10am and there will be sandwiches afterwards.
If traveling independently please make sure you leave sufficient time to park (it will be very busy) and get to the Grand ballroom  Employees need to bring their id's or drivers license with them to gain access to the meeting  I'm sorry for the short notice on this - please call out to anyone who should be attending who will not get this message in time    Tammie Schoppe  on behalf of UBS HR
",URGENT REQUIRES IMMEDIATE ACTION : Welcome to UBS meeting tomorrow  10.15 am @ the Houstonian,"[수신자]님께,

[기업명]에서 아래와 같은 직원들을 위한 중요한 회의를 내일 개최합니다.

1. 제안을 이미 수락한 직원
2. 제안을 수락할 의향은 있으나 해결할 문제가 남아 있는 직원

위 범주에 해당하는 모든 직원은 반드시 참석해 주시기 바랍니다.

개인 차량이 없는 직원들을 위해 [위치]에서 오전 [시간1]부터 오전 [시간2] 사이에 셔틀버스를 운영합니다. 마지막 버스는 오전 [시간2]에 출발합니다. 회의는 오후 [시간3]까지 진행되며, 고위 경영진이 회사와 향후 전략에 대해 발표할 예정입니다.

오전 [시간4]부터 아침 식사가 제공되며, 이후 간단한 점심도 준비되어 있습니다.
차량으로 오시는 분들은 혼잡을 고려하여 여유 있게 도착해 주시고, 회의 장소인 [회의장소]로 바로 이동해 주십시오.
입장을 위해서는 사원증이나 신분증을 지참해 주시기 바랍니다.

공지 시점이 늦어진 점 양해 부탁드리며, 대상자 중 참석 확인이 필요하신 분은 전화로 알려주시기 바랍니다.

감사합니다.
[발신자]"
"We know you have questions about recent events impacting Enron and our plans for the future.
Ongoing investigations and pending litigation have made it difficult, if not impossible, to share information in a timely manner.
While we can't address certain issues, we can tell you about our initial plans to move Enron forward and emerge from bankruptcy, and we are eager to do that.
We had planned to hold an all-employee meeting tomorrow, January 23, at the Hyatt Regency.
However, we don't want to subject you to the media frenzy that would certainly surround such a meeting, so we've decided to postpone it.
We are currently making arrangements to hold a series of employee meetings within the building to protect your privacy.
We will provide the date and times to you as soon as the logistics for those meetings are finalized.
Prior to the employee meetings, we will provide an overview of Enron's new organizational structure.
You can expect that memo shortly.
",Employee Meeting Postponed,"[기업명]에 영향을 미치는 최근 상황과 향후 계획에 대해 궁금해하시는 분들이 계신 것을 알고 있습니다.
현재 진행 중인 조사와 법적 절차로 인해 모든 정보를 신속하게 공유하기 어려운 점 양해 부탁드립니다.

비록 구체적인 사안에 대한 답변은 어려우나, [기업명]이 회복하고 다시 나아가기 위한 초기 계획을 말씀드리고자 합니다.

[날짜], [장소]에서 전 직원 회의를 진행할 예정이었으나, 과도한 외부 관심으로부터 여러분을 보호하기 위해 일정을 조정하기로 결정했습니다.
대신 건물 내에서 여러 차례의 소규모 직원 회의를 준비 중이며, 회의 일정과 장소는 확정되는 대로 공유드리겠습니다.

또한, 회의에 앞서 [기업명]의 새로운 조직 구조에 대한 안내 자료를 전달드릴 예정입니다.
조만간 관련 내용을 확인하실 수 있을 것입니다."
"You have received this message because someone has attempted to send you an e-mail from outside of Enron with an attachment type that Enron does not allow into our messaging environment.
Your e-mail has been quarantined and is being held at the MailSweeper server.
Sender:  lwbthemarine@alltel.net
",An Inbound Message For You Has Been Quarantined,"이 메시지는 외부 발신자가 [기업명]의 메시징 정책에서 허용하지 않는 형식의 첨부 파일이 포함된 이메일을 보내려 했기 때문에 전송되었습니다.
해당 이메일은 보안 정책에 따라 격리되었으며, 서버에 안전하게 저장되었습니다.

발신자: [이메일 주소]"
"LAST CALL for signing up for Fundamentals of Electricity.
As a result of several calls,   we have extended the registration deadline  until this  Wednesday, January 23rd, 2002.
To register for this informative class, fill out the registration form and fax it to (713) 856-6199  to my attention by this Wednesday!
Thanks, 	Lana Moore 	NESA  <<521_Electricity.pdf>>
",Fundamentals of Electricity - Extended registration deadline,"전기 기초 수업 등록을 위한 마지막 안내입니다.
여러 차례 안내한 결과, 등록 마감일을 [날짜]까지 연장했습니다.
이 유익한 강의에 등록하려면 등록 양식을 작성하여 [날짜]까지 [팩스번호]로 보내주시기 바랍니다.

감사합니다.
[발신자]"
"Hi Eric,   It looks like Enron employees have an enterprising spirit according to the H. Chronicle.
Ebay is saturated with Enron goodies.
This is quite amusing.
Sorry about tonight and we will miss you on your birthday.
We will celebrate whenever you wish, just let us know.
If you change your mind about tomorrow, email me.
Donnita and Jason are coming over for dinner.
We would love for you to come.
Have a wonderful day.
LU-M
",Good Morning,"안녕하세요 [수신자],
[이름]에 따르면 [기업명] 직원들은 매우 진취적인 성향을 가지고 있는 것 같아요.
[플랫폼명]에는 [기업명] 관련 상품이 정말 많이 올라와 있더라고요. 꽤 흥미롭네요.

오늘 밤에 함께하지 못해 미안하고, 생일도 그리울 것 같아요.
축하하고 싶은 마음은 여전하니, 원하시면 알려주세요.

내일 마음이 바뀌면 이메일 주세요.
[이름1]와 [이름2]가 저녁에 오기로 했는데, 함께 해주시면 정말 기쁠 거예요.

좋은 하루 보내세요.
[발신자]"
"Hi Eric,   Sorry but Dad can't make it Thursday night.
Would dinner here on Friday be o.k.
with you?
Dad suggested games, etc., and I wanted to bake a birthday cake.
We can either order in or I would love to cook anything you would like.
It's up to you.
Let me know.
Have a great day.
Love, Mom
",Birthday,"안녕, [수신자].
미안하지만 [보호자]는 [요일] 밤에 함께하지 못할 것 같아.
[다음 날]에 여기서 저녁을 먹는 건 괜찮을까?

[보호자]가 게임도 하고, 생일 케이크도 준비하고 싶대.
주문해도 되고, 네가 원하는 음식을 직접 만들어줄 수도 있어.
네가 편한 대로 해.

알려줘.
좋은 하루 보내.
사랑해, [발신자]
"
"Hi Eric,  I know this weekend will be a busy one for you but I just wanted to wish you an early Happy Birthday.
Hope all is well with you and Shanna.
I hope to see you in a few months.
Love   Aunt Bonnie
",Happy Birthday,"안녕하세요 [수신자],
이번 주말 바쁘시겠지만, 생일 미리 축하드립니다!
요즘 [이름]님과 잘 지내고 계시길 바랍니다.
조만간 뵐 수 있으면 좋겠네요.

좋은 하루 되세요.
[발신자]"
"Attached is the path to the honeymoon package we chose.
Let me know if you need anything else.
Thanks again for doing this...it means a great deal to us both.
Jason
",Honeymoon Itinerary,"안녕하세요 [수신자],
첨부된 파일은 저희가 선택한 [패키지/일정] 경로입니다.
다른 정보가 필요하시면 언제든지 말씀 주세요.
이번 일에 도움 주셔서 다시 한번 감사드립니다.
저희 둘 모두에게 큰 의미가 있는 일입니다.

감사합니다.
[발신자]"
"Though many of you already know, today is my last day here at Enron.
I am leaving to pursue my culinary interests full time and have accepted a baking/pastry apprenticeship with the Deer Valley Resort in Park City, Utah for the winter season.
I am happy to have spent the past 3 years working with such a fun and intelligent group of people.
I sincerely wish all of you the best in your future endeavors.
Please don't hesitate to look me up if you are in the Park City area, vacation planning, or considering some radical career change like this...ha.
It would be great to see old friends up there.
Forwarding info is below:
",Park City Bound,"안녕하세요 [수신자],
이미 많은 분들이 알고 계시겠지만, 오늘은 제가 [기업명]에서 일하는 마지막 날입니다.
저는 개인적인 관심사를 더 깊이 추구하기 위해 새로운 길로 나아가게 되었고, 앞으로는 [장소]에서 새로운 도전을 시작할 예정입니다.
지난 몇 년 동안 함께 일할 수 있어서 정말 감사했고, 여러분과의 소중한 인연을 오래 기억하겠습니다.
앞으로도 여러분의 앞날에 좋은 일만 가득하길 진심으로 바랍니다.

혹시 근처에 계시거나 연락하고 싶으시다면, 아래 연락처로 언제든 편하게 연락 주세요.
감사합니다.

[발신자]"
"Eric - it was good to see you again after all this time.
Sounds like you are well on your way to making things happen for yourself.
Anyway - I am definitely new in this town as far as I am concerned.
So - I don't want to burden you with spending any time with my sorry ass - but to the extent that you want to grab your girlfriend and a friend of hers - I would always be willing to venture out.
I definitely need to meet some new people.
In any event, I'm sure that we will run into each other plenty at the gym, etc.
Talk to you soon Eric.
",venture,"안녕하세요 [수신자],
오랜만에 다시 만나서 반가웠어요.
요즘 본인을 위해 멋지게 나아가고 있는 것 같아 보기 좋았어요.

저는 최근에 이 지역으로 오게 되었고, 아직은 낯선 부분이 많습니다.
혹시 시간이 된다면, 가볍게 어울려도 좋겠어요. 친구들이나 지인과 함께여도 언제든 환영입니다. 저도 새로운 사람들을 만나고 싶거든요.
어쩌면 근처에서 자주 마주치게 될 수도 있겠네요.

또 이야기 나눠요.
[발신자]"
"Hello Eric,  It was great to speak with you this afternoon.
Thank you for taking my phone call.
As mentioned, Intercontinental Staffing Group is primarily focused on serving the energy trading industry, bringing together top energy trading talent with the worlds leading energy trading companies.
Our search consultants have past experience in either trading or brokering energy commodities.
This gives us a distinct advantage with respect to our knowledge of and exposure to the energy trading industry.
We are currently working on filling several trading and marketing/origination positions throughout the US.
If you know of someone who is looking for a new career opportunity, please contact me at the phone number listed below or feel free to email me at possibilities@istaffinggroup.com.
Also, please refer to our website - www.istaffinggroup.com - for a complete listing of the open positions.
We do offer a referral fee if we are successful in placing one of your recommendations.
Any information provided will be completely confidential.
Thank you for your time.
I look forward to speaking with you.
",ISG,"안녕하세요 [수신자],
오늘 오후에 통화하게 되어 기뻤습니다.
전화를 받아주셔서 감사합니다.
언급했듯이, 저희 회사는 주로 [산업명] 분야에 서비스를 제공하며, 이 분야에서 최고의 인재와 회사들을 하나로 모으고 있습니다.
저희 검색 컨설턴트는 [특정 분야] 경험이 있어, 이 산업에 대한 지식과 노출 측면에서 뚜렷한 이점을 제공합니다.

현재 여러 거래 및 마케팅 관련 직책을 채우기 위해 미국 전역에서 노력하고 있습니다.
새로운 직업 기회를 찾고 있는 사람을 알고 계시면 아래에 나열된 전화번호로 연락하시거나 [이메일 주소]로 이메일을 보내주세요.
또한, 저희 웹사이트 [웹사이트 주소]에서 공석 목록을 확인하실 수 있습니다.
추천을 성공적으로 배치한 경우 추천 수수료를 제공합니다.
모든 제공된 정보는 기밀로 유지됩니다.

시간 내주셔서 감사합니다.
저희와 통화하기를 기대하겠습니다.
"
"Hi Eric,  Would you and Shanna please do me a huge favor on the way over on Saturday?
Please stop at Kroger or Randall's and buy 5 or 6 balloons for Dad's birthday.
I sure would appreciate that and I am sure he will too.
LU-M
",Dad's Birthday,"안녕, [수신자]. 토요일에 가는 길에 [이름]와 함께 큰 부탁을 하나 들어줄 수 있어?
[장소]나 [장소1]에 들러서 파티에 사용할 풍선 5~6개 사 줘.
정말 고마워!

[발신자]"
"Dear eBill Customer:  We're upgrading our eBill program to help serve you better.
Your eBill account will be available to view on our new Web site - www.reliant.com/myaccount - beginning with your February bill.
We've changed our bill to make it easier for our customers to understand.
To introduce you to our new bill format, you will receive a paper copy of your February bill, in addition to receiving it online.
You can continue to pay your eBill as you normally would by logging on to our new Web site, www.reliant.com/myaccount.
There is no need for you to respond to the paper bill, or to take any other action except to make a note of your new Reliant Energy Residential Services account number for your records.
If you pay your eBill using an online bill payment service, such as one offered by your bank, Yahoo, or Quicken Direct Pay, you will need to update your account number information with them to ensure correct processing of your online payment.
You will be able to continue to view your eBill information for January 2002 and prior months by logging on to ebill.reliantenergy.com/logon  We thank you for your continued use of Reliant Energy eBill.
If you have any questions, please contact us toll free at 1-866-222-7100.
Sincerely,
",Reliant Energy eBill Update,"친애하는 [기업명] 고객 여러분,

저희는 고객님께 더 나은 서비스를 제공하기 위해 [기업명] 프로그램을 업그레이드하고 있습니다.
귀하의 [기업명] 계정은 [월] 청구서부터 새로운 웹사이트 [웹사이트 URL]에서 볼 수 있습니다.
저희는 고객이 이해하기 쉽도록 청구서를 변경했습니다.
새로운 청구서 형식을 소개하기 위해 [월] 청구서 사본을 온라인으로 받는 것 외에도 종이 사본으로 받게 됩니다.
새로운 웹사이트 [웹사이트 URL]에 로그인하여 평소와 마찬가지로 [기업명]을 계속 지불할 수 있습니다.
종이 청구서에 응답하거나 기록을 위해 새로운 [기업명] 계좌 번호를 기록하는 것 외에는 다른 조치를 취할 필요가 없습니다.
[온라인 결제 서비스]와 같은 온라인 청구서 지불 서비스를 사용하여 [기업명]을 지불하는 경우 온라인 지불이 올바르게 처리되도록 해당 서비스에 계좌 번호 정보를 업데이트해야 합니다.
계속해서 [eBill 정보 페이지]에 로그인하여 [이전 월] 및 그 이전 달의 eBill 정보를 확인하세요.
[기업명] eBill을 계속 사용해 주셔서 감사합니다.
질문이 있으시면 무료 전화 [전화번호]으로 문의해 주세요.
감사합니다."
"Eric,  Your W-2 is correct.
Did you add in your imputed income and subtract the pre-tax?
Gross, less pre-tax, plus imputed = Box 1 taxable income.
Please call if you still have questions.
Valley 57925
",W-2,"[수신자],

귀하의 W-2가 맞습니다.
귀하의 추정 소득을 더하고 세전 소득을 빼셨나요?
총액에서 세전 소득을 빼고 추정 소득을 더하면 상자 1 과세 소득이 됩니다.
궁금한 사항이 있으면 전화해 주세요.

[발신자]
[전화번호]"
"I wanted to try to set a day where we can all get fitted for our Tuxedos for the wedding.
I would like to get it done sometime in the very near future.
It should not take mor than a couple of hours.
Would you all be available Saturday December 29?
Please let me know if this date does not work.
Jason
",Tuxedos for the wedding,"다같이 [행사]에 입을 턱시도를 맞추고자 하는데, 가까운 시일로 날을 정하는 게 어떨까요?
그리 오랜 시간이 걸리진 않을 거예요.
모두 [날짜]에 가능할까요?
이 날짜가 맞지 않으면 알려주세요.

[발신자]"
"Dear Eric,  If you have last minute shopping to do, Omaha Steaks can still get  your gift there in time for Christmas!
But hurry, you must order by  9 a.m. (CST) Saturday, December 22nd and select Overnight Delivery to  ensure your package arrives before Christmas Day!
Since you'll need to select Overnight Shipping to ensure Christmas  Delivery, we are also taking an additional $24.00 discount off the  price of each of these e-mail specials!
If you don't need it there by  December 24th, you'll still save the extra $24.00!
Simply select your  shipping service when completing your order.
",We can still get it there!,"[수신자]씨, 마지막 순간에 쇼핑을 해야 한다면 [장소]에서 [기한] 전에 선물을 받을 수 있습니다!
하지만 서둘러야 합니다. [날짜] 오전 [시간]까지 주문하고 익일 배송을 선택해야 [연휴/특정 날짜] 전에 패키지가 도착합니다!
[연휴/특정 날짜] 배송을 보장하려면 익일 배송을 선택해야 하므로 이러한 이메일 특가 상품의 가격에서 추가로 [금액] 할인을 제공합니다!
[연휴/특정 날짜]까지 배송이 필요하지 않더라도 추가로 [금액]을 절약할 수 있습니다!
주문을 완료할 때 배송 서비스를 선택하기만 하면 됩니다.
"
"Thank you is nice.
But cash is even better.
Happy Holidays from SBC!
We wanted to do more than just say thanks to our customers who view
",Thank you is nice. But cash is even better.,"감사합니다.
하지만 현금이 더 좋습니다.
[회사명]에서 보내는 행복한 [연휴/특정 기간]을 보내세요!
저희는 단순히 저희를 보시는 고객들에게 감사를 표하는 것 이상을 하고 싶었습니다."
"This is a notice to inform you that the server where your Outlook mailbox resides is scheduled for an outage tonight.
Your mailbox will be temporarily unavailable starting anytime after 11pm and may continue to be unavailable until 1 a.m., when all server maintenance work have been completed.
Outlook Web Access (OWA) will also be unavailable during this time.
Blackberry users:  Message delivery may be delayed for a few minutes.
If you have any questions, please call the Resolution Center at x31411.
","CORRECTION:  Outlook Outage - Friday, December 28, 2001","이것은 귀하의 사서함이 있는 서버가 오늘 밤 중단될 예정임을 알리는 알림입니다.
사서함은 오후 [시간] 이후부터 일시적으로 사용할 수 없게 되며 모든 서버 유지 관리 작업이 완료되는 오전 [시간]까지 계속 사용할 수 없게 될 수 있습니다.
이 시간 동안 웹 액세스 서비스도 사용할 수 없습니다.
[모바일 기기] 사용자: 메시지 전달이 몇 분 동안 지연될 수 있습니다.
질문이 있으면 [전화번호]로 [부서]에 전화하십시오."
"This Beautiful Mother & Baby Turtle Crystal Set will be yours for a mere $4.95!
Turtles Going Home.
This mother and baby tutle set inspires the most enchanting atmosphere.
This crystal contains 24% to 30% lead with strict quality control.
They were specifically ordered by oversea distributors which in turn resale to department stores.
Due to the Economic downturn, the distributor went bankrupt, which also brought down the manufacturer.
We were able to pick up the inventory at pennies on a dollar, on the whole sale level.
We just pass the saving to you.
That's why you're seeing rediculus prices here.
Similar item like this sell for more than $95 in retail store, but it will be yours for $4.95 .
To qualify for this invitation, please fill out the following questions.
Your responses will in no way go into your personal profile.
We are interested in statistical data only.
Questions	 Response	 Do you own or use any kind of PDA(Personal Digital Assistant)?
yes  no  	 Do you own or use a digital camera or camcorder?
yes  no  	 Do you own or use a Sony game console such as PS1,PS2 or Gameboy?
yes  no  	 Do you own or use a MP3 player?
yes  no  	 Do you own or use a DVD player?
yes  no  	 Group Profile:	  Area Code 	 Gender: Male  Female 	 Age Group select below 18 and below 19-30 31-45 46-60 60+ 	 Income select below less than 20k 20-30k 30-40k 40-60k 60-80k 80-100k 100k+ 	  After you selected your choices, don't forget to
",Let's Go For A Ride!!!,"안녕하세요,

이번 기회에 제공하는 [제품 이름]은 정말 멋진 선택이 될 수 있습니다. 이 제품은 품질이 엄격하게 관리되었으며, 다양한 활용도를 자랑합니다.

우리는 이번 기회를 통해 좋은 가격에 이 제품을 제공할 수 있게 되었으며, 원래 가격에 비해 상당한 할인 혜택을 드리게 되었습니다.

혹시 이와 같은 제품에 대해 더 관심이 있으시면 아래 질문에 답해주시면 감사하겠습니다. 이는 통계적 참고를 위해 사용될 뿐, 개인적인 정보는 기록되지 않습니다.

사용하고 있는 [기기 종류]는 무엇인가요?

[기기 유형]을 사용하고 계시나요?

[기타 기기 유형]을 사용해본 경험이 있나요?

그룹 정보: 지역, 성별, 연령대, 소득 수준 (선택 사항)"
"Dear Americans,  When I send out a breaking news update from MillionsofAmericans.com many people write back to me thanking me for the information and asking me about my sources.
Like Rush Limbaugh, many times, I refer to the  Washington Times often.
I find The Washington Times National Weekly Edition  to be well written and right on top of the issues.
In fact, The Times has repeatedly scooped all other news sources on major national issues like the Clinton  scandals.
Perhaps more important, The Washington  Times National Weekly Edition  reports stories the  liberal news media intentionally ignores because it does not fit their version of the news.
If you want to stay truly informed and get the facts about what's really happening in the world, I strongly suggest that you read The Washington Times National Weekly Edition.
I could not do without The Times to combat the liberalism of the Washington Post.
Now there's a way that you too can have what I do -- by reading the Washington Times National Weekly
",The Washington Times National Weekly Edition,"안녕하세요,

저희 웹사이트에서 제공하는 최신 뉴스 업데이트를 통해 많은 사람들이 정보를 얻고 있다는 피드백을 주셔서 감사드립니다. 많은 분들이 제가 어떤 출처를 참고하는지 물어보셨습니다.

저는 여러 매체를 자주 참조하며, 특정 매체는 이슈를 잘 다루고 있다고 생각합니다. 사실, 일부 주요 뉴스 이슈에 대해서는 다른 뉴스 출처보다 우수한 보도를 제공하는 경우가 많습니다.

특히 중요한 점은 일부 매체들이 의도적으로 특정 이슈나 사건을 다루지 않는 경우가 있다는 점입니다. 이런 상황에서 다양한 시각을 제공하는 매체들을 통해 진정한 정보를 얻을 수 있습니다.

진실된 정보를 찾고 싶다면, 특정 매체에서 제공하는 뉴스와 분석을 확인하는 것이 좋습니다.

이제 여러분도 제가 참고하는 방식대로 중요한 뉴스와 사건을 접할 수 있습니다."
"Your P&L tonight was down 7,500, including Elsa and Carey.
Storage was 9,000  up.
The AGA was 133 withdrawal.
Your position is short 40.
We'll see you  tomorrow.
Dave and Bryan
",1/5/00 P&L,"오늘 밤 귀하의 손익은 [이름]와 [이름1]을 포함하여 [수치1] 하락했습니다.
저장은 [수치2] 상승했습니다.
[기업명]의 인출은 [수치3]이었습니다.
귀하의 포지션은 [수치4]이 부족합니다.
내일 뵙겠습니다.
[발신자]"
"Hey Danny,  When does the next flag football season start at the YMCA?
We would like to  play in the next league.
Also,  are you planning to have another flag football tournament this  summer?
If so, when?
Thanks,
",Flag Football,"안녕, [수신자], 다음 [기관명]에서의 다음 플래그 풋볼 시즌은 언제 시작하니?
우리는 다음 리그에서 뛰고 싶어.
그리고, 이번 여름에 또 플래그 풋볼 토너먼트를 열 계획이 있어?
연다면 언제일까?
알려주면 고마울 것 같아."
"Rob,  I don't know if you can help me with this, but I need to get a new stack  manager logon ID created under my name ( ebass logon).
Can you help?
If not  please forward to the relevant party.
Thanks,
",New Stack Manager ID,"[수신자], 도와줄 수 있을지 모르겠지만, 제 이름([이름])으로 새로운 관리자 로그인 ID를 만들어야 합니다.
도와주실 수 있나요?
도와주지 않으시면 관련 당사자에게 전달해 주세요.
고맙습니다.

[발신자]"
"Edie,  Here is the updated EOL data for the Texas Region.
2000 DATA 2000 EOL Trades = 13,500 2000 EOL Volume = 2.5 TCF   2001 DATA 2001 Plan EOL Trades = 17,500 2001 Plan EOL Trades/Month = 1,460 2001 EOL Volume = 3 TCF  Could you please update the plan numbers for Tom?
Thanks,
",Texas EOL DATA,"[수신자], [지역]의 최신 데이터가 있습니다.
[년도] 데이터 [년도] 거래 = [수치] [년도] 거래량 = [수치]
[년도] 데이터 [년도] 계획 거래 = [수치] [년도] 계획 거래/월 = [수치] [년도] 거래량 = [수치]
[이름]의 계획 숫자를 업데이트해 주시겠습니까?
감사합니다."
"Everyone should be in the draft room now at  basketball.commissioner.com/efba.
follow the draft link and go to draft room  and click on html draft.
I am settin the order right now
",DRAFT NOW!,"모두 지금 [링크]의 드래프트 룸에 있어야 합니다.
드래프트 링크를 따라 드래프트 룸으로 가서 [링크 클릭 텍스트]를 클릭하세요.
지금 바로 순서를 정하고 있습니다."
"We are getting a group together to play paintaball tomorrow at around 10 am.
We will be playing at Adventure Village (just north of Intercontinental  Airport on FM 1960).
Their website is www.adventurevillage.com.
The total  cost should be somewhere between $30-$40 per person ( about $15 for a gun and  $6 per 100 paintballs).
Let me know if you can make it.
",Paintball Tomorrow,"우리는 내일 오전 [시간]경에 페인트볼을 하러 모일 그룹을 모을 것입니다.
우리는 장소에서 플레이할 것입니다.
그들의 웹사이트는 [링크]입니다.
총 비용은 1인당 [비용 범위] 사이가 될 것입니다([기타 비용 설명]).
만약 당신이 올 수 있다면 알려주세요.
"
"Rob,  I know we have visited before on this product, but now I would like to go  ahead up.
I need to set up a Gas Daily Index product priced off of IF Katy.
The short name would be IF GD/D Katy.
Thanks,
",New Product,"[수신자], 이 상품에 대해 이전에 방문한 적이 있지만, 이제 진행하려고 합니다.
[기준]을 기준으로 가격이 책정된 [상품명] 상품을 설정해야 합니다.
약칭은 [약칭]입니다.
감사합니다."
"Just as clarification - we start 6 players and have weekly scoring in haed to  head matchups.
You can chage your lineup before each day's worth of action.
Your sixth man can be any position.
The draft order will be determind at  10:30.
",Fantast Basketball DRAFT TODAY @ 10:30,"설명하자면, 우리는 [선수 수]명의 선수를 선발하고, 헤드 매치업에서 매주 득점을 합니다.
매일의 액션이 시작되기 전에 라인업을 변경할 수 있습니다.
[6번째 선수]는 어떤 포지션이든 가능합니다.
드래프트 순서는 [시간]에 결정됩니다."
"Since the NBA season begins tonight, we need to have the fantasy basketball  draft today @ 10:30 AM.
Tell me if this is ok.
If you do not remember the  rules, go to the link below and scroll down to the bottom of the page to the  rules link.
The Academy will roll once again!
And by the way plove, it is last day for everyone.
You can take 1 minute out  of every half hour today to make a pick.
Everyone else has agreed.
Besides  it won't be as much fun without my whipping boy again.
basketball.commissioner.com/efba   I never heard anything back from Walker's Westies so The Rounders are taking  his spot.
",Fantast Basketball DRAFT TODAY @ 10:30,"[리그/시즌]이 오늘 시작되기 때문에 오늘 [시간]에 판타지 [스포츠] 드래프트를 해야 합니다.
이게 괜찮은지 알려주세요.
규칙을 기억하지 못한다면 아래 링크로 가서 페이지 맨 아래로 스크롤하여 규칙 링크를 확인하세요.
[관련 내용]가 다시 돌아옵니다!
그런데 [수신자], 오늘은 모든 사람의 마지막 날입니다.
오늘은 [시간 간격]마다 [시간]씩 시간을 내어 선택할 수 있습니다.
다른 모든 사람도 동의했습니다.
게다가 제 [도움자/지원자]가 없다면 그렇게 재미있지 않을 겁니다.
[링크]에서 아무 소식도 없어서 [대체 팀/참여자]가 그의 자리를 대신할 겁니다."
"Can both of you forward the telluride pictures to me so I can get them  developed?
Dad - they reside in the ""my documents"" folder under the ""my pictures""  heading.
Thanks,
",Pictures,"두 분 다 [사진/파일]을 제게 전달해 주시면 제가 [작업]할 수 있을 것 같아요.
[사진/파일]들은 ""[폴더 이름]"" 폴더 아래에 있어요.
고맙습니다."
"Hi Mom,  Where are we staying in Telluride again?
I have been looking at some  restaurants on telluride.org - it looks like they have some nice places.
Maybe we should look into doing a sleigh ride or snowmobile dinner outing one  night.
",Telluride,"안녕, [수신자]. [장소]에서 어디에 묵을까? [웹사이트]에서 몇몇 레스토랑을 살펴봤는데 괜찮은 곳이 꽤 있는 것 같아. 어느 날 밤 [활동]을 하러 나가는 게 어떨까?"
"Do you want to go to Austin tonight?
I have an extra ticket to the game  tomorrow.
We will be back to Houston by 5 tomorrow.
Let me know.
Eric
",Austin,"오늘 밤 [장소]에 갈래? 내일 [활동] 티켓이 한 장 더 있어. 내일 [시간]까지 [장소1]로 돌아갈 거야. 알려줘.
[발신자]"
"Hey Michael,  I just wanted to confirm my position on the team.
I know you have already  talked to Luis Mena about putting together a team, and I would like to be on  that team.
Hopefully this year we can practice a little more and take home the  championship.
Hook 'em.
Eric x3-0977
",UT/A&M football tourney,"안녕 [수신자], 팀에서 내 입장을 확인하고 싶어. [이름]와 팀을 구성하는 것에 대해 이미 이야기한 걸 알고 있고, 그 팀에 들어가고 싶어. 올해는 연습을 조금 더 해서 우승할 수 있기를 바라.
[발신자] [전화번호]"
"Dan,  I work for Tom Martin on the Texas Gas Trading Desk and he has some questions  on EOL ""Force Majeure"" language.
Specifically, we buy/sell gas at the Exxon  Katy Plant and were wondering the ""Force Majeure"" ramifications of the the  Plant closing due to freeze-offs, i.e.
can we claim Force Majeure in that  instance and what remedies are provided for in the EOL contract language?
Additionally, we buy/sell gas at HPL pooling points such as Agua Dulce Pool  and were curious about the Force Majeure provisions and remedies for these  pooling zones.
I do not know if you are the right person to contact regarding this  information, but if you can provide any insight I would greatly appreciate it.
Thanks in advance.
Sincerely,
","EnronOnline ""Force Majeure"" Language","[수신자]님께,
저는 [부서명]에서 일하고 있으며, [상급자 이름] 밑에서 일하고 있습니다. 그분은 [계약 내용]에 대한 몇 가지 질문이 있습니다. 특히, 우리는 [구체적인 거래처]에서 가스를 사고 파는데, [상황]로 인해 시설이 폐쇄될 때 발생하는 [불가항력]의 영향에 대해 궁금합니다. 즉, 그 경우 불가항력을 청구할 수 있는지 여부와, [계약 명칭] 언어에서 제공하는 구제책에 대해 알고 싶습니다.
또한, 우리는 [기타 지역/지점]에서 가스를 사고 파는데, 이러한 풀링 구역에 대한 불가항력 조항과 구제책에 대해 궁금합니다. 이 정보와 관련하여 연락할 적절한 사람인지 모르겠지만, 통찰력을 제공해 주시면 대단히 감사하겠습니다.
미리 크게 감사드립니다."
"Please disregard the changes to the Agua Dulce product below.
Instead I need to change the Corpus Chr PoolX product.
Please remove Koch  Refinery (Meter #1244) from the Corpus product.
The applicable product numbers are 27661, 27662, 27663, 27660.
Thanks,
",Product Description Change,아래 [제품명]의 변경 사항은 무시해 주세요. 대신 [새로운 제품명] 제품을 변경해야 합니다. [새로운 제품명]에서 [구체적인 항목]을 제거해 주세요. 해당 제품 번호는 [번호 목록]입니다. 감사합니다.
"Could you please remove Koch Bayside (meter #3537) from the delivery point on  the US Gas Phy HPL/AguaD product?
The applicable product numbers are 33462, 33464, 33491, and 33492.
Thanks,
",Product Description Change,[제품명] 제품의 배달 지점에서 [제거할 항목]을 제거해 주시겠습니까? 해당 제품 번호는 [번호 목록]입니다. 감사합니다.
"Plove is going to go to Dallas.
We are going to leave next Friday when he  gets done (7ish) and go up for the game.
The game is at 11 in the morning,  so we will come home directly after it.
Plove says he has a friend who has a  place in Dallas that we can crash at if we don't want to pay for a hotel.
Do you want to go?
",Dallas,"[이름]가 [장소]에 갈 예정이에요. 우리는 다음 [요일]에 그가 일을 마친 후(약 [시간]) 떠나서 경기를 볼 예정이에요. 경기는 [시간]에 시작하고, 경기가 끝난 후 바로 집으로 돌아갈 거예요. 만약 [이름]이 [장소]에서 호텔 비용을 부담하고 싶지 않다면, 다른 숙박 장소를 제안할 수 있어요. 가고 싶으신가요?"
"Don,  Here is the information that you requested.
My resume is updated up to my  last rotation (Risk Mgmt).
My current rotation is in Texas Gas Trading and  my supervisor is Tom Martin.
My supervisor in Risk Mgmt.
was Brenda Herod.
Let me know if you need anything else.
Thanks,
",Information,"[수신자], 요청하신 정보가 여기에 있습니다.
제 이력서는 마지막 로테이션(위험 관리)까지 업데이트되었습니다. 현재 로테이션은 [부서명]이고 제 상사는 [이름]입니다. [이전 부서명]의 제 상사는 [이름1]였습니다.
다른 것이 필요하면 알려주세요.
감사합니다.

[발신자]"
,,"안녕하세요 [수신자],

다음 주에 예정된 [프로젝트명] 회의를 진행하려고 하는데, 가능한 시간을 확인하고자 합니다.
혹시 [요일1] 오전 [시간1]나 [요일2] 오후 [시간] 중 편하신 시간이 있으신가요? 회의에서는 [직접 입력]에 대해 논의하려고 합니다.

편하신 시간 알려주세요.
감사합니다.

[발신자]
"
,,"안녕하세요 [수신자],

[프로젝트명]에 대한 최신 진행 상황을 확인하고 싶습니다. 지난주에 논의한 내용 중 [특정 작업]의 상태에 대해 업데이트 부탁드립니다.
또한, 문제가 발생하거나 추가 지원이 필요하시면 알려주세요.

감사합니다.
[발신자]
"
,,"안녕하세요 [수신자],

이번 주 동안 진행된 [프로젝트명]의 작업 현황을 간략히 공유드립니다.

[작업1] : 완료
[작업2] : 진행 중, [예상 완료일]
[작업3] : 아직 시작되지 않음

추가로 필요한 사항이 있으시면 말씀해주세요.

감사합니다.
[발신자]"
,,"안녕하세요 [수신자],

지난번 회의에서 [주제]에 대해 귀하의 소중한 의견을 나눠 주셔서 감사합니다.
그 덕분에 [프로젝트/업무]가 더 명확해졌고, 빠르게 진행할 수 있을 것 같습니다. 앞으로도 지속적으로 협력할 수 있기를 기대합니다.

감사합니다.
[발신자]"
,,"안녕하세요 [수신자],

현재 [문제 설명] 문제가 발생하고 있어 해결이 필요합니다.
혹시 [해결 방안]에 대해 검토해주실 수 있으신가요? 더 구체적인 정보나 필요한 자료가 있으면 언제든지 말씀해주세요.

감사합니다.
[발신자]"
,,"안녕하세요 [수신자],

어제 진행된 [프로젝트명] 회의에 대한 회의록을 첨부합니다.
회에서 논의된 주요 사항은 다음과 같습니다:

[핵심 안건1]
[핵심 안건2]
[핵심 안건3]

다시 한 번 검토 부탁드리며, 수정 사항이 있으면 알려주세요.

감사합니다.
[발신자]"
,,"안녕하세요 [수신자],

저희 팀의 [이름]님이 오늘부터 새로 합류하셨습니다.
[이름]님은 [부서명]에서 [업무 내용]을 담당하게 되며, 앞으로 많은 도움을 주실 것입니다.
앞으로도 잘 부탁드리며, 많은 협조 부탁드립니다.

감사합니다.
[발신자]"
,,"안녕하세요 [상사/팀],

[날짜]부터 [날짜]까지 휴가를 요청드리고자 합니다.
휴가 기간 동안 업무에 차질이 없도록 [동료 이름]에게 업무를 인수인계할 예정입니다. 추가로 필요한 사항이 있으면 언제든지 알려주세요.

감사합니다.
[발신자]"
,,"안녕하세요 [수신자],

[작업/프로젝트명]의 마감일을 [기한 연장 이유]로 인해 [새로운 기한]으로 연장 요청드립니다.
추가로 필요한 자료나 변경 사항이 있으면 바로 알려드리겠습니다.

감사합니다.
[발신자]"
,,"안녕하세요 [수신자],

귀하의 문의 사항에 대해 답변드리겠습니다.
[질문1에 대한 답변]
[질문2에 대한 답변]
[기타 사항에 대한 답변]

추가로 더 궁금한 사항이 있으시면 언제든지 연락 주세요.

감사합니다.
[발신자]
"
"Here is the detail on the new products:  THOMPSONVILLE Receipt Pts Lobo Thompsonville (Meter #9648) Tejas Thompsonville (Meter #6351) PG&E Thompsonville (Meter #6296)   Delivery Pt.
NGPL Thomsponville (Meter #1342)     AGUA DULCE Receipt Pts.
PG&E Riverside (Meter #6040) PG&E Agua Dulce (Meter #584) Tennesee Agua Dulce (Meter #574) Lobo Agua Dulce (Meter #7038) Tejas Gregory (Meter #3358) Channel Agua Dulce (Meter #3500) MOPS/NNG Tivoli (Meter #5674) Tomcat (Meter #553)   Delivery Pts.
Tejas Riverside (Meter #3543) NGPL Riverside (Meter #3545) Channel Agua Dulce (Meter #3500) Tenessee Agua Dulce (Meter #694) Koch Bayside (Meter #3537)   We would like to get these products out by bid week if at all possible.
Let me know if you have further questions.
Thanks,
",Agua Dulce and Thompsonville Products,"다음은 새로운 제품에 대한 세부 정보입니다.

수신 포인트
[수신 포인트 1](미터 #번호)
[수신 포인트 2](미터 #번호)
[수신 포인트 3](미터 #번호)

배달 포인트
[배달 포인트 1](미터 #번호)
[배달 포인트 2](미터 #번호)
[배달 포인트 3](미터 #번호)

가능하다면 입찰 주까지 이 제품을 출시하고 싶습니다.
추가 질문이 있으면 알려주세요.
감사합니다."
"So,  I think Jason is going to go to the game now.
So, I need to buy you and  Mom tickets.
Before I do that, do you have any friends at UH or UT (maybe  Mr. Hamilton) that might have tickets.
If not, we can get some through a  ticket broker or through a scalper the day of the game (probably the better  way).
Let me know
",Austin,"그래서 [이름]이 지금 경기에 갈 것 같아요.
그래서, 당신과 [다른 사람] 티켓을 사야 해요.
그 전에, [팀명]나 [다른 팀]에 티켓을 가지고 있는 친구가 있나요? (아마도 [이름1] 씨)
없으면 티켓 브로커나 경기 당일에 다른 방법을 통해 티켓을 구할 수 있어요(아마 더 나은 방법일 거예요).
알려주시면 감사해요."
"My tickets are in the student section for the game - I have four.
I don't  know if you want to sit in the student section b/c you really won't be  sitting much - most of the students stand up the entire game.
So, if you  want to sit, we need to work on getting some seats in the alumni section.
Jason - if you and Donnita want to come, you can have my two extra seats in  the student section, assuming what I said above is correct.
Let me know
",UT Game,"제 티켓은 경기 학생 구역에 있어요. 4장 있어요.
학생 구역에 앉을지 모르겠어요. 별로 앉을 일이 없을 테니까요. 대부분 학생이 경기 내내 서 있어요.
그러니 앉고 싶으시다면 동문 구역에 자리를 확보해야 해요.
[수신자], 당신과 [이름]이 오고 싶으시다면, 제가 위에서 말한 게 맞다면 학생 구역에 있는 제 좌석 두 개를 더 가져가도 돼요.
편하게 얘기해주세요.
"
"Gary,  What is the market for IAH Jan-Mar HDD swaps (we are looking to BUY)?
How  does this compare to the 30 yr avg?
Thanks for your help.
",JAN-MAR Degree Day Swaps,"[수신자], [기간] HDD 스왑 시장은 어떤가요? (우리는 매수를 고려하고 있습니다)
이것은 [기준] 평균과 어떻게 비교됩니까?
도와주셔서 감사합니다."
"Texas' first football game is this weekend and I have tickets for each of  you.
I would like to leave around 3:00 on Friday to go to Austin.
We will  come back on Saturday after the game.
Let me know today if you still want to go.
",The Mighty Horns,"[수신자], [일정]가 이번 주말에 있고 저는 여러분 각자를 위한 티켓을 가지고 있습니다.
[날짜] 오후 [시간]경에 출발하여 [장소]로 가고 싶습니다.
우리는 [일정] 후에 돌아올 예정입니다.
아직 가고 싶으시다면 오늘 알려주세요."
"we had said we were going to vote on trades.
we have had our first trade.
some people have come to me requesting a vote   please go to the website and vote on the trade between the the Lie Downs and  the Rounders
",trades,"우리는 [주제]에 대해 투표할 것이라고 말했었습니다.
우리는 첫 번째 [주제]를 진행했습니다.
어떤 사람들이 투표를 요청하며 저에게 왔습니다. [웹사이트]로 가서 [대상1]과 [대상2] 간의 [주제]에 대해 투표해 주세요."
"Rob,  I need to get a new gas daily product created.
This product will be settled  daily against the Katy Plant Tailgate under the East-Houston-Katy subheading  in Gas Daily.
Call with questions.
Thanks,
",New Product,"[수신자], 새로운 상품을 만들어야 합니다.
이 상품은 [서비스명]의 [하위 제목] 아래 [세부 항목]에 대해 매일 결제됩니다.
질문이 있으면 연락주세요.
감사합니다."
"I was thinking that there would be a moratorium on the bidding process for  free agents until the start of the season.
If you disagree, let me know.
The moratorium will last until noon on Wednesday, August 30th.
You can have  no more than 17 players on your roster at any time.
",Pick-Ups,"저는 [시점]까지 [프로세스/절차]에 유예 기간이 있을 것이라고 생각했습니다.
동의하지 않으시면 말씀해 주세요.
유예 기간은 [날짜] [요일] [시간]까지입니다.
언제든지 [목표/규칙]을 포함할 수 있습니다."
"I am taking a vote on if we need to redraw the draft order.
Some, have said  that it is not fair for Steve to be handed the 6th slot.
Let me know what  you think.
",Redraw?,"초안 순서를 다시 작성해야 하는지에 대한 투표를 실시합니다.
일부에서는 [이름]에게 [직접 입력]번째 슬롯을 주는 것이 공평하지 않다고 말했습니다.
당신의 생각을 알려주세요.
"
"I know you had asked for some info on Texas previously.
Sorry it is so late,  but here is a map of Tx pieplines.
The most notable (that are no on the  current pipeline map) are Oasis, Lonestar, Valero, and HPL.
Thanks,
",Texas Pipeline Map,"당신이 이전에 [지역/주]에 대한 정보를 요청했던 걸 알아요.
죄송합니다. 너무 늦었지만, [특정 자료]를 보내드리겠습니다.
가장 주목할 만한 ([현재 자료에는 없는]) [특정 항목들]은 [항목1], [항목2], [항목3], [항목4]입니다.
감사합니다.
"
"We are going to meet at El Tiempo tonight for drinks at around 9:00 - 9:30.
Let me know if you can make it.
Eric
",El Tiempo,"오늘 밤 [시간대]에 [장소]에서 만나서 [활동] 하려고 합니다.
만나실 수 있다면 알려주세요.
[발신자]"
"Last year we played with a mandatory Tight End.
Do you want to continue this  and thus start 1 QB, 2 RBs, 3WRs, 1 TE, 1 K, 1 Def?
Also,  I need to know if you would prefer to determine the draft order prior  to the draft.
I would prefer to do this b/c it gives the opportunity to plan  and trade your picks.
Let me know.
Eric
",Draft,"안녕하세요, [수신자].

작년에 우리는 [특정 프로젝트/작업]을 진행했습니다.
이번에도 이를 계속하고 [팀원1], [팀원2], [팀원3], [팀원4], [팀원5], [팀원6]을 시작으로 하고 싶으신가요?
또한, [특정 작업] 전에 [작업 순서/절차]를 결정하는 것에 대해 선호하시는 방법이 있는지 알고 싶습니다.
저는 이렇게 진행하는 것을 선호합니다. 왜냐하면 이를 통해 여러분의 [작업 계획/우선순위]을 설정하고 [기회1]을 제공할 수 있기 때문입니다.
알려주세요.
[발신자]"
"It looks like we have our 12 teams.
We will probably keep the same rules  from last year unless anybody has an objection.
Still to be determined are  league fees, draft date , and free agent pickup protocol.
I suggest that we  draft on August 27th at the Enron building on floor 26.
For those of you  that can't make it, you can draft over the internet.
We will be using cbs  sportsline again - I think that will be $8/person.
Let me know if anyone has a problem with the draft date, i.e.
can't make it,  too early, too late.
If not, THE MEXIMULLETS look forward to a return to Prominence this year.
You all do not stand a chance!
",League is Set,"안녕하세요, [수신자].

현재 [팀 수]개 팀이 있는 것 같습니다.
아마도 누군가 이의를 제기하지 않는 한, 작년과 같은 규칙을 유지할 것입니다.
아직 [특정 항목1], [특정 항목2], [특정 항목3]은 결정되지 않았습니다.
[날짜]에 [장소]에서 [특정 활동]을 하는 것이 좋습니다.
참석이 어려운 분들은 [대체 방법]을 통해 참여하실 수 있습니다.
다시 [플랫폼/도구]을 사용할 예정이며, 1인당 약 [금액]이 될 것 같습니다.
[활동 날짜]에 문제가 있는 분, 즉 참석이 불가능하거나 너무 이르거나 너무 늦은 경우가 있으시면 알려주세요.
그렇지 않다면, [팀 이름]은 올해 [목표/기대]을 기대합니다.
여러분, 준비되셨나요?

[발신자]"
"It is coming up on that time again.
The most glorious time of year.
The  time of the year when life begins anew.
No, not spring, FOOTBALL SEASON!
That being said, it is time to start thinking about fantasy football again.
I need to know who of you is interested in playing again, and any suggestions  on rule changes (i.e.
scoring, fees, etc.).
I was thinking about having the  draft in late August.
Let me know if you have any friends that you think might want to play.
",FANTASY FOOTBALL 2000,"안녕하세요, [수신자].

그 시간이 다시 다가오고 있습니다.
일 년 중 가장 중요한 시기입니다.
[프로젝트/업무]가 새롭게 시작되는 시기입니다.
아니, [다른 이벤트]가 아니라 [목표/업무]가 시작되는 시기입니다!
그렇긴 하지만, [특정 업무/프로젝트]에 대해 다시 생각해볼 때가 되었습니다.
다시 참여하고 싶어하는 사람이 누구인지, 그리고 [업무/프로젝트]에 대한 제안이 있는지 알고 싶습니다. (예: [변경 사항1], [변경 사항2] 등)
[날짜]에 [특정 활동]을 하려고 생각했습니다.
참여하고 싶어할 만한 동료가 있다면 알려주세요.

[발신자]"
"Celeste,  I am writing to get some clarification on how the recent changes to the  program affect my eligibility for promotion.
At the end of last year you  informed me that I was not eligible for promotion to associate until the mid  year review (my 2 year anniversary).
It was my impression that the only  reason that I was held back from promotion into the associate program was  tenure.
Now, after reading the memo, it seems as if I will not be eligible  for promotion to associate until I complete 3 years in the program.
I am wondering if I am still eligible for promotion to associate during this  PRC?
Thank you in advance for your prompt attention to this matter.
Eric Bass x3-0977
",Program Changes,"[수신자]님, 저는 최근 [프로그램 변경 사항]이 승진 자격에 미치는 영향에 대해 설명을 얻고자 합니다.
[과거 특정 시점]까지는 [특정 자격/조건]을 얻을 수 없다고 알려주셨습니다.
제가 [특정 프로그램]으로 승진하지 못한 유일한 이유는 [특정 사유] 때문이라는 것이 제 인상이었습니다.
이제 메모를 읽어보니 [프로그램]에서 [특정 기간]을 마쳐야 [특정 자격]을 얻을 자격이 있는 것 같습니다.
[특정 기간] 동안에도 [특정 자격]을 얻을 자격이 있는지 궁금합니다.
이 문제에 대해 신속하게 처리해 주셔서 미리 감사드립니다.

[발신자]
[전화번호]
"
"I am trying to create the WkD for other areas beside HPL/HSX E but keep  getting an error msg for length.
Is there a way to truncate these products  so that we can trade them on eol?
Thanks,
",Weekday Products,"[특정 시스템/제품] 외의 다른 [지역/범위]에 대한 [특정 작업]을 만들려고 하는데 길이에 대한 오류 메시지가 계속 발생합니다.
이러한 [제품/항목]을 잘라서 [특정 장소/시점]에서 거래할 수 있는 방법이 있을까요?
감사합니다."
"We are going to be rolling out a new product on EOL starting this bidweek.
This product will be for physical delivery only on the weekdays (no weekend  delivery).
Currently, the EOL/Sitara Bridge cannot handle this type of  logic, so these deals will have to be input manually.
Let me know if you have further questions.
Eric
",24 x 5 Products,"이번 [특정 작업/프로젝트]에 대한 새로운 [제품/서비스]를 출시할 예정입니다.
이 제품은 [특정 기간/일]에만 물리적으로 배송됩니다(주말 배송 불가).
현재 [시스템/플랫폼]은 이러한 유형의 로직을 처리할 수 없으므로, 해당 거래는 수동으로 입력해야 합니다.
추가 질문이 있으면 알려주세요.
[발신자]"
"Dale/Melba,  I need a gas daily monthly index to be set up for both Carthage Hub and Agua  Dulce Hub.
We will be trading basis swaps off of this differential.
Call with questions.
Thanks,
",Carthage GAS DAILY MONTHLY INDEX,"[수신자]님, [허브1]와 [허브2]에 대한 [특정 지표]를 설정해야 합니다.
우리는 이 차액에서 [특정 거래 방식]을 거래할 것입니다.
질문이 있으면 연락 주세요.
감사합니다."
"Earl,  James McKay referred me to you for information regarding historical  throughput numbers on HPL.
Ed Gottlob and I are looking at ways to hedge the  pipe and need this data as far back as can accurately be obtained.
Thanks,
",Daily Throughput Data,"[수신자]님, [이름]가 [특정 항목]에 대한 정보를 얻기 위해 당신을 추천했습니다.
[이름1]과 저는 [특정 작업]을 진행하고 있으며 가능한 한 정확하게 얻을 수 있는 이 데이터가 필요합니다.
감사합니다."
"Here is the wh data.
I have included the file for February only.
Keep in  mind that some deals, such as Costilla, have multiple tickets in the system  so it is impossible to estimate accrual revenue/expense in the system  accurately.
I have made top level adjustments to these deals.
",WH DATA,"[수신자]님,

여기 [특정 데이터]가 있습니다.
[특정 기간]에 대한 파일만 포함했습니다.
[특정 거래]와 같은 일부 거래는 시스템에 여러 티켓이 있으므로, 시스템에서 발생한 수익/비용을 정확하게 추정하는 것은 불가능하다는 점을 명심해 주세요.
이러한 거래에 대해서는 최상위 수준의 조정을 했습니다.

감사합니다.
[발신자]"
"We have a game tonight at 6:45.
Please try to be there by 6:30.
Let me know  whether or not you will be at the game.
Eric
",Game Tonight,"안녕하세요, [수신자]님.

오늘 [시간]에 [특정 활동/회의]가 있습니다.
[시간]까지 꼭 도착해 주세요.
참석 여부를 알려주시면 감사하겠습니다.

감사합니다.
[발신자]"
"Jill,  I was wondering if I could get some information on the Costilla deal,  specifically the repurchase option.
I need to know the term, locations,  volume and strike price of the call.
Thanks,
",Costilla,"안녕하세요, [수신자]님.

[특정 거래]에 대해, 특히 [특정 옵션]에 대한 정보를 얻을 수 있을지 궁금합니다.
[특정 항목1], [특정 항목2], [특정 항목3], [특정 항목4]에 대한 세부 사항이 필요합니다.
감사합니다.

[발신자]"
"Tom has come to a decision on what to do with the ubiquitous accrual value.
60% of this value should be credited to Greg's Transport expense on a monthly  basis.
Tom, in turn, will cover Ed on this portion of the expense.
For example:  Accrual Value comes out to be $300,000 for the month of April.
This means that:  Greg's portion of this value is 60% of $300,000 = $180,000 Tom's portion of this value is 40% of $300,000 = $120,000  Greg's Transport Expense is ($700,000) So, Tom will cover                      $180,000 of this expense Greg's adjusted Expense is   ($520,000)  Greg's P&L is net better off by the $180,000 of accrual value Tom's P&L is net better off by $120,000  of accrual value which had not been  previously recognized.
Ed's P&L is net unchanged from all of the above.
Call with questions.
Eric x3-0977
",FINAL DECISION ON ACCRUAL VALUE,"안녕하세요, [수신자]님.

[이름]은 [특정 가치]를 어떻게 처리할지 결정했습니다.
이 가치의 [비율]%는 매월 [특정 항목]에 적립되어야 합니다.
[이름]은 차례로 이 비용의 [특정 항목]을 충당할 것입니다.

예를 들어: [특정 가치]는 [특정 시점]에 [금액]이 됩니다.
이것은 다음을 의미합니다. [특정 항목]의 이 가치 부분은 [금액]의 [비율]% = [금액]입니다.
[특정 항목]의 이 가치 부분은 [금액]의 [비율]% = [금액]입니다. [특정 항목]의 비용은 [금액]입니다. 따라서 [이름]은 이 비용의 [금액]을 충당할 것입니다.
[항목1]의 조정된 비용은 [금액]입니다.
[항목2]의 손익 계산은 [금액]의 발생 가치로 인해 순이익이 증가합니다.
[항목3]의 손익 계산은 순이익이 이전에 인정되지 않았던 [금액]입니다.
[항목4]의 손익은 위의 모든 것과 변함없이 순이익입니다.

질문이 있으면 연락 주세요.
[발신자]
[전화번호]"
"Dale,  The Texas Desk needs to get a new product created.
We already have a  baseload Index Corpus product.
We need to create a DAY Corpus product with  the same parameters as this baseload product.
Also, anything new on the 5 X 24?
Thanks,
",New Product,"안녕하세요, [수신자]님.

[장소]에서 새 제품을 만들어야 합니다.
우리는 이미 기본 부하 [특정 제품]이 있습니다.
이 기본 부하 제품과 동일한 매개변수를 사용하여 [새로운 제품]을 만들어야 합니다.
또한 [특정 주기]에 대한 새로운 소식이 있나요?

감사합니다.
[발신자]"
"I still don't have any info on the schedule, but I do need to collect dues  for the upcoming season.
Dues are $5 and that includes a jersey and cost of  the league.
Let me know if you are still in for the season.
Eric
",Upcoming Season,"안녕하세요, [수신자]님.

아직 일정에 대한 정보는 없지만, 다가올 [특정 활동/프로젝트]을 위한 회비를 모아야 합니다.
회비는 [금액]이고, 여기에는 [포함 항목1]과 [포함 항목2]가 포함됩니다.
[특정 활동/프로젝트]에 여전히 참여하고 계시다면 알려주세요.

감사합니다.
[발신자]"
"Faith,  Attached is information regarding the Texas Desk as it relates to the current  Texas market, EOL performance metrics, and Post HPL Action Plan.
Please do not hesitate to call with questions.
Thanks,
",Texas Desk - Post HPL,"안녕하세요, [수신자]님.

현재 [직접 입력] 시장, [특정 성과 지표] 및 [특정 후속 계획]과 관련된 [부서/팀명]에 대한 정보를 첨부했습니다.
궁금한 사항이 있으면 언제든지 연락 주세요.

감사합니다.
[발신자]"
"Janet,  Here is the model.
I have added unit costs.
Let me know if you have any  other questions.
I still need to get the delivery locations for the CSW deal.
Thanks,
",HL&P,"안녕하세요, [수신자]님.

여기 [특정 모델/제품]이 있습니다.
[특정 항목]을 추가했습니다.
다른 질문이 있으면 알려주세요.
아직 [특정 거래]에 대한 배송 위치를 알아내야 합니다.

감사합니다.
[발신자]
"
"Hey Danny,  Here is a prospective roster for Flag Football.
All are Enron employees.
Eric Bass Brian Hoskins Tim Blanchard Matt Lenhart Luis Mena Jeff Gossett Ken Shulklapper Amir Ahanchian Nick Hiemstra  Can you tell us what night the games will be on?
When do you need the due?
Thanks,
",Roster,"안녕하세요, [수신자]님.

[특정 활동/행사]의 잠재적 명단이 있습니다.
모두 [회사명] 직원입니다.
[이름], [이름1], [이름2], [이름3]
[특정 활동/행사]가 어느 날 밤에 열리는지 알려주실 수 있나요?
시간이 얼마나 소요될지도 알 수 있을까요?

감사합니다.
[발신자]"
"Attached is a listing of unresolved Issues between Tom and Greg Sharp.
I  have not included the facility charges - do you want me to add those?
Please feel free to add on to my list anything that I have left off.
",Unresolved Tx/Prod Svcs Issues,"안녕하세요, [수신자]님.

첨부된 것은 [이름]과 [이름1] 간의 미해결 문제 목록입니다.
[특정 항목]은 포함하지 않았습니다. 추가할까요?
제가 빠뜨린 것이 있으면 자유롭게 목록에 추가해주세요.

감사합니다.
[발신자]
"
"The league is complete.
Please check your fees on the website and send me a  check for what you owe.
Here are the final standings and payouts (based on what I have collected):  1) The Wranglers - $281 2) Rounders -           $108 3) PLOVE -                $43                                      $432  The amounts above will change as people pay their fees.
My address is  2512 Milam St. #5216 Houston, TX 77006  If you won $ please give me your address and I will send you a check!
Thanks,
",Fantasy Football - FEES,"안녕하세요, [수신자]님.

[특정 활동/프로젝트]가 완료되었습니다.
웹사이트에서 수수료를 확인하시고 납부해야 할 금액을 [지불 방식]으로 보내주세요.
다음은 최종 순위와 지급금입니다(제가 수집한 금액 기준):

[팀1] - [$금액1]
[팀2] - [$금액2]
[팀3] - [$금액3]
위의 금액은 사람들이 수수료를 납부하면 변경될 수 있습니다.

제 주소는 [주소]입니다. [$금액]을 얻으셨다면 주소를 알려주시면 [지불 방식]을 보내드리겠습니다!

감사합니다.
[발신자]
"
"I left you a msg, but here is the info.
STT - map like HPL Zone #1 - Thompsonville HCO - map like HPL Zone #5 - Edna (Agua Dulce Curves)  Call with questions.
x3-0977
",Zone mappings,"안녕하세요, [수신자]님.

메시지를 남겼지만, 여기 [특정 정보/자료]가 있습니다.
[특정 항목1] - [세부 정보1]
[특정 항목2] - [세부 정보2]
[특정 항목3] - [세부 정보3]

질문이 있으시면 연락 주세요.
[전화번호]

감사합니다.
[발신자]
"
"Is anybody up for going to Two Rows tonight?
I promise I won't get AS drunk  tonight.
We'll be there around 8:00.
Be there or be SQUARE!.
Eric
",Saturday night follow up,"안녕하세요, [수신자]님.

오늘 밤 [장소]에 가실 분 있으신가요?
오늘 밤은 [특정 활동]을 취하지 않을 예정입니다.
[시간]쯤에 갈 예정입니다.
가시거나 [특정 조건]이 되면 좋겠습니다.

감사합니다.
[발신자]
"
"That sounds lika an awesome system.
My bro works for compaq and was pretty  impressed with the hardware.
Hope it didn't set you back too much.
I 'd like to get together with you when you come in.
Let me know when you  are coming and I would like my boots.
My info is:  Work # (713)853-00977 Home #(713)526-8304 Cell #(713)213-1996 Address: 2512 Milam St #5216                    Houston, TX 77006   Let me know.
eric
",Boots,"안녕하세요, [수신자]님.

정말 멋진 시스템인 것 같습니다.
[이름]가 [회사명]에서 일하는데, [특정 제품/기술]에 꽤 감명받았어요.
너무 비싸지 않으면 좋겠습니다.
[수신자]님이 오실 때 만나고 싶습니다.
언제 오실지 알려주시면 [직접 입력]을 드릴게요.

제 정보는 다음과 같습니다.
직장 번호: [전화번호]
집 번호: [전화번호1]
휴대전화 번호: [전화번호2]
주소: [주소]

알려주세요.
[발신자]"
"This warning is sent automatically to inform you that your mailbox is approaching the maximum size limit.
Your mailbox size is currently 105766 KB.
Mailbox size limits:  	When your mailbox reaches 75000 KB you will receive this message.
When your mailbox reaches 100000 KB you will no longer be able to send mail until the size of your mailbox is reduced.
To check the size of your mailbox:     Right-click the mailbox (Outlook Today),    Select Properties and click the Folder Size button.
This method can be used on individual folders as well.
To make more space available, delete any items that are no longer needed such as Sent Items and Journal entries.
You must empty the Deleted Items folder after deleting items or the space will not be freed.
To turn Journaling off,   click Tools | Options | Journaling Options and de-select all items.
See client Help for more information.
",WARNING:  Your mailbox is approaching the size limit,"안녕하세요, [수신자]님.

이 경고는 [특정 시스템/서비스]가 최대 크기 제한에 접근하고 있음을 알리기 위해 자동으로 전송됩니다.
[시스템/서비스] 크기는 현재 [크기]입니다.
[시스템/서비스] 크기 제한: [시스템/서비스]가 [크기1]에 도달하면 이 메시지를 받게 됩니다.
[시스템/서비스]가 [크기2]에 도달하면 [작업]을 줄이기 전까지 더 이상 [특정 작업]을 할 수 없습니다.

[시스템/서비스] 크기를 확인하려면: [특정 위치/옵션]을 마우스 오른쪽 버튼으로 클릭하고 [속성/옵션]을 선택한 다음 [특정 버튼]을 클릭합니다.
이 방법은 [기타 위치/옵션]에서도 사용할 수 있습니다.

사용할 수 있는 공간을 늘리려면 [불필요한 항목]을 삭제하세요.
항목을 삭제한 후에는 [특정 폴더] 폴더를 비워야 공간이 비워지지 않습니다.
[기타 옵션]을 끄려면 [도구 | 옵션 | 특정 옵션]을 클릭하고 [모든 항목의 선택]을 취소합니다.

자세한 내용은 [클라이언트 도움말]을 참조하세요.

감사합니다.
[발신자]"
"Your mailbox has exceeded one or more size limits set by your administrator.
Your mailbox size is 112191 KB.
Mailbox size limits: 	You will receive a warning when your mailbox reaches 75000 KB.
You cannot send mail when your mailbox reaches 100000 KB.You may not be able to send or receive new mail until you reduce your mailbox size.
To make more space available, delete any items that you are no longer using or move them to your personal folder file (.pst).
Items in all of your mailbox folders including the Deleted Items and Sent Items folders count against your size limit.
You must empty the Deleted Items folder after deleting items or the space will not be freed.
See client Help for more information.
",Your mailbox is over its size limit,"안녕하세요, [수신자]님.

사서함이 관리자가 설정한 하나 이상의 크기 제한을 초과했습니다.
사서함 크기는 [현재 크기]입니다.
사서함 크기 제한: 사서함이 [경고 크기]에 도달하면 경고를 받게 됩니다.
사서함이 [제한 크기]에 도달하면 메일을 보낼 수 없습니다. 사서함 크기를 줄이기 전까지는 새 메일을 보내거나 받을 수 없습니다.

사용할 수 있는 공간을 늘리려면 더 이상 사용하지 않는 항목을 삭제하거나 [파일 유형]로 이동하세요.
삭제된 항목 및 [특정 폴더]를 포함한 모든 사서함 폴더의 항목은 크기 제한에 포함됩니다.
항목을 삭제한 후에는 [특정 폴더] 폴더를 비워야 합니다. 그렇지 않으면 공간이 비워지지 않습니다.

자세한 내용은 [클라이언트 도움말]을 참조하세요.

감사합니다.
[발신자]"
"At my Technology Investing advisory, we reap HUGE GAINS from the opportunities other investors miss.
OUR SECRET WEAPON?
A laser-like focus on All-Tech, All-the-Time.
You see, most investment advisors pride themselves on a broad reach across dozens of industries.
They claim that gives you more opportunities to profit.
But that's JUST BALONEY.
There's no way one individual -- or even a substantial team -- can spread
",Another quick 105% gain.  YOUR TURN next???,"안녕하세요, [수신자]님.

저희 [회사명]에서는 다른 [고객/투자자]들이 놓치는 기회를 통해 엄청난 수익을 거두고 있습니다.

저희의 비밀 무기는 바로 전적으로 [특정 분야]에 집중하는 전략입니다.

대부분의 [직업/분야] 전문가들은 여러 분야에 걸쳐 넓은 시야를 갖고 있다고 자랑합니다.
그게 더 많은 수익 기회를 준다고 주장하죠.

하지만 그건 말도 안 되는 소리입니다.

한 사람, 혹은 꽤 큰 팀이라 해도 그렇게 넓게 퍼질 수는 없습니다.

감사합니다.
[발신자]"
"Enclosed is the copy of the TP list with the updated fields we would like to have completed.
Let's meet today around 3:00 if possible to fill in the commercial leads.
It is also located at M:\Eprojects\UBS_Start_Up\Pwr_Impl_Plan    Debra
",TP List,"안녕하세요, [수신자]님.

첨부된 [자료명1]에는 우리가 완성하고 싶은 업데이트된 필드가 포함되어 있습니다.
가능하다면 오늘 오후 [시간]쯤에 만나서 [직접 입력]을 진행하도록 합시다.
또한, [자료명2]에도 관련 정보가 있습니다.

감사합니다.
[발신자]"
"All of the light bulbs were taken out of the arches on Rampart this evening.
Other arches have missing bulbs.
Please keep your eyes open and report vandalism to the League City Police Department.
Believe me, I know that the police have other things to do, but these young people will be into other things when there are not bulbs to take.
This evening three young gentlemen were seen and the police were called.
.
The police will be patrolling and your neighbors are out watching also.
The neighborhood looks wonderful and, if you have not driven other areas, CCV is by far the best in this area.
Please let emial me or call Rusty or other board memebers when you have a problem.
The board is doing a great job of staying on top of things.
Have a happy holiday and stay safe.
Mary G. Strickland
",Vandalism of the arches,"안녕하세요, [수신자]님.

오늘 저녁 [장소]에서 [작업]을 모두 완료했습니다.
다른 [장소]에는 [항목]이 없었습니다.
[기관명]에 [문제] 신고를 해주세요.
신고를 하면 [기관]에서 [조치 내용]을 취할 것입니다.

오늘 저녁에도 [직접 입력]을 발견하여 신고한 후, 경찰이 순찰을 돌고 [커뮤니티]가 감사해하고 있습니다.
[지역]은 멋진 곳이고, [시설/기술]이 다른 지역에 비해 단연 최고인 것 같습니다.

문제가 있으면 저에게 이메일을 보내거나 [이름] 또는 다른 [직책/팀명]에 전화해 주세요.
[팀명]은 모든 일을 잘 처리하고 있습니다.

행복한 휴일 보내시고 안전하세요.
[발신자]"
"Kevin asked that one scheduler work on Monday to field any scheduling questions that might come up.
I was the lucky candidate.
Please put me on the payroll list w/ the other  Hourly guys that had to work on the Company holiday.
Thanks, Pat
",working on Holiday (Monday Dec. 24th),"[수신자]님,

[이름]은 [요일]에 [직책]이 [업무 관련 질문]을 받을 수 있도록 요청했습니다.
[회사] 휴일에 일해야 하는 다른 직원과 함께 급여 명단에 저를 추가해 주세요.

감사합니다.
[발신자]
"
"Kathy,  We are requesting three new numbers for UBS Warburg Energy to replace the (soon to be) Enron Estate numbers.
1)  We will need two (2) toll free numbers.
If possible, a 927 (WAR) or 827 (UBS) prefix and sequential numbers is desired.
For example, our search showed 1-866-927-1401 and 1-866-927-1402 are available.
2)  Also, we need a local number for a dedicated fax line.
Please contact TJae Black, Lloyd Will or me for any further information you may need.
Thanks,
",New UBS Numbers,"[수신자]님,

우리는 [기업명]에 (곧) [기업명1] 번호를 대체할 세 개의 새로운 번호를 요청하고 있습니다.

1. 두 개의 무료 전화번호가 필요합니다.
가능하다면 [접두사1] 또는 [접두사2] 접두사와 연속 번호가 필요합니다.
예를 들어, 검색 결과 [전화번호]와 [전화번호1]이 사용 가능합니다.

2. 또한 전용 팩스 회선에 대한 지역 번호가 필요합니다.

필요한 추가 정보가 있으면 [이름], [이름1] 또는 저에게 연락하세요.

감사합니다.
[발신자]"
"Don,  I have been working with Jeanie Slone on trying to resolve the holiday and overtime payment issues that we have been having with regard to your staff not being properly paid for their overtime and holiday work from Thanksgiving forward.
Unfortunately, I was just told that we can no longer pay any ""incentive pay"" to previous or current employees as per our bankruptcy lawyers, and at there may be problems because they are ""exempt"" employees who are typically not paid overtime.
However, I assure you that we are working to try and resolve this matter as soon as possible, and I will follow-up with you as soon as I have further clarification from the attorney's.
If you have any other questions, please call me on Amy Fitzpatrick's number (I am sitting at her desk today) at X52729.
Thanks,
",Real-time Traders and Schedulers Holiday and OT Payment,"[수신자]님,

저는 [이름]과 함께 [시점] 이후 직원들이 [직접 입력]에 대한 적절한 급여를 받지 못하는 것과 관련하여 발생한 [직접 입력]를 해결하기 위해 노력해 왔습니다.
불행히도 방금 [전문가/상담자]에 따르면 이전 또는 현재 직원에게 더 이상 ""[급여 항목]""을 지급할 수 없으며, 일반적으로 [특정 직원 유형]이므로 문제가 발생할 수 있다는 말을 들었습니다.
그러나 가능한 한 빨리 이 문제를 해결하기 위해 노력하고 있으며, [전문가]로부터 추가 설명을 받으면 곧 연락드리겠습니다.

다른 질문이 있으면 [이름1]의 번호([위치])로 [전화번호]로 전화해 주십시오.

감사합니다.
[발신자]"
"Please see attached message with regard to the planned control rod adjustment on Monday, December 31, 2001.
Have a happy new year!
<<12_31_01 control rod adjustment.doc>>
",Vermont Yankee Notification,"[수신자]님,

[날짜]에 계획된 [업무/작업]과 관련하여 첨부된 메시지를 참조하십시오.

새해 복 많이 받으세요!
[발신자]"
"Happy New Year, ClearHeads!
Welcome to the ClearStation News for January.
This month we cover recent site news and give you a preview of exciting changes to our Recommend and Help areas.
",ClearStation News - January 2002,"새해 복 많이 받으세요, [수신자]님!
[월] [서비스명] 뉴스에 오신 것을 환영합니다.
이번 달에는 최근 [서비스/사이트] 뉴스를 다루고 [추천/도움말 영역]에 대한 흥미로운 변경 사항을 미리 보여드립니다."
"This is a message from Rusty Tidwell.
mgs I hope everyone had a Merry Christmas.
My son, Marcus, and I would like to help out anyone who may need some assistance in taking down their Christmas lights/decorations or straightening up afterwards.
I realize we have several elderly residents along with people being ""under the weather.""
We would be glad to help, just give us call.
Happy New Years To All,
",Need assistanece wil taking lights down?,"[발신자]의 메시지입니다.
여러분 모두 즐거운 연휴를 보내셨기를 바랍니다.
저와 제 [가족 구성원]은 [특정 작업]을 내리거나 나중에 정리하는 데 도움이 필요한 분들을 돕고 싶습니다.
저희 집에는 [특정 인물 유형]이 몇 명 있고, [상태]이신 분들도 있다는 것을 알고 있습니다.
저희가 기꺼이 도와드리겠습니다. 전화만 주시면 됩니다.
모두에게 새해 복 많이 받으세요."
"Your mailbox has exceeded one or more size limits set by your administrator.
Your mailbox size is 113323 KB.
Mailbox size limits: 	You will receive a warning when your mailbox reaches 75000 KB.
You cannot send mail when your mailbox reaches 100000 KB.You may not be able to send or receive new mail until you reduce your mailbox size.
To make more space available, delete any items that you are no longer using or move them to your personal folder file (.pst).
Items in all of your mailbox folders including the Deleted Items and Sent Items folders count against your size limit.
You must empty the Deleted Items folder after deleting items or the space will not be freed.
See client Help for more information.
",Your mailbox is over its size limit,"[발신자]의 메시지입니다.
여러분 모두 즐거운 크리스마스를 보내셨기를 바랍니다.
저와 제 [가족 구성원]은 크리스마스 장식이나 조명을 내리거나 나중에 정리하는 데 도움이 필요하신 분들을 돕고 싶습니다.
저희 집에는 [특정 인물 유형]이 몇 명 있고, [상태]이신 분들도 있다는 것을 알고 있습니다.
기꺼이 도와드리겠습니다. 전화만 주시면 됩니다.
모두에게 새해 복 많이 받으세요."
"The ARCHES will be taken down this weekend.
We have a crew hired ( as we have done in the past) to take them down.
We use the proceeds from the ARCHES to pay to take them down.
Thanks & Happy New Years
",Arch Takedown,"안녕하세요, [수신자]님.

이번 주말에 [직접 입력]을 철거할 예정입니다.
우리는 [직접 입력]처럼 철거할 인력을 고용했습니다.
우리는 [장소/항목]에서 얻은 수익금을 [직접 입력]으로 사용합니다.

감사합니다. 새해 복 많이 받으세요.

[발신자]"
"Dear Don Baughman Jr,  Payee: Verizon Southwest Payment Amount: $94.13 Date Scheduled: 01/10/2002 Account #: 10544728904701**** Case #: 8621368  Thank you for your recent inquiry.
We welcome the opportunity to address your concerns.
Our research indicates that your payment to Verizon Southwest for $94.13 has been processed.
However, your account still indicates a balance due.
As a result, we have ordered proof of payment and, upon receipt, will forward it to Verizon Southwest.
We will continue to monitor this payment and we will let you know when your account is properly credited.
Please note: You are entitled to receive a copy of any document that we relied upon during our investigation.
To request documents, you can e-mail us or call us anytime at 1-800-956-4442.
Please provide the Case # in your request to ensure that we send you the appropriate documents by U.S. mail.
Do not reply to this message directly.
To ensure a prompt and secure response to your inquiry, please sign on to your secure banking session and submit your request.
Thank you.
",Your Inquiry Case Number 8621368,"[수신자]님께,

수취인: [이름]
지급 금액: [$금액]
예정일: [날짜]
계좌 번호: [직접 입력]
사례 번호: [직접 입력]

최근 문의해 주셔서 감사합니다.
귀하의 우려 사항을 해결할 수 있는 기회를 환영합니다.

저희 조사에 따르면 [기관명]에 [$금액]을 지불한 것으로 처리되었습니다.
그러나 귀하의 계좌에는 여전히 미지급 잔액이 표시되어 있습니다.
결과적으로 저희는 지불 증빙을 주문했으며, 수령 후 [기관명]에 전달하겠습니다.
저희는 이 지불을 계속 모니터링하고 귀하의 계좌에 제대로 입금되면 알려드리겠습니다.

참고: 귀하는 조사 중에 저희가 의존한 모든 문서의 사본을 받을 권리가 있습니다.
문서를 요청하려면 언제든지 [이메일 주소]로 이메일을 보내거나 전화로 문의하세요.
귀하의 요청에 사례 번호를 제공하여 확인하십시오. 우리는 귀하에게 [메일 주소]로 적절한 문서를 보냅니다.

이 메시지에 직접 답장하지 마십시오.
귀하의 문의에 대한 신속하고 안전한 답변을 보장하기 위해 안전한 [서비스명] 세션에 로그인하여 요청을 제출하십시오.

감사합니다.
[발신자]"
"Dear Don Baughman Jr,  Payee: Verizon Southwest Payment Amount: $94.13 Date Scheduled: 01/10/2002 Account #: 10544728904701**** Case #: 8621368  Thank you for your recent inquiry.
We welcome the opportunity to address your concerns.
Our research indicates that your payment to Verizon Southwest for $94.13 has been processed.
However, your account still indicates a balance due.
As a result, we have ordered proof of payment and, upon receipt, will forward it to Verizon Southwest.
We will continue to monitor this payment and we will let you know when your account is properly credited.
Please note: You are entitled to receive a copy of any document that we relied upon during our investigation.
To request documents, you can e-mail us or call us anytime at 1-800-956-4442.
Please provide the Case # in your request to ensure that we send you the appropriate documents by U.S. mail.
Do not reply to this message directly.
To ensure a prompt and secure response to your inquiry, please sign on to your secure banking session and submit your request.
Thank you.
",Your Inquiry Case Number 8621368,"[수신자]님께,

수취인: [이름]
지급 금액: [$금액]
예정일: [날짜]
계좌 번호: [직접 입력]
사례 번호: [직접 입력]

최근 문의해 주셔서 감사합니다.
귀하의 우려 사항을 해결할 수 있는 기회를 환영합니다.

저희 조사에 따르면 [기관명]에 [$금액]을 지불한 것으로 처리되었습니다.
그러나 귀하의 계좌에는 여전히 미지급 잔액이 표시되어 있습니다.
결과적으로 저희는 지불 증빙을 주문했으며, 수령 후 [기관명]에 전달하겠습니다.
저희는 이 지불을 계속 모니터링하고 귀하의 계좌에 제대로 입금되면 알려드리겠습니다.

참고: 귀하는 조사 중에 저희가 의존한 모든 문서의 사본을 받을 권리가 있습니다.
문서를 요청하려면 언제든지 [이메일 주소]로 이메일을 보내거나 전화로 문의하세요.
귀하의 요청에 사례 번호를 제공하여 확인하십시오. 우리는 귀하에게 [우편 주소]로 적절한 문서를 보냅니다.

이 메시지에 직접 답장하지 마십시오.
귀하의 문의에 대한 신속하고 안전한 답변을 보장하기 위해 안전한 [서비스명] 세션에 로그인하여 요청을 제출하십시오.

감사합니다.
[발신자]"
"Fellas:   Enjoyed the weekend with you all immensely.
I  think Travis and Don Jr. are my new benchmarks for late night longevity, and  Don.
Sr. is my new benchmark for marksmanship from a seated position.
I want to make you all aware of a new organization  that I have helped start up.
The Saltwater Conservation Association of  Texas was founded to give Texans a new conservation resource that is dedicated  solely to the coast of Texas.
We are a 501 (c) 3, non-profit, and we have no paid  staff.
Our goal for the next 3-5 years is to assist TPWD in their effort  to retire as many commercial shrimping licenses as possible, as Texas shrimpers  now accumulate around 80 million pounds of bycatch annually.
This bycatch  includes an incredible amount of flounder and croaker, not to mention numerous  forage fish for trout and reds.
We are an authorized agent of TPWD, whereby we can  solicit bids from shrimpers, purchase their license, and then hand it over to  TPWD.
The program is intended to target bay shrimping (not bait shrimping)  as the bay shrimpers drag their nets for hours on end, whereas the bait  shrimpers usually only drag for around 20 minutes or so.
To make a long  story short, the effect of thousands of chains dragging across the bays on a  daily basis is not good for the ecosystem.
I hope you will all consider becoming a Founding  Father.
If not, then any level of sponsorship is certainly  appreciated.
Details of our organization and sponsorship levels can be  found at our website - www.scatexas.org  -  or you can call direct at 512-392-1256.
You can join online or print an  application and mail it in.
Thanks for your consideration, and once again I  really enjoyed the weekend with you all.
Take care.
Sincerely,
",New Saltwater Conservation Organization,"안녕하세요, [수신자]님,

[이름]와 [이름1]과 함께 보낸 시간을 정말 즐겼습니다.
[이름]는 늦은 시간까지 [직접 입력]의 새로운 기준을, [이름1]는 [직접 입력]의 새로운 기준을 제시했습니다.

저는 여러분께 새로운 조직에 대해 알리고 싶습니다.
[조직명]은 [특정 지역] 주민들에게 전념하는 새로운 보존 자원을 제공하기 위해 설립되었습니다.
저희는 501(c) 3 비영리 단체이며 유급 직원이 없습니다.

저희의 향후 목표는 [목표1]을 돕는 것입니다. 현재 [업계/상황]에서 큰 문제가 되고 있는 [문제1]를 해결하고 있습니다.
저희는 [기술/서비스]를 통해 [직접 입력]을 목표로 합니다.

여러분 모두 창립자가 되는 것을 고려해 주시기 바랍니다.
그렇지 않다면, 어떤 수준의 후원이든 분명히 환영합니다.
저희 조직과 후원 수준에 대한 자세한 내용은 저희 웹사이트 [링크]에서 확인하시거나 [전화번호]로 직접 연락해 주세요.
온라인으로 가입하거나 신청서를 인쇄하여 우편으로 보내실 수 있습니다.

고려해 주셔서 감사합니다. 그리고 다시 한번 함께 보낸 시간이 정말 즐거웠습니다.
조심하세요.

[발신자]"
"COLLEGE STATION, Texas (AP) - Football practice was delayed on Tuesday  for nearly two hours at Texas A&M University.
One of the players, while on his way to the locker room, happened to look down and notice a suspicious looking, unknown white powdery substance on the practice field.
Practice was immediately suspended by Coach R.C.
Slocum while the FBI was called in to investigate.
After a complete field analysis, the FBI determined that the foreign white substance that they found was the goal line.
",Important News Flash,"안녕하세요, [수신자]님.

[날짜]에 [장소/기관명]에서 [활동]이 거의 [시간] 동안 지연되었습니다.
선수 중 한 명이 [장소]로 가는 길에 우연히 [직접 입력]이 발견되었습니다.
[직책]은 즉시 [활동]을 중단했고, [기관명]이 수사를 위해 출동했습니다.
[기관명]은 [장소/대상]을 완전히 분석한 후, 발견된 [직접 입력]이 [직접 입력]라고 판단했습니다.

감사합니다.
[발신자]"
"Hey Don,  I need a little bit of info.
What time can the Mapp machine/printer go down the move weekend and how long can it stay down?
John:  We need to meet about this.
My office is open anytime, let me know.
",Mapp machine,"안녕하세요, [수신자]님.

[정보/자료]에 대해 좀 필요합니다.
[시간대]에 [장비/기기]는 언제쯤 내려갈 수 있고, 얼마나 오래 내려놓을 수 있나요?
이 문제에 대해 회의를 하고 싶습니다. 제 [장소/사무실]은 언제든지 열려 있습니다. 알려주세요.
"
"Hey Don,  I need a little bit of info.
What time can the Mapp machine/printer go down the move weekend and how long can it stay down?
John:  We need to meet about this.
My office is open anytime, let me know.
",Mapp machine,"안녕하세요, [수신자]님.

[정보]가 좀 필요합니다.
[날짜]에 [기계/프린터]는 언제쯤 내려갈 수 있고, 얼마나 오래 내려놓을 수 있나요?
이 문제에 대해 회의를 하고 싶습니다. 제 [사무실]은 언제든지 열려 있습니다. 알려주세요."
"Don...  Chuck  updated me on the status of our discussions re.
trading and creating a  TradersNews Energy product on EOL.
I fully understand  that corporately, you have a lot on your plate right now and we will be  patient.
I would like to meet with you in a few weeks when the dust  settles a bit.
I do have a one  quick question....  My sources indicate that Enron has agreed to place a  Megawatt-Daily Cinergy Hourly product on EOL within 2 weeks.
Is this a  true statement?
",Hang in There!,"[수신자]님,

[이름]이 [제품]을 거래하고 만드는 것에 대한 논의 상황을 알려주었습니다.
저는 기업으로서 지금 여러분이 할 일이 많다는 것을 충분히 이해하며, 우리는 인내심을 가질 것입니다.
저는 일이 조금 정리되면 몇 주 후에 여러분을 만나고 싶습니다.

한 가지 질문이 있습니다... 제 소식통에 따르면 [회사명]은 2주 이내에 [제품명]을 [장소/시스템]에 배치하기로 동의했다고 합니다.
이게 사실인가요?"
"I am putting the MAPP machine between you and Mark at 413/412.
The Dynegy PC is setup on your 4th monitor.
You will have 3 other monitors for your normal system.
Is this all correct?
Let me know,
",MAPP/Dynegy PC's,"[수신자]님,

[기기명]를 [위치1]과 [위치2] 사이에 두겠습니다.
[기기명]은 [장소/위치]에 설정되어 있습니다.
[수신자]님은 [기본 시스템]에 [개수]개의 다른 모니터를 갖게 될 것입니다.
이게 맞습니까?
알려주시면 감사하겠습니다.
"
"Here is a reminder about the Holiday Ball ticket.
To those of you on Pat's list I apologize for the duplication of information.
Mary G. Strickland Dear family and friends,  The Tickets for the Holiday Ball are going fast.
If you have not thought about it or just have not gotten around to it, please remember;  The third annual, League City Historical Society Ball  November 17, 2001  South Shore Harbour Resort Hotel  Cocktails and General visiting,  6:46pm  Gourmet Dinner, Program beginning at 7:30pm  Master of Ceremonies, The Honorable Sheriff of Galveston County Gean Leonard, and his co-hort in crime the more Honorable Cheryl Leonard  special appearance by the ""well surprise entertainment"" well ok, Dr. Doug Yost, a hypnotist of renown, and very funny!!
Silent Auction:  Dixie Chicks Rodeo Tickets, Astro opening game tickets, Resort homes on the Beautiful Guadalupe River, Tremont Hotel Package, and more and more and more!!!!!!!!!
Dancing to the 107.5 oldies band  Dress is everything from ""Let it snow attire to After 5, Black tie optional, (but some of us are wearing the tux, its the only time of year to do so, hahahaha)  Tickets are only $50.00 and a chance to see and be with all your friends.
",Holiday Ball,"[수신자]님,

[이름]의 목록에 있는 분들께, 정보가 중복되어 죄송합니다.
[이름1]의 사랑하는 가족과 친구 여러분, [이벤트명] 티켓이 빠르게 매진되고 있습니다.
혹시 아직 구매하지 않으셨거나 기억하지 못하셨다면, 아래 사항을 확인해 주세요.

[이벤트명] [날짜] [장소]
- 칵테일 및 일반 방문: 오후 [시간]
- 고급 저녁 식사: 오후 [시간]
- 프로그램 시작: 오후 [시간]

사회자: [사회자 이름], [직위]와 그의 동료 [동료 이름], 그리고 놀라운 [엔터테인먼트 내용], [이름] 박사의 특별 출연도 있을 예정입니다. 매우 재미있을 것입니다!

감사합니다.
[발신자]"
"Pat Hallisey ws kind enough to pass on this information.
Just a note that our good friend Cathy Pauls (acacia north) passed away yesterday morning.
Visitation is at 10-11 Sat.
morning with a mass at St. Mary's catholic church at 11:00am.
This is all the info I have but Cathy was loved by all that new her.
She will be sadly missed.
Pat  Our thought and prayers are with the family.
Mary G. Strickland
",Kathy Pauls Visitation/Mass,"[수신자]님,

[이름]가 친절하게 이 정보를 전달해 주었습니다.
저희의 좋은 친구 [이름1]가 어제 아침에 세상을 떠났습니다.
조문은 [날짜] 오전 [시간]에 있으며, 오전 [시간]에 [장소]에서 미사가 진행됩니다.
제가 알고 있는 정보는 전부입니다. [이름1]는 그녀를 아는 모든 사람에게 사랑받았습니다.
그녀는 슬프게도 그리워질 것입니다.

저희의 생각과 기도는 가족과 함께합니다.

감사합니다.
[발신자]"
"On November 17, 2001 between 01:00 and 05:00 Entergy will be switching to an OASIS node provided by ESCA.
During the outage customers will NOT have access to the current OASIS site provided by MAIN.
Once the OASIS comes back online there will be a link at the current OASIS site provided by MAIN that will direct customers to the new OASIS site provided by ESCA.
Once the new OASIS node is up, the customers should not have any trouble accessing the site.
You have received this email because your email address is listed as a valid customer email with Tradewave.
If you feel you have received this email in error, please contact your system administrator and have your profile changed or removed from Tradewave.
Entergy Transmission Operations
",Subject:  Entergy OASIS outage between 01:00 and 05:00 CST on  11/17/2001,"[수신자]님,

[날짜] [시간]에서 [시간] 사이에 [회사명]은 [기존 서비스]에서 [변경될 시스템]으로 전환합니다.
정지 기간 동안 고객은 [기존 시스템]에서 제공하는 현재 [서비스/사이트]에 액세스할 수 없습니다.
[시스템]이 다시 온라인 상태가 되면, [기존 시스템]에서 제공하는 현재 [서비스/사이트]에 고객을 [새로운 시스템]에서 제공하는 새로운 [서비스/사이트]로 안내하는 링크가 표시됩니다.
새로운 [시스템/서비스]가 가동되면 고객이 사이트에 액세스하는 데 아무런 문제가 없을 것입니다.

귀하의 이메일 주소가 [회사명]에 유효한 고객 이메일로 등록되어 있기 때문에 이 이메일을 받았습니다.
이 이메일을 실수로 받았다고 생각되면 시스템 관리자에게 문의하여 [회사명]에서 프로필을 변경하거나 제거하십시오.

감사합니다.
[부서]
"
"Don,  Wanted to e-mail you what schedulers are doing what regions so your hourly guys will know for scheduling problems.
Cinergy-			Pat Hanse	  TVA/SOCO/Florida/JEA-		Larry Campbell  Comed-				Ashish Mahajan  Entergy-			Gretchen Lotz  MAPP-				Matt Lorenz  PJM-				Lisa Burnett  Nepool-				Anubhav Aggarwal   I back up every region, so when in doubt, they can call me.
Thanks,
",scheduler's by region,"[수신자]님,

스케줄러가 어떤 지역에서 어떤 일을 하는지 이메일로 알려드리고 싶어서, 시간당 직원들이 스케줄링 문제를 알 수 있도록 했습니다.

[지역1] - [이름1]
[지역2] - [이름2]
[지역3] - [이름3]
[지역4] - [이름4]
[지역5] - [이름5]
[지역6] - [이름6]

저는 모든 지역을 백업하고 있으니, 문의 사항이 생기면 제게 전화 주세요.

감사합니다.
[발신자]
"
"Don,  AEP has informed us over the past couple of nights that they MUST HAVE tag numbers in order to do next day checkouts.
They claim that this has always been the case but we know that in the past we have not needed the tag #'s in order to check out.
It appears AEP enjoys being difficult.
So it looks like going forward we will need tag numbers from the schedulers in order to check our properly with AEP.
Seely
",Next Day Checkouts with AEP,"[수신자]님,

[AEP]는 지난 며칠 동안 다음 날 체크아웃을 하려면 반드시 [태그 번호]가 필요하다고 알려주었습니다.
그들은 항상 그랬다고 주장하지만, 과거에는 체크아웃을 위해 [태그 번호]가 필요하지 않았다는 것을 알고 있습니다.
[AEP]는 어려운 것을 좋아하는 듯합니다.
따라서 앞으로는 [AEP]에서 제대로 체크인하려면 [스케줄러]의 [태그 번호]가 필요할 듯합니다.

감사합니다.
[발신자]
"
"As of 11/21/01 I will be moving on.
I consider it to be a honor to have had the opportunity to work with such fine people.
I hope that we will all keep in touch.
Sincerely
",adios,"[수신자]님,

[날짜]부터 저는 계속해서 [업무/직책]을 수행할 예정입니다.
이렇게 훌륭한 사람들과 함께 일할 수 있는 기회를 가진 것을 영광으로 생각합니다.
진심으로 저희 모두가 계속 연락을 유지하기를 바랍니다.

감사합니다.
[발신자]"
"All,  The Enpower Database is in need of some routine maintenance and clean-up.
The work is designed to improve performance and expandability for the future.
We were hoping to utilize the Thanksgiving holiday to perform some of this work.
What we need from you guys is permission to have some agreed upon downtime for Enpower over the holidays so we can run some clean-up jobs on the database.
However, we do need to execute the jobs in such a way as to have a minimal impact on the Real Time trading desks.
Here is our plan as was previously discussed with David Poston:  Wed Nov 21, 8pm - 10pm Central (6pm - 8pm Portland), for unrelated hardware maintenance  Beginning Saturday thru Sunday, rolling 3 hour outages: (NOTE:  during the below times, the system may not actually be totally down, but error messages may occur so don't be alarmed)  Starting Saturday morning at 10am (8am Portland Time) we will be contacting the East & West Real Time Desks to determine if they can afford a 3 hour down-time window.
When the clean-up job is completed, we will contact the related desks that the Enpower application is now available.
We will then want to keep the environment stable for at least an hour to allow the traders to catch up from the down-time.
We will repeat this process during the following time periods.
Saturday, November 24nd from 10am (8am Portland) - Saturday, November 24th @ 6pm (4pm Portland) Saturday, November 24nd from 8pm (6pm Portland) - Sunday, November 25th @ 8am (6am Portland) Sunday, November 25th from 10am (8am Portland) - Sunday, November 25th @ 6pm (4pm Portland)
",Enpower weekend maintenance - down times,"[수신자]님,

[시스템/서비스명] 데이터베이스에는 정기적인 유지 관리 및 정리가 필요합니다.
이 작업은 향후 성능과 확장성을 개선하기 위해 설계되었습니다.
우리는 [기간]을 활용하여 이 작업 중 일부를 수행하기를 바랍니다.
여러분께 필요한 것은 [휴일/특정 기간] 동안 [시스템/서비스명]에 대한 합의된 다운타임을 허용하여 데이터베이스에서 정리 작업을 수행할 수 있도록 하는 것입니다.
그러나 [실시간 서비스/기능]에 최소한의 영향을 미치는 방식으로 작업을 실행해야 합니다.

이전에 [이름]과 논의한 대로 계획은 다음과 같습니다:
[날짜 및 시간] [시간대]

관련 없는 [서비스/시스템] 유지 관리: [날짜 및 시간]
(참고: 아래 시간 동안 시스템이 실제로 완전히 다운되지 않을 수 있지만 오류 메시지가 발생할 수 있으므로 놀라지 마십시오)

[시간대]부터 [서비스/부서]에 연락하여 그들이 [다운타임 기간] 동안 작업을 진행할 수 있도록 합니다.
정리 작업이 완료되면 관련 [서비스/부서]에 연락하여 [시스템/서비스명]을 다시 사용할 수 있게 됩니다.
그 후, 최소 [시간] 동안 환경을 안정적으로 유지하여 [사용자/팀]이 따라잡을 수 있도록 합니다.

다음 기간 동안 이 프로세스를 반복합니다:
[날짜 및 시간] - [날짜 및 시간]
[날짜 및 시간] - [날짜 및 시간]
[날짜 및 시간] - [날짜 및 시간]

감사합니다.
[발신자]"
"=09 =09    Dear Don,  The Washington bureau will have a full plate when we=  return from Thanksgiving break.
Congress returns with many lawmakers urgi= ng action on energy legislation before the end of the year.
Washington Bur= eau Chief Peter Cook says there's a long list of legislation ahead of energ= y in the Democrat-controlled Senate, but Republicans are threatening to for= ce a vote through a filibuster.
In turn, Democrats are saying they'll fili= buster any energy bill containing a provision to open Alaska's Arctic Natio= nal Wildlife Refuge to drilling.
The legislation battle continues next wee= k.   Peter also says the Washington bureau will continue to follow the FERC= 's major decisions regarding how it assesses market power.
The Commission = announced a major change this week that will impact many of the large and s= mall utilities across the country.
Also next week, we'll see what Energy = Daily Publisher Llewellyn King has to say about Pat Wood's performance as C= hairman of the FERC.
And rumors are flying about DOE Secretary Spencer Abr= aham - on Monday, King talks about the whispers he's hearing in Washington.=    ENL's Gale Smith will have a report from the Houston bureau next week on=  a Louisiana company that uses rice hulls to create power.
Agrilectric Inc= orporated consumes some of this power, but most of the electricity is sold = to an area utility company.
We'll have details next week.
Also, Houston = Correspondent Kim Benestante will bring us coverage from the Alaska Resourc= es Conference taking place next Thursday and Friday.
We'll also bring you = details on the final report regarding the chosen route of the Arctic natura= l gas pipeline.
The report is due to Alaska's Governor on November 30.
W= e'll hear from Center for Energy Efficiency and Renewable Technologies Exec= utive Director John White next week.
ENL's Kym McNicholas will speak with = White about his organization's opposition to the state's long-term power co= ntracts.
Catch White from the West Coast bureau next week.
Closing Price= s for Nov. 21, 2001:   Crude: $18.96       Unleaded: $0.5273   Heating Oil:=  $0.5342   Natural Gas: $2.813    Keep in mind things are subject to change=  at a moment's notice.
Occasionally guests have to cancel or change time sl= ots.
We'll continue to do our best to keep you updated on future interview= s and events.
Have a great Thanksgiving break!
We'll see you on Monday.
=
",Williams Energy News Live -- today's video newscast,"친애하는 [수신자]님,

[지국명]은 [휴가 기간] 후에 바쁠 것으로 예상됩니다.
[의회/정부기관]은 연말 전에 [주요 법안/주요 이슈]에 대한 조치를 촉구하는 많은 의원들과 함께 돌아왔습니다.
[지국장 이름]은 [정당명]이 통제하는 [기관명]에서 [주요 법안/이슈]를 앞두고 긴 목록이 있다고 말했지만, [반대정당명]은 [특정 행동/위협]을 통해 투표를 강요하겠다고 위협하고 있습니다.
반면에 [정당명]은 [주요 법안/이슈]에 포함된 [구체적인 항목]에 대해 필리버스터를 진행할 것이라고 말하고 있습니다.
입법 전쟁은 [다음 주/기타 기간]에도 계속될 것으로 예상됩니다.
[이름]은 또한 [기관명]이 [주요 이슈]에 대한 [결정/조치]를 계속 따를 것이라고 말했습니다.
[기관명]은 이번 주에 [업계/분야]의 [대형/소형 기업]에 영향을 미칠 주요 변경 사항을 발표했습니다.

[기타 관련 사항 및 이슈]에 대한 자세한 내용은 [날짜]에 추가로 알려드리겠습니다.

감사합니다.
[발신자]
"
"The last I heard, the MISO is supposed to begin offering service on their OASIS tomorrow for service starting January 1.
I wanted to let all of you know a bit about where we stand with regards to that process.
I have been working with several different folks here and at the MISO to ensure that we are ready to do business with the MISO and request service.
The MISO OASIS seems to be accepting our Tradewave Certs, so we just need to get our MISO login for their systems.
Today, the MISO will be sending out logins to their systems via FedEx, and should arrive prior to 10am.
Christi Nicolay will be receiving this information and distributing it as soon as it arrives.
Unfortunately, the MISO has been (as you probably know) cutting things closer and closer to the edge.
This login was supposed to be delivered a couple weeks ago, but they have just gotten around to sending it out.
Hopefully, we will not have any problems with it once it arrives.
As I understand it, there should be only one login set up for ""EPMI 24-Hour Operations,"" with a login of ""Enron.""
The password is currently only known by the MISO, but should be contained in the letter we receive tomorrow.
This login is a temporary one until we complete our final registration.
This final registration has been a bit more of a pain, as it has involved contractual agreements and credit obligations.
I am still working with our Legal, Credit, and AP folks to get everything set up.
Again, the MISO sent the final documents out fairly recently, and we have not had a great amount of time to review, analyze, and negotiate their terms.
Hopefully, we will have come to agreement with MISO about those items, and be able to file that final application soon.
If you have any questions or concerns, you can reach me at my desk (X53771) or via my cellular (713-927-4680).
Obviously, you can also call Christi (X37007) or Susan Lindberg (X30596) as well.
",MISO Registration,"[수신자]님,

제가 마지막으로 들은 바에 따르면, [기관명]은 [날짜]부터 서비스를 시작하기 위해 내일 [시스템명]에서 서비스를 제공할 예정입니다.
저는 이 프로세스와 관련하여 우리가 어떤 입장인지 여러분 모두에게 알리고 싶었습니다.
저는 여기와 [기관명]에서 여러 사람과 협력하여 [기관명]과 거래하고 서비스를 요청할 준비가 되었는지 확인했습니다.
[시스템명]에서 [서비스명]을 수락하는 것 같으므로 해당 시스템에 대한 로그인만 받으면 됩니다.
오늘 [기관명]에서 [방법]을 통해 시스템에 로그인을 보낼 예정이며 [시간] 전에 도착할 예정입니다.
[이름]이 이 정보를 받고 도착하자마자 배포할 예정입니다.

불행히도 [기관명]은 상황을 점점 더 악화시키고 있습니다.
이 로그인은 몇 주 전에 전달될 예정이었지만 방금 발송을 시작했습니다.
도착하면 아무런 문제가 없기를 바랍니다.
저는 이해하시죠, ""[프로세스]""에 대해 ""[시스템명]"" 로그인으로 하나의 로그인만 설정해야 합니다.
암호는 현재 [기관명]에서만 알고 있지만, 내일 받을 [문서/편지]에 포함되어 있을 것입니다.
이 로그인은 최종 등록을 완료할 때까지 임시 로그인입니다.
최종 등록은 계약적 합의와 신용 의무가 포함되어 있어서 좀 더 번거로웠습니다.
저는 여전히 [부서/직책]와 협력하여 모든 것을 설정하고 있습니다.

다시 말하지만, [기관명]에서 최종 문서를 비교적 최근에 보냈고, 그 조건을 검토, 분석 및 협상할 시간이 많지 않았습니다.
바라건대, [기관명]과 해당 항목에 대해 합의에 도달하고 곧 최종 신청서를 제출할 수 있을 것입니다.

궁금한 사항이나 우려 사항이 있으면 제 책상([전화번호])이나 휴대전화([전화번호1])로 연락하세요.
물론, [이름]나 [이름1]에게도 전화할 수 있습니다.

감사합니다.
[발신자]
"
"In regards to the billing of Enron related OATI services please complete the following starting February 1st.
Entity EPMIE - Enron Power Marketing, Inc.  PSE Name EPMIEA.
Please change the billing contact from Lloyd Will to Bob Hall (7138536956), the billing address is the same.
Please also reduce the number of accounts from 40 to 10.
Entity MDEA - Mississippi Delta Energy Agency.
PSE Name MDEA.
Please change the billing contact from Lloyd Will to Bob Hall (7138536956), the billing address is the same.
OATI WebOasis tool Please change the billing contact from Lloyd Will to Bob Hall (7138536956), the billing address is the same.
(Used for TVA, Big Rivers, Associated & East Kentucky.)
Entity ENSE - Enron SE .
CA Name ENNA  We no longer have these control areas but require access to the account for final reporting reasons.
Please change the billing contact from Lloyd Will to Bob Hall (7138536956), the billing address is the same.
Please contact me at 713-853-3383 with any coordination or additional details.
Thanks.
",OATI SERVICES,"[수신자]님,

[기업명] 관련 [서비스명] 청구와 관련하여 [날짜]부터 다음을 완료해 주세요.

엔터티 [엔터티명1] - [회사명1]
PSE 이름 [PSE 이름1].
청구 연락처를 [이름]에서 이름1로 변경하세요. 청구 주소는 동일합니다.
또한 계정 수를 [기존 계정 수]에서 [새 계정 수]로 줄여주세요.

엔터티 [엔터티명2] - [회사명2].
PSE 이름 [PSE 이름2].
[도구명] 도구 청구 연락처를 [이름1]에서 이름로 변경하세요. 청구 주소는 동일합니다.
([기타 관련 회사들]에 사용됨)

엔터티 [엔터티명3] - [회사명3].
CA 이름 [PSE 이름3]. 더 이상 이러한 통제 영역이지만 최종 보고 이유로 계정에 대한 액세스가 필요합니다.

조정 또는 추가 세부 정보가 있으면 [전화번호2]로 연락 주세요.

감사합니다.
[발신자]"
"I WAS GOING TO DRIVE JESSICA OUT TO CALI- JAN 27-FEB 1  (THIS IS ALREADY IN THE SCHEDULE) .
LET ME KNOW IF YOU WOULD LIKE ME TO WORK  ANY OTHER SHIFT BEFORE JAN 27TH.
IT'S NO PROBLEM, ESPECIALLY WITH THE CURRENT SITUATION.
I WOULD BE BACK ON SAT FEB 2ND FOR WORK.
IN MID FEB, MY FOLKS ARE COMING IN  FEB 17 AND LEAVE ON THE 24TH.
IF YOU NEED ME DURING THAT WEEK IF YOU'RE IN A BIND, WITH THE EXCEPTION OF FEB 19-21,  I'M PLANNING ON BEING IN NEW ORLEANS.
I'M FLEXIBLE.
THANKS AGAIN,  JOE
",DON--I THOUGHT I WOULD GIVE YOU MY TIME  OFF NEEDED,"[수신자]님,

[날짜]에 [이름]을 [장소]로 데려다줄 예정이었어요. (이미 일정에 포함됨).
[날짜] 전에 다른 교대근무를 하게 된다면 알려주세요.
지금 상황에서는 문제없습니다.

[날짜] 토요일에 일하러 돌아올 거예요.
[날짜 범위]에 제 가족은 [날짜]에 와서 [날짜]에 떠날 예정입니다.
그 주에 제가 필요하시다면, [날짜 범위]를 제외하고, [장소]에 있을 계획이에요.
저는 유동적으로 대처할 수 있습니다.

다시 한번 고맙습니다.
[발신자]"
"Hey Don!
How are you doing?
Feeling o.k.
today.
It was nice meeting you!
I wanted to follow up on our conversatian regarding the in house counsel that you may know.
Any info.
that you could send my way would be tremendous help.
I realize there might be a slim chance to get into anybody but it doesn't hurt to try huh?
I'm actually fasinated that you are still employed with Enron.
That has to be a huge success for you right now.
I wanted to fresh your memory on what I'm exactly looking for.
I am looking for the person who is in charge of vending out Enron's litigation support.
Who will be doing the copying of the documents that Enron has.
If you could poke around for me, that would be awesome!
My phone # is below so if you need to call me please do so.
If you want to e-mail that is fine too.
Have a great day off and thanks again for your help!
",follow up,"안녕하세요, [수신자]님,

잘 지내시나요?
오늘은 기분이 좋습니다.
지난번에 만나서 반가웠습니다!

당신이 알고 있을 [직책/부서]에 대해 [대화 상대]에게 후속 조치를 취하고 싶었습니다.
혹시 내게 보낼 수 있는 정보가 있다면 큰 도움이 될 것입니다.
누구와도 만날 가능성이 희박하다는 건 알지만, 시도해 보는 게 손해는 없잖아요?

사실, 여전히 [기업명]에서 근무하고 있다는 게 흥미롭습니다.
지금은 [기업명]에서 큰 성공을 거두고 계시겠죠.

내가 정확히 무엇을 찾고 있는지 다시 말씀드리고 싶습니다.
[기업명]의 [소송 지원/관련 업무]을 담당하는 사람을 찾고 있습니다.
[기업명]이 보유한 문서를 복사할 사람을 찾고 있거든요.

찾아서 알려줄 수 있다면 정말 좋겠습니다!
내 전화번호는 아래에 있으니, 전화해야 한다면 전화해 주세요.
이메일로 연락하고 싶다면 그렇게 해도 괜찮습니다.

좋은 하루 보내세요, 그리고 다시 한번 도와주셔서 진심으로 감사합니다!

[발신자]"
"All,  We have migrated many Enpower applications successfully on Saturday the Dec 8, 2001 for Pwr_Deal_Strips table change.
Please re-login to Enpower system for updates.
For further queries, please call me at X57926.
Thanks.
",Please re-login to Enpower Application,"[수신자]님,

[날짜] [요일]에 [시스템명] 테이블 변경을 위해 많은 [애플리케이션/시스템]을 성공적으로 마이그레이션했습니다.
업데이트를 위해 [시스템명]에 다시 로그인해 주세요.

추가 문의 사항이 있으면 [전화번호]로 전화 주세요.

감사합니다.
[발신자]
"
"I have spoken with Calger about us going through the West Power contracts with his team next Tuesday through Friday.
They are gathering an extended set of information (including the items on the current matrix) on their top 25 exposures.
The top 25 exposures include the top exposures under Master agreements and in many cases include numerous contracts.
Chris said that the 26th exposure was about $10MM and one would need to get to about the 50th exposure to get below $1MM.
I asked him to forward down whatever they had completed to date so we could get educated and keep a central file.
He is also going to forward a call in number for a conference call tomorrow so we can begin to get educated on the current effort.
Lorraine Becker (ext.
31680) will be handling travel arrangements.
Please forward your credit card # so she can complete the reservations.
(P.S.
Piper is getting verification from Bowen regarding travel expenditures.)
",West Power,"[수신자]님,

다음 [요일]부터 [요일]까지 [부서] 팀과 [프로젝트] 계약을 검토하는 것에 대해 [부서]와 이야기를 나누었습니다.
그들은 상위 [숫자]개 노출에 대한 확장된 정보([현재 매트릭스의 항목 포함])를 수집하고 있습니다.
상위 [숫자]개 노출에는 [계약명]에 따른 상위 노출이 포함되며 많은 경우 여러 계약이 포함됩니다.
[이름]은 [순위]번째 노출이 약 [금액]이고, [금액] 미만으로 내려가려면 약 [숫자]번째 노출까지 가야 한다고 말했습니다.

저는 그에게 지금까지 완료한 내용을 전달해 달라고 요청하여 교육을 받고 중앙 파일을 보관할 수 있도록 했습니다.
그는 또한 내일 [활동명]을 위한 전화 번호를 전달하여 현재 노력에 대한 교육을 시작할 수 있도록 할 것입니다.

[이름1]가 여행 일정을 처리할 것입니다.
그녀가 예약을 완료할 수 있도록 [정보]를 전달해 주십시오.
(P.S. [이름2]는 [이름3]으로부터 여행 경비에 대한 확인을 받고 있습니다.)

감사합니다.
[발신자]"
"Once again we have had some vandalism in CCV.
It is a shame to put all of your hard work into lighting up the yard and have you decorations vandalized.
Police reports have been made and extra patrols are being added.
Please call the police and let us know if you see or have any vandalism.
This time Peggy Zahler has had her light wires cut twice.
It is not the time taken to put up the lights or the money and time required to get new lights, it is the aggravation and the simple feeling that you are being taken advantage of.
We take pride int the fact that Clear Creek Village attracts a lot of attention during the holidays because you all do such a wonderful job of decorating.
Please be watchful and call League City PD.
Thank you.
Mary G. Strickland
",Vandalism in the village,"[수신자]님,

[장소명]에서 또다시 기물 파손이 발생했습니다.
[장식/시설]을 밝히는 데 온 힘을 다하고 장식을 파손한 것은 부끄러운 일입니다.
[기관명]에 신고했고 순찰을 강화하고 있습니다.

[기관명]에 전화해서 기물 파손을 보거나 발견하면 알려주세요.
이번에 [이름]는 [기물/설비]를 두 번이나 잘랐습니다.
[기기/설비]를 설치하는 데 걸린 시간이나 새로운 [기기/설비]를 설치하는 데 필요한 돈과 시간이 문제가 아니라, 짜증과 이용당하고 있다는 단순한 느낌 때문입니다.

[지역명]가 휴일 동안 많은 주목을 받는 것은 여러분이 [장식/설비]을 정말 잘해서 자랑스럽습니다.
조심하고 [이름1]에 전화하세요.

감사합니다.
[발신자]
"
"Hello ATW User Group!
OATS WILL BE UNAVAILABLE DECEMBER 29  Below is a message that was sent out by Alex Salpter of the EPA this morning.
The scheduled shut down of the OATS system should be planned on so that you don't find yourself in a last minute attempt to transfer allowances online and not be allowed.
As mentioned below, this especially affects NOx compliance since December 31, 2001 is the last day to transfer allowances in NATS.
Please review and prepare.
Best Regards,
",Access to EPA systems - OATS and ETS,"안녕하세요, [수신자] 님!

[시스템명]은 [날짜]에 사용할 수 없습니다. 아래는 오늘 아침 [기관명]의 [이름]이 보낸 메시지입니다.
[시스템명]의 예정된 종료는 마지막 순간에 [온라인 작업/활동]을 시도하다가 [허가/승인]을 받지 못하는 일이 없도록 미리 계획해야 합니다.
아래에 언급된 대로, 이는 특히 [날짜]가 [시스템/작업]에서 [작업/행동]을 완료할 수 있는 마지막 날이기 때문에 [규정/법률] 준수에 영향을 미칩니다.

검토하고 준비하세요.
감사합니다.
[발신자]"
"Subs are needed for Bingo on Saturday, January 12,  from 2-3:30 p.m. at the Artia.
Call Diana Denton at (281) 580-6310 (work)  or (281) 370-6765 (home).
Thanks.
",Atria sub needed for Saturday (tomorrow),"[수신자]님,

[날짜] [요일] 오후 [시간]부터 [시간]까지 [장소]에서 열리는 [프로젝트명]에 대체 인원이 필요합니다.
[이름]에게 [전화번호](직장) 또는 [전화번호1](집)로 전화하세요.
감사합니다.

[발신자]"
"Guys, I want to clear up a couple of points: 	a) if you had received a retention payment in early December with a date that expires Feb 28 - that retention payment will not be at risk in any way if you do not work for NETCO or if you choose to join the effort towards NewCo.
That payment was made on behalf of the Enron estate to ensure critical operations  are completed and  key people are retained; 	b) we are working to provide, as per our discussion this am, a new retention package for estate (and NewCo) employees for the next 90 days that should be forthcoming in the next several weeks; 	c) you are not in breach of your employement agreement by working towards NewCo versus Netco or the overall estate regardless of which company wrote or sponsored your original contract (ie) ENA , EES, EGM, etc.
These are all Enron assets; and 	d) I envision that NewCo upon it formation will have its own compensation plan which will provide competitive base salaries, a bonus program consistent or better than Enron's or possibly similar to what is being discussed about Netco, an equity participation plan, employment agreements and a competitive benefits package.
By copy to Jeff McMahon, I wanted everyone to know this is consistent with the overall message that I have been receiving.
Regards
",Retention Payments et al,"[수신자]님,

몇 가지 사항을 명확히 하고 싶습니다.

a) [날짜]에 [만료일]에 만료되는 유지 수당을 받았다면, [기업명]에서 일하지 않거나 [새로운 회사명]에 대한 노력에 동참하기로 선택하더라도 그 유지 수당은 어떤 식으로든 위험에 처하지 않습니다.
그 지급은 중요한 작업이 완료되고 핵심 인력이 유지되도록 [기업명1] 재산을 대신하여 이루어졌습니다.

b) 오늘 오전에 논의한 대로, [새로운 회사명] 직원들을 위한 새로운 유지 패키지를 향후 [기간] 동안 제공하기 위해 노력하고 있으며, 이는 향후 몇 주 내에 제공될 예정입니다.

c) 원래 계약을 작성하거나 후원한 회사([예: ENA, EES, EGM 등])에 관계없이 [새로운 회사명] 대 [기존 회사명] 또는 전체 재산을 위해 일함으로써 고용 계약을 위반하지 않습니다.
이것들은 모두 [기업명1] 자산입니다.

d) [새로운 회사명]이 설립되면 경쟁력 있는 기본 급여, [기업명1]과 동일하거나 더 나은 보너스 프로그램 또는 아마도 [기존 회사명], 주식 참여 계획, 고용 계약 및 경쟁력 있는 혜택 패키지에 대해 논의 중입니다.

[이름]에게 사본을 보내서, 이것이 내가 받아온 전반적인 메시지와 일치한다는 것을 모두에게 알리고 싶었습니다.

감사합니다.
[발신자]"
"The 2001 results of Natural Gas Marketer Customer Satisfaction by Mastio & Company.
Mastio & Company's Vice President, Bart Thedinger recently appeared on Williams Energy News Live to discuss the results of Mastio's most recent report on Natural Gas Marketer Customer Satisfaction.
Which gas marketers excel in customer service?
Click here (www.mastio.com/press/mk5video.html) to discover the results of what key decision makers who purchase nearly 90% of the natural gas sold in North America think.
""Customer Satisfaction Matters with Winning Companies""
",Williams Energy News Live Interview on Mastio's Natural Gas  Marketer Customer Satisfaction Study,"[수신자]님,

[기업명]의 [년도] 천연가스 마케터 고객 만족 결과에 대해 안내드립니다.
[기업명]의 부사장인 [이름]가 최근 [미디어명]에 출연하여 [보고서명]의 결과에 대해 논의했습니다.

어떤 [업종/기업]이 고객 서비스에서 우수할까요?
[여기를 클릭([링크])]하여 북미에서 판매되는 [상품명]의 약 [비율]%를 구매하는 주요 의사 결정권자가 생각하는 결과를 알아보세요.

""우승하는 기업에는 고객 만족이 중요합니다.""

감사합니다.
[발신자]
"
"Fallon has requested a DPR be prepared 2X a week for positions that we are executing on (active/live positions only, no terminations or deals we are not executing on).
We have put together the shell of how this DPR will look.
To start this process we are planning to present to him positions (column E) and PRM value (column X) as of 1/23.
To do this, we have laid out the following steps:   - we need to get the PRM values directly from you (column X) - we will run the benchmarks and need to work with you to ensure you are happy with the benchmark numbers we have pulled from RMS (the exception is gas, we need the gas risk group to provide the gas bench to us) - we need all of then exceptions/qualifications to your numbers - we will need the other information in the schedule to be reported to us starting next week, but not for this exercise   Please confirm to me/Shona that you can get us this info by 230 pm today.
Lastly, I am attaching the unofficialized book list as these books will not make it into the benchmarks and need you to confirm that there are no 3rd party positions in these books.
Thanks in advance
",DPR reporting for 22nd trading due today - request by Fallon,"[수신자]님,

[이름1]은 우리가 실행 중인 포지션([활성/라이브 포지션만, 종료 또는 실행하지 않는 거래 없음)에 대해 주 2회 [보고서명]을 준비하도록 요청했습니다.
우리는 이 [보고서명]이 어떻게 보일지에 대한 셸을 구성했습니다.
이 프로세스를 시작하기 위해 [날짜] 기준으로 포지션([열 E])과 [PRM 값]([열 X])을 그에게 제시할 계획입니다.

이를 위해 다음 단계를 마련했습니다:

[PRM 값]을 귀하로부터 직접 받아야 합니다([열 X]).

벤치마크를 실행하고 [시스템명]에서 가져온 벤치마크 수치에 만족하는지 확인하기 위해 귀하와 협력해야 합니다(예외는 [업종/항목명]입니다. [업종/항목명] 위험 그룹에서 해당 벤치를 제공해야 합니다).

귀하의 수치에 대한 모든 예외/자격이 필요합니다.

[날짜]부터 일정에 있는 다른 정보를 보고해야 하지만 이 연습에는 필요하지 않습니다.

오늘 오후 [시간]까지 이 정보를 제공할 수 있는지 저/[이름]에게 확인해 주십시오.

마지막으로 첨부합니다. 비공식 도서 목록은 이러한 도서가 벤치마크에 포함되지 않으므로, 이러한 도서에 제3자 입장이 없음을 확인해야 합니다.

미리 감사드립니다.
[발신자]"
"Sally -   Thanks for your call.
Attached is the Gas Risk data Jeff provided me today.
I may not have mentioned it in our conversation, but Louise is also looking for a brief explanation as to why a person should be nominated for a promotion.
For any promotions you propose, please develop a few bullets to explain the reasons for this action.
Please call if you or Bob have any questions.
Thanks - Tana
",Gossett Promotion Data,"[수신자]님,

전화 주셔서 감사합니다.
오늘 [이름2]가 제공한 [데이터명]을 첨부했습니다.
저는 대화에서 언급하지 않았을 수도 있지만, [이름]은 또한 사람이 승진 후보로 지명되어야 하는 이유에 대한 간략한 설명을 원합니다.
제안하는 승진에 대해 이 조치에 대한 이유를 설명하는 몇 가지 요점을 정리해 주세요.

당신이나 [이름1]에게 질문이 있으면 전화해 주세요.

감사합니다.
[발신자]
"
"Here is the final schedule.
I believe our next step will be to split this information by counterparty.
I'll get back to you with a plan on how to do this.
If you have any last minute changes, let me know.
Also, please review the qualifications tab for further information.
Thanks for all your work.
Regards
",Final 11/30 for today,"[수신자]님,

마지막 일정입니다.
다음 단계는 이 정보를 [대상자별]로 나누는 것이라고 생각합니다.
이를 수행하는 방법에 대한 계획을 가지고 다시 연락드리겠습니다.

마지막 순간에 변경 사항이 있으면 알려주세요.
또한 [섹션]을 검토하여 자세한 정보를 확인하세요.

모든 노고에 감사드립니다.
감사합니다.
[발신자]"
"Just a quick note to all that these employees are finally getting somewhere and getting the much needed forms and information they need.
Thanks to all who helped!
Sabra Dinari
",Benefits for Terminated Employees,"[수신자]님,

이 직원들이 마침내 어딘가에 도착하고 필요한 양식과 정보를 얻고 있다는 것을 모두에게 간단히 알려드립니다.
도와주신 모든 분들께 감사드립니다!

감사합니다.
[발신자]"
"Bob,  We all realize these are difficult times and we must all adjust and work together but I would like to make you aware of the recent support changes that pose some issues for Logistics.
We are told that the Solution Center is not available after 7:00 p.m.  Monday through Friday nor are they available on the weekend.
We are continuing to schedule gas in Logistics albeit on a limited basis during these after hours so is there anyway IT can manage to provide some level of support?
We appreciate your efforts to work with us to develop a solution.
Regards,
",IT Support,"[수신자]님,

우리 모두는 지금이 어려운 시기임을 알고 있으며, 우리 모두는 적응하고 함께 일해야 하지만, 저는 물류에 몇 가지 문제를 야기하는 최근 지원 변경 사항을 알려드리고 싶습니다.
[부서명]은 [요일]부터 [요일]까지 오후 [시간] 이후에는 이용할 수 없으며 주말에도 이용할 수 없다고 합니다.
우리는 이러한 야간 시간에도 물류에서 [업무명]을 예약하고 있지만 제한적으로 예약하고 있으므로 [부서명]이 어느 정도 지원을 제공할 수 있는 방법이 있을지 궁금합니다.

[솔루션/계획]을 개발하기 위해 우리와 협력해 주셔서 감사합니다.
감사합니다.
[발신자]"
"Attached is a document relating to confirmations and settlements functions, opportunities, and key dates.
Let me know what changes you would like to see and we can incorporate into the document.
Thanks, Leslie
",NETCO presentation,"[수신자]님,

첨부된 문서는 [기능명] 기능, [기회/주요 사항] 및 [주요 날짜/기한]와 관련된 문서입니다.
어떤 변경 사항을 보고 싶은지 알려주시면 문서에 통합할 수 있습니다.

감사합니다.
[발신자]"
"On Friday January 11, 2002 from 8:30 a.m. till 1:00 p.m. we will be meeting in room 49C4 of the 1400 Smith Street Enron Building.
This is the first of several meetings between the Dynegy and Enron Information Technology (IT) departments.
The purpose of the January 11th meeting is to discuss the IT services to be provided by Enron and its affiliates to Dynegy/NNG under the transition agreement.
The term of the transition agreement is from February 2002 through June 2002.
This meeting will give us the necessary details to begin activities beginning the first of February, subsequent meetings will prepare us for June activities.
A document has been prepared incorporating the following information for discussion:  ETS Pipeline Map ETS Business Process Flow ETS Core Application Environment ETS Systems Diagrams ETS Server Summary ETS Business Continuity Plan Summary Ardmore Data Center Layout ETS IT Organization Chart Appendix 	ETS Reliability Monthly Report (template) 	ETS Application Volumes 	Application Inventory 	ETS Server Inventory 	ETS Server Inventory 	Software List  Other items for this discussion will include: software licensing interfaces (i.e.
from NNG to Dynegy for financial consolidation) security and system access, especially as related to those Enron employees who will become Dynegy employees on February 1, 2002  When our Dynegy guests arrive please ask the security desk to call Lillian Villarreal (713) 853-7092, to escort you to the meeting room.
Thank you.
",NNG Transition Meeting.,"[수신자]님,

[날짜] [요일] 오전 [시간]부터 오후 [시간]까지 [장소]의 [회의실]에서 회의를 갖습니다.
이 회의는 [기업명]와 [기업명1] [부서명] 부서 간의 여러 회의 중 첫 번째 회의입니다.

[날짜] 회의의 목적은 전환 계약에 따라 [기업명1]과 계열사가 [기업명]에 제공할 [서비스/IT 서비스]에 대해 논의하는 것입니다.
전환 계약의 기간은 [시작일]부터 [종료일]까지입니다.

이 회의에서는 [시작일]부터 활동을 시작하는 데 필요한 세부 정보를 제공하고, 이후 회의에서는 [종료일] 활동을 준비합니다.

다음 정보를 통합하여 논의를 위한 문서를 준비했습니다:

[문서 1]
[문서 2]
[문서 3]
[문서 4]
[문서 5]
[문서 6]

이 토론을 위한 다른 항목에는 다음이 포함됩니다:

[항목 1]
[항목 2]
[항목 3]

[기업명] 손님이 도착하면 보안 데스크에 이름 [전화번호]로 전화해 회의실로 안내해 달라고 요청해 주세요.

감사합니다.
[발신자]"
"Sally -   I have talked with Jeff Gossett and Bob Superty regarding possible promotions in their groups, but have not talked to any other group leaders.
Please let me know if you would like to be the contact for any of the groups or if you would like me to get that information from group Directors.
You can reach me on my cell at 713-503-7912 and I will be working late tonight.
Thanks for your help - Tana
",Promotion Request,"[수신자]님,

저는 [이름]과 [이름1]와 그들의 그룹에서 승진 가능성에 대해 이야기를 나누었지만, 다른 그룹 리더와는 이야기를 나누지 않았습니다.
그룹의 연락처가 되고 싶은지, 아니면 제가 그룹 [디렉터/상위 관리직]으로부터 정보를 받기를 원하는지 알려주세요.

제 휴대전화 [전화번호]로 연락 주시면 되며, 저는 오늘 밤 늦게까지 일할 예정입니다.

도와주셔서 감사합니다.
[발신자]"
"I left off three Operational Analysis people who recently moved to ECS from ECN.
They are at the bottom.
Hopefully this is the last change!
",ENW in ECS - Revised Again,"[수신자]님,

최근 [부서]에서 [부서1]로 옮긴 [직책명] 3명을 빼먹었습니다.
그들은 맨 아래에 있습니다.

이게 마지막 변경이기를 바랍니다!

감사합니다.
[발신자]
"
"Would you be available to meet on Friday, Jan 11th at 10am to review the new cash approval tool and the associated processes?
We are trying to get everyone up to speed the week in an effort to implement starting Monday.
Location:  EBN 2750   Please advise   Sheila
",Meeting to Review New Cash Approval Tool & Processes,"[수신자]님,

[날짜] [요일] 오전 [시간]에 만나서 새로운 [도구명]과 관련 프로세스를 검토할 수 있을까요?
우리는 [시작일]부터 시행하기 위해 모든 사람이 이번 주에 속도를 내도록 노력하고 있습니다.

위치: [장소]
[이름]에게 알려주세요.

감사합니다.
[발신자]"
"Sally, I know that we added Leslie Reeves, Christina Valdez adn Israel Estrada on Thursday but I was not sure who they replaced.
Can you provide me with the names of the employees that they replaced.
Thanks Sally!
Mandy
",Changes to List,"[수신자]님,

[날짜]에 [이름], [이름1], [이름2]를 추가한 건 알지만 누구를 대체했는지는 잘 모르겠습니다.
대체한 직원의 이름을 알려줄 수 있나요?

고맙습니다, [수신자]님!
[발신자]"
"Sally,  As we briefly discussed yesterday - can we chat about identifying ENW resources for each of the Business Units in Jim's world.
Basically in 3 groups - IT Infrastructure, IT Systems Development/Maintainence and Operations Spport.
I'm trying to compile a overall Headcount Summary - by Business Unit.
Both bodies & $.
We also need to touch base on the 3/4 EBS move planning stuff.
B.
",Networks Support for Wholesale Business Units - Headcount & $,"[수신자]님,

어제 간단히 논의했듯이, [주제]에서 각 사업부에 대한 [리소스명]을 식별하는 것에 대해 이야기해 볼까요?
기본적으로 3개 그룹으로 나뉩니다. [그룹1], [그룹2], [그룹3].
사업부별로 전체 인원 요약을 작성하려고 합니다.

또한, [프로젝트]에 대해서도 이야기해야 합니다.

감사합니다.
[발신자]
"
"We are in the process of preparing a list of all changes to the NETCO as of Friday.
These would most likely be people that were offered jobs, turned them down and were replaced.
I don't think we have had very many of these yet but I just wanted to verify.
If you could get back with me today that would be great.
John Lavorato is wanting this report by Tuesday am.
Please feel free to call me if you have any questions at 713-516-0324.
Thanks!
Mandy Curless
",Changes since Friday,"[수신자]님,

우리는 [마감일]까지 [기업명]의 모든 변경 사항 목록을 준비하는 과정에 있습니다.
이들은 아마도 일자리를 제안받았지만 거절하고 대체된 사람들일 것입니다.
아직 이런 사람들이 많지는 않은 것 같지만 확인하고 싶었습니다.

오늘 다시 연락해 주시면 좋겠습니다.
[이름]는 [마감일] 오전까지 이 보고서를 원합니다.

궁금한 사항이 있으면 언제든지 [전화번호]로 전화해 주십시오.

감사합니다!
[발신자]"
"We met with Mike Deville on Friday and discussed issues surrounding ENW's cash forecast.
As a result of updated information, we would like to amend our cash forecast as shown in the attached.
The attached file has also restated salaries and related expenses to reflect Netco employees in January (as you had adjusted our file).
The file does not reflect any allocations out.
Kerry Roper (x5-4895)
",Revised ENW Cash Forecast,"[수신자]님,

우리는 [날짜]에 [이름]과 만나 [주제]에 대해 논의했습니다.
업데이트된 정보의 결과로, 첨부된 파일에 표시된 대로 [주제]를 수정하고자 합니다.
첨부된 파일에는 [기간/항목명]의 [조정 사항]을 반영하기 위해 [관련 항목]도 재표시되어 있습니다(귀하가 파일을 조정했기 때문입니다).
파일에는 [항목명]이 반영되지 않았습니다.

감사합니다.
발신자
"
"We met with Mike Deville on Friday and discussed issues surrounding ENW's cash forecast.
As a result of updated information, we would like to amend our cash forecast as shown in the attached.
The attached file has also restated salaries and related expenses to reflect Netco employees in January (as you had adjusted our file).
The file does not reflect any allocations out.
Kerry Roper (x5-4895)
",Revised ENW Cash Forecast,"[수신자]님,

우리는 [날짜]에 [이름]과 만나 [주제]에 대해 논의했습니다.
업데이트된 정보의 결과로, 첨부된 파일에 표시된 대로 [주제]를 수정하고자 합니다.
첨부된 파일에는 [기간]의 [항목명]을 반영하기 위해 [관련 항목]도 재표시되어 있습니다(귀하가 파일을 조정했기 때문입니다).
파일에는 [항목]이 반영되지 않았습니다.

감사합니다.
[발신자]([전화번호])
"
"I hope you are all having a nice weekend.
With everything going on these days, I'm not sure if you have someone earmarked for taking over the responsibility for gas risk.
I would like to let you know I would like to perform that function in addition to my regular responsibilities.
Thanks,
",gas risk,"[수신자]님,

여러분 모두 즐거운 주말을 보내시길 바랍니다.
요즘은 모든 일이 진행 중이어서 [업무/책임명]에 대한 책임을 맡을 사람이 있는지 잘 모르겠습니다.
저는 제 정규적인 책임 외에도 그 기능을 수행하고 싶다는 것을 알려드리고 싶습니다.

감사합니다.
[발신자]"
"Thanks for coming over this afternoon.
Thought I would jot down what we heard from the meeting.
Please add, delete, modify as you see fit.
Thanks,
",Summary of Meeting,"[수신자]님,

오늘 오후에 와주셔서 감사합니다.
회의에서 들은 내용을 적어보려고 합니다.
필요하다면 추가, 삭제, 수정해 주세요.

감사합니다.
[발신자]"
"George -  This note is to confirm that Murray O'Neil's latest expense report (roughly $2,000) was for valid,  POST-petition business.
He travels from Portland where he is based, to Houston, as needed, to work on Power settlements and volume management for EES, and these expenses are for airfare, hotel and meals for the week prior to the Christmas holiday.
Per our discussion, I assume that these were held up by the system due to the $5,000 limitation, for further review.
Please have a member of your team expedite the review of this expense report, so that it can be released today, if possible.
I assume that they will confirm to us that the report has been released so that Murray will no longer be behind in his expense reimbursements, since he will be traveling to Houston again (and therefore incurring expenses) on Monday.
I understand that Enron is not issuing cash advances, but that once the initial backlog of expense processing is done, that reimbursement will occur much more quickly, now that we are in the post-petition environment.
Thanks so much,
",Murray O'Neil's expenses,"[수신자]님,

이 메모는 [이름]의 최근 경비 보고서(약 [금액])가 유효한 청원 후 업무에 대한 것임을 확인하기 위한 것입니다.
그는 필요에 따라 근무하는 [도시명]에서 [도시명]으로 이동하여 [부서명]의 [업무명]을 담당하고, 이 경비는 [휴가 기간] 전 주에 대한 항공료, 호텔 및 식사비입니다.

저희의 논의에 따르면, 저는 이것이 [금액 제한]으로 인해 시스템에서 보류되어 추가 검토가 필요하다고 생각합니다.
팀원 중 한 명이 이 경비 보고서의 검토를 신속하게 처리하여 가능하면 [날짜] 공개할 수 있도록 해주십시오.
그들이 보고서가 공개되어 [이름]가 더 이상 경비 상환에 뒤처지지 않을 것이라고 확인할 것이라고 생각합니다. 그는 [날짜]에 다시 출장을 가게 되어(따라서 경비가 발생하게 됨) 경비 상환이 늦어지지 않을 것입니다.

저는 [기업명]이 현금 선급금을 지급하지 않는다는 것을 알고 있지만, 경비 처리의 초기 백로그가 완료되면 그 상환이 훨씬 더 많이, 그리고 더 빨리 발생할 것입니다. 이제 청원 후 단계에 있습니다.

정말 감사합니다.
[발신자]"
"Steve will be on vacation Monday January 7, returning to the office on Tuesday.
Scott Abshire will be in charge during Steve's absence.
Scott will be available by email on Blackberry, his office phone is 713-853-1460, and his cell phone number is 713-853-6780.
Steve will be available by email on Blackberry.
Thank you,
",Steve Hotte Vacation 01/07/02,"[수신자]님,

[이름]는 [휴가 날짜]에 휴가를 가고, [복귀 날짜]에 사무실로 복귀합니다.
[이름1]가 [이름]가 없는 동안 책임을 맡을 것입니다.
[이름1]은 [연락 방법]에서 이메일로 연락할 수 있으며, 사무실 전화번호는 [전화번호]이고, 휴대전화 번호는 [전화번호1]입니다.
[이름]는 [연락 방법]에서 이메일로 연락할 수 있습니다.

감사합니다.
[발신자]"
"Dave Delainey has asked me to set up a meeting for Sunday, January 20, 2002.
Please call Kay Chapman @ 3-0643, if you are unable to attend.
Thanks,
",Strategy/Infrastructure/People,"[수신자]님,

[이름]가 [날짜]에 회의를 설정해 달라고 부탁했습니다.
참석이 어려우시다면 [이름1]에게 [전화번호]로 전화해 주세요.

감사합니다.
[발신자]"
"This org.
chart head count totals 135, with an additional 34 that should be included from Peggy Hedstrom's org.
chart sent from the Canada office which totals 169 for NETCO Energy Operations.
If you have any questions please contact Leslie Reeves @ X37962.
Thank you,
",NETCO Org. Chart,"[수신자]님,

이 조직도의 인원은 총 [인원수]명이며, [장소]에서 보낸 [기업명]의 조직도에서 추가적으로 [추가 인원수]명을 포함해야 합니다.
[기업명1]의 인원은 총 [총 인원수]명입니다.

질문이 있으시면 [이메일 주소]로 연락해 주십시오.

감사합니다.
[발신자]
"
"Sally,   FYI...
The attached spreadsheet details the funds I have gotten in from our Prime Brokers since October 25th.
$180 million relates to Gary Hickerson's Equity Trading area.
$80 million relates to other business units.
Sheila  Summary			 Total 	 10/25-12/1 	 12/2- current 	 	Equity Trading		   180,569,077 	   152,765,815 	      27,803,262 	 	Other accounts		     79,425,478 	    36,508,039 	      42,917,439 	 	 All accounts 		   259,994,555 	   189,273,854 	      70,720,701
",Prime Broker Cash Back to Enron entities,"[이름]님,

첨부된 스프레드시트에는 [날짜] 이후 [회사명]에서 받은 자금이 자세히 나와 있습니다.
[금액]은 [부서명]과 관련이 있습니다.
[금액]은 다른 사업부와 관련이 있습니다.

[이름1] 요약 합계:
[기간1] [기간2]
주식 거래: [금액1], [금액2], [금액3]
기타 계정: [금액4], [금액5], [금액6]
모든 계정: [금액7], [금액8], [금액9]

감사합니다.
[발신자]
"
"I have heard through several sources that AEP has purchased the Enron Nordic team in Oslo.
This creates several issues that we must address:  Did AEP purchase any systems and/or contracts?
Are these employees still located in our office and if so are they assuming the building lease and associated expenses?
Do they still have access to our systems?
Who, if anyone, was not included in the AEP purchase?
Many of the deals were executed under ECTRIC - Nordic Branch; is this treated similar to ECTRIC?
Since ECTRIC still has not declared bankruptcy, we need to evaluate these portfolios immediately.
We probably do not have Commercial leadership in Oslo; therefore, we need to develop an action plan for that office.
I believe that there were only Power and Weather transactions managed by Thor Lien in the Oslo office.
If you have any questions or additional information for me, call at Ext.
31957.
Todd Hall
",Enron Nordic,"[수신자]님,

저는 여러 출처를 통해 [기업명]가 [위치]에 있는 [부서명] 팀을 인수했다는 소식을 들었습니다.
이로 인해 우리가 해결해야 할 몇 가지 문제가 발생합니다. [기업명]가 시스템 및/또는 계약을 인수했을까요?
이 직원들이 여전히 우리 사무실에 근무하고 있습니까? 그렇다면 건물 임대료와 관련 비용을 부담하고 있습니까?
그들이 여전히 우리 시스템에 접근할 수 있습니까?
[기업명] 인수에 포함되지 않은 사람은 누구입니까?
많은 거래가 [부서명]에서 실행되었습니다. [부서명]과 유사하게 처리됩니까?
[기업명]이 아직 파산을 선언하지 않았으므로 이러한 포트폴리오를 즉시 평가해야 합니다.
[위치]에는 상업 리더십이 없을 가능성이 높으므로 해당 사무실에 대한 실행 계획을 수립해야 합니다.
저는 [위치] 사무실에서 [이름]이 관리한 [업무] 거래만 있었던 것으로 생각합니다.

질문이나 추가 정보가 있으면 내선 번호로 전화하세요.
[전화번호]

감사합니다.
[발신자]
"
"Dear Sally & Beth,  We are already getting questions from different groups on how things will work in the new company (books, ERV, DPR).
They are all assuming that we are going with the new company.
I'm telling each of these groups that we are staying with the estate and as such, really don't know the answer to these qu's and are directing them to ask Jeff/Stacey.
Please let me know if either of you hear any info that would be of help.
Thanks
",questions that we are receiving,"[수신자]님,

우리는 이미 새로운 회사([부서명], [부서명1], [부서명2])에서 일이 어떻게 진행될지에 대한 다양한 그룹에서 질문을 받고 있습니다.
그들은 모두 우리가 새로운 회사와 함께 갈 것이라고 가정하고 있습니다.
저는 이 그룹들 각각에게 우리가 부지에 머물고 있기 때문에 이 질문들에 대한 답을 잘 모르고 있으며, [이름], [이름1]에게 물어보라고 지시하고 있습니다.

도움이 될 만한 정보를 들으면 알려주세요.

감사합니다.
[발신자]"
"Miss Meagan Worthing Beck.
Meghan's escort is Michael Austin Lyons.
Meagan's parents are Sally & David Beck.
Meagan is being presented by her  father, David Beck.
Meagan & her mother, Sally, have participated in NCL for 6 years.
Meagan's offices include Vice President of Activities and she has received the  Perfect Attendance Award.
Northwest Assistance Ministries was Meagan's favorite philanthropy.
In  particular, she will remember helping distribute food to victims after Tropical  Storm Allison and experiencing the immediate difference it made to the  recipients.
NCL has allowed her to become friends with many different girls,  whose friendships she will value forever.
As a student at Klein High, Meagan was a member of the Bearkadettes Drill  Team and Spanish Honor Society.
She also is a member of Sugar Plum Cotillion.
Her college plans will include either the University of Texas, SMU or the  University of Oklahoma.
She plans to major in Advertising.
Ladies & Gentlemen: Miss Meagan Worthing Beck
",Senior Commentary,"[수신자]님,

[이름]의 에스코트는 [이름1]입니다.
[이름]의 부모님은 [이름2]님과 [이름3]님입니다.
[이름]은 그녀의 아버지 [이름3]님의 소개로 참석하게 되었습니다.
[이름]과 그녀의 어머니 [이름2]님은 [기간] 동안 [조직명]에서 활동했습니다.
[이름]의 사무실에는 활동 부사장이 있으며, 그녀는 [성취사항]을 수상했습니다.
[지원 사역명]은 [이름]이 가장 좋아하는 자선 활동으로, 특히 [특정 사건] 이후 피해자들에게 식량을 나누고 즉각적인 변화를 가져오는 일을 기억하고 있습니다.
[조직명]에서 [이름]은 많은 친구들을 만났으며, 그 우정은 그녀에게 소중한 의미를 지니고 있습니다.
[학교명] 시절, [이름]은 [활동명] 훈련 팀과 [학회명]에 참여하며 적극적인 학습과 활동을 이어갔습니다.
또한 그녀는 [활동명]의 일원으로 활동했습니다.
그녀는 향후 [대학명1], [대학명2] 또는 [대학명3]에서 [전공명]을 전공할 예정입니다.

감사합니다.
[발신자]"
"The target date specified in an open audit observation has been reached.
Click on the document link below to view the observation / action step(s).
Please provide action step implementation detail along with completion date and submit return response to Donna Lowry.
If you should have any questions relating to this audit, please call the Observation Contact listed in the following observation (document link).
Thank you.
NOTE:  EACH E-MAIL REPRESENTS A SEPARATE AUDIT OBSERVATION.
Click on this link to view document -->
","""Project DoorStep"" TARGET DATE","[수신자]님,

공개 감사 관찰에 명시된 목표 날짜가 도달했습니다.
아래 문서 링크를 클릭하여 관찰/조치 단계를 확인하시기 바랍니다.
조치 단계 구현 세부 정보와 완료 날짜를 제공한 후, [이름]에게 회신 응답을 제출해 주세요.

이 감사와 관련하여 질문이 있는 경우, 다음 관찰(문서 링크)에 나열된 관찰 담당자에게 전화해 주시기 바랍니다.

감사합니다.

참고: 각 이메일은 별도의 감사 관찰을 나타냅니다.
이 링크를 클릭하여 문서를 확인하세요 --> [링크]"
"Hi Sally,  Wish you & your family a very Merry Christmas and a wonderful new year!
Hope everything is going well for you & you have been able to get sometime with your family during the holiday season.
I hate to bother you with this request because I realize you must be very busy; I was wondering if you had a chance to forward my resume to Ginger Gamble (at Reliant) and Carol Scherer (at Duke Energy).
The job market is really terrible right now and your recommendation will mean a lot for me.
Pl.
do let know if you would like me to resend my resume to you.
Best Regards,
",Merry Xmas & Happy New Year!,"안녕하세요 [수신자]님,

[수신자]님과 가족분들께 즐거운 크리스마스와 멋진 새해를 기원합니다!
모든 일이 순조롭게 진행되길 바라며, 휴가철에 가족과 함께 좋은 시간을 보낼 수 있기를 바랍니다.

이런 요청으로 귀찮게 해드려서 죄송합니다. 제가 알기로 [수신자]님께서 매우 바쁘실 텐데, 제 이력서를 [이름]과 [이름1]에게 전달해 주실 수 있을까요?
현재 일자리 시장이 매우 어려운 상황이라, [수신자]님의 추천이 저에게 큰 도움이 될 것입니다.

혹시 필요하다면 제 이력서를 다시 보내드릴 수 있습니다.

감사합니다.
[발신자]"
"Greg,  Just as a follow up to our conversation, I have serious concerns about the estate's ability to service IT requests.
The number of people that remain in the estate, that understand the gas and power systems, is limited (and we're receiving resignations now).
With this in mind, I would like to have the ability to outsource the IT department (applications, infrastructure) and potentially the back office staff to a consulting company (potentially Accenture or CGEY).
We would need to move the estate employees into this company and incentivize them to stay.
The consulting company could then supplement the staff and the Enron estate employees could now have a career path at the consulting company.
To make this deal attractive, the consulting company would like to have the ability to create a services company and offer IT and fulfillment and processing services to other companies.
By the way, this could be done for other commodities outside gas and power.
The deal would have to include royalty payments to the estate for each additional services agreement.
The intent is to make the services company into a thriving business.
We would also want to sell Commodity Logic (IP included) to round out the services offering.
We could consider selling the IP to our EGM and EIM systems as well.
All in all, the intent is to bring value to the estate and support the estate while the businesses wind down or start up.
We must make sure that the NETCO agreement allows the estate to license the gas and power software in some capacity and continue to develop the applications.
As an aside, the estate cannot perform on the Bridgeline or AEP deals.
There are not enough resources that fully understand the system, therefore, we cannot maintain a fully operational production quality system.
These deals must either be moved to NETCO or we need to find another alternative (the above referenced services company or selling the software to AEP and Bridgeline).
I know this is long winded, but I needed to get these points down on paper.
I am on vacation next week, but can be reached on my cell phone at 713-240-0919 or at my house in Kiawah at 843-768-6651.
I'll also have my Blackberry but reception is poor on the island!
Have a great holiday.
Beth
",IT Plans for Estate,"[수신자]님,

대화에 대한 후속 조치로, 저는 IT 요청을 처리할 수 있는 재산의 능력에 대해 심각한 우려를 가지고 있습니다.
현재 재산에 남아 가스 및 전력 시스템을 이해하는 사람의 수는 제한적이며(그리고 지금 사직서도 접수되고 있습니다), 이 점이 문제입니다.

이를 해결하기 위해 IT 부서(애플리케이션, 인프라)와 백오피스 직원을 잠재적인 컨설팅 회사에 아웃소싱하는 방안을 고려하고 있습니다. 이 과정에서 재산 직원을 컨설팅 회사로 이전하고, 그들이 계속 머무를 수 있도록 인센티브를 제공해야 합니다.
이렇게 되면, 컨설팅 회사는 해당 직원을 보완할 수 있고, 재산 직원은 컨설팅 회사에서 경력을 쌓을 수 있는 기회를 갖게 됩니다.

또한 이 거래는 컨설팅 회사가 서비스 회사를 만들어, 다른 회사에 IT, 이행 및 처리 서비스를 제공할 수 있는 능력을 갖추게 하는 것을 목표로 합니다. 이는 가스 및 전력 외에도 다른 상품에 적용될 수 있습니다.
이 거래에는 각 추가 서비스 계약에 대한 재산의 로열티 지불이 포함되어야 하며, 서비스 회사를 성공적인 사업으로 발전시키는 것이 최종 목표입니다.

또한, 시스템 관련 지식 및 기술을 활용하여 사업을 확장하는 방법으로, 관련 IP 판매 등을 통해 서비스 제공을 완성하는 것도 계획하고 있습니다.
전반적으로, 사업이 축소되거나 시작되는 동안 해당 부지에 가치를 부여하고 지원하는 것이 핵심입니다.

현재 계약에 따라 해당 부지는 소프트웨어를 라이선스하고 애플리케이션을 계속 개발할 수 있도록 해야 합니다. 그러나 부지는 특정 거래를 수행할 수 없으며, 시스템을 완전히 이해하는 리소스가 부족하기 때문에 완벽하게 작동하는 생산 품질 시스템을 유지할 수 없습니다.

이러한 거래는 다른 회사로 이전하거나 다른 대안(서비스 회사 또는 소프트웨어 판매)을 찾아야 할 것입니다.

이 글이 길어진 점 양해 부탁드립니다만, 이러한 중요한 사항들을 정리해두어야 했습니다.
저는 다음 주에 휴가를 가게 되어, 급한 연락은 휴대전화 [전화번호]나 제 집 [전화번호1]로 주시면 됩니다. 블랙베리도 가지고 가겠지만, 섬에서는 수신이 불안정할 수 있습니다.

즐거운 휴가 되시기 바랍니다.
감사합니다.
[발신자]"
"I copied you on what I sent to Corp, but the attached file has more detail you might be interested in.
Let me know if you would like to sit down this morning and go over it.
Kerry
",Cash Forecast,"[수신자]님,

제가 [부서]에 보낸 내용을 복사해 드렸습니다. 첨부 파일에는 관심이 있을 만한 자세한 내용이 포함되어 있습니다.
오늘 아침에 시간을 내어 검토하고 싶으시면 알려주세요.

감사합니다.
[발신자]"
"Greg (Adams), Attached is our cash forecast.
There are several important points to keep in mind with this forecast: 1.
This is our best guess at this point.
As other business units clarify their business plans, it will affect our activity.
Once their plans are set and communicated to us, we can better forecast our numbers.
2.
This forecast represents the estate only.
(Since that is what we discussed in the meeting on Monday)  We have made no attempt to forecast NETCo since that has already been done and is seperate.
3.Infrastructures numbers are somewhat soft due to the Outlook problems experienced yesterday.
As they firm up or we get additional information, we can update numbers.
4.
We have not included any future severance or retainage payments as we discussed.
5.
I have included a tab which attempts to segregate costs by business unit.
Again, this is soft and will be better defined as the business units define their plans.
6.
I will be out of the office after today for a while.
If you have questions after today, contact Mike Galvan (x3-5439) or Kevin May (x5-2508) 7.
I have not put this file on the O: drive since it is being emailed.
Let me know if I need to.
Kerry (x5-4895)
",ENW Estate Cash Forecast,"[수신자]님,

첨부된 파일은 현금 예측입니다. 이 예측에는 다음과 같은 몇 가지 중요한 사항이 포함되어 있습니다:

1. 현재로서는 이것이 최선의 추측입니다. 다른 사업부가 사업 계획을 명확히 하면, 우리의 활동에 영향을 미칠 수 있습니다. 계획이 수립되어 우리에게 전달되면 더 정확한 예측을 할 수 있습니다.
2. 이 예측은 [부서명]에만 해당됩니다. [다른 부서명]은 이미 예측을 완료했으므로 별도로 진행하지 않았습니다.
3. 인프라 수치는 어제 발생한 시스템 문제로 인해 다소 부진한 상태입니다. 확실한 정보가 생기면 숫자를 업데이트할 수 있습니다.
4. 미래의 퇴직금이나 유보금 지급은 이 예측에 포함되지 않았습니다.
5. 사업부별 비용을 분리하려는 탭을 포함했습니다. 이는 부진하며, 사업부가 계획을 정의함에 따라 더 잘 정의될 것입니다.
6. 추가 질문이 있으시면 이름 또는 이름1에게 문의해 주세요.
7. 이 파일은 이메일로 보내드리기 때문에 드라이브에 저장하지 않았습니다. 필요하시면 알려주세요.

감사합니다.
[발신자]([전화번호2])"
"Following up on today's meetings, it is critical that we have your revised 19-month Cash Budget as early in the day on Tuesday, December 18th as possible.
(This format file has been revised to correct some formulas on the first page.)
Revised/Detailed 19 Month Cash Budget - Due December 18th ASAP As with the version you submitted earlier this week, revenues, expenses and other items need to be presented on a ""cash basis"".
WE NEED A SUBMISSION FOR EACH BUSINESS UNIT EVEN IF THERE IS NO PLANNED CASH MOVEMENT WITH CORP. With the exception of payroll, benefits and related items, there should be no allocations in your expense figures.
Networks is working on an overall budget for the organization, and Corporate will budget for rent and insurance expenses (allocations back to the business units will be done at a later date).
If you have not done so already, please confirm with Corporate HR your current payroll and headcount levels and make any adjustments from that level going forward.
For those business units that have some entities in bankruptcy as of 12/12/01, we will need one file that consolidates all those entities in bankruptcy, and one file that consolidates those that are not.
If as part of the initial submission you had broken out your business units into different segments, please do so for this plan as well.
Where it is requested or noted (*) please provide detailed back-up information on the appropriate sheets.
Please do not add any rows or columns to the first sheet labeled ""format"" or ""O&M_Detail"".
We are hopeful that most of the additional information requested is readily available.
If you have any questions please call myself (3-3887) or Mike Deville (5-7852)
",19 Month Cash Budget - Due December 18th,"[수신자]님,

오늘 회의에 대한 후속 조치로, [날짜] 오전까지 개정된 [기간] 현금 예산을 제출하는 것이 중요합니다. (이 형식 파일은 첫 페이지의 일부 공식을 수정하기 위해 개정되었습니다.)

개정/상세 현금 예산 - [날짜]까지 제출
이번 주 초에 제출한 버전과 마찬가지로 수익, 비용 및 기타 항목은 ""현금 기준""으로 제시해야 합니다.
- [부서명]에 계획된 현금 이동이 없더라도 각 사업부에 대한 제출이 필요합니다.
- 급여, 혜택 및 관련 항목을 제외하고는 비용 수치에 할당이 없어야 합니다.
- [조직명]은 조직의 전체 예산을 수립하고 있으며, [부서명]는 임대료와 보험 비용을 예산으로 책정할 것입니다. (사업부로의 할당은 나중에 이루어질 것입니다.)
- 아직 하지 않았다면 [부서명]에 현재 급여 및 직원 수 수준을 확인하고 앞으로 그 수준에서 조정을 하십시오.
- [날짜] 기준으로 파산한 법인이 있는 사업 단위의 경우 파산한 모든 법인을 통합하는 파일 하나와 파산하지 않은 법인을 통합하는 파일 하나가 필요합니다.
- 초기 제출의 일부로 사업 단위를 여러 세그먼트로 나누었다면 이 계획에도 그렇게 하십시오.
- 요청되거나 언급된 경우(*) 해당 시트에 자세한 백업 정보를 제공하십시오.
- ""format"" 또는 ""O&M_Detail""이라는 레이블이 붙은 첫 번째 시트에 행이나 열을 추가하지 마십시오.
- 요청된 추가 정보의 대부분을 쉽게 사용할 수 있기를 바랍니다.

질문이 있으시면 저([전화번호]) 또는 이름으로 전화하십시오.
감사합니다.
[발신자]"
"Sally, here is the latest org.
chart for the NETCO Logistics team.
If the promotion recommendations I made are followed through then a few title changes will be necessary.
Let me know if you have any questions, tks - Bob
",NETCO Logistics Org. chart,"[수신자]님,

[부서명] 팀의 최신 조직도입니다.
제가 한 승진 권고안이 잘 이행된다면, 몇 가지 직함 변경이 필요할 것입니다.

궁금한 점이 있으면 알려주세요,
고맙습니다.

[발신자]"
"Please see the attached file for your respective area (by your last name) and make sure you're comfortable with your latest forecast numbers (excluding salaries).
I have added a Capex section for any groups that will plan on spending capital dollars.
Please be as detailed as possible.
Assume forecast dollars are only reflective of the estate.
For those ENW groups likely to have resources moving to NETCo, please include those forecast dollars in the ""NETCo"" tab.
E.g., If we need a total picture of Jenny's spend, we'll add the ""Rub"" tab (estate) with the ""NETCo"" tab Jenny submits.
Jenny/Beth P., A license / maintenance renewal schedule was obtained from GSS.
We put together a summary tab called ""Lic-Main Breakout"".
These dollars are reflected in your respective forecasts.
Please review for completeness and ensure we are not double counting any dollars already included by your folks.
Please confirm your respective numbers and reflect any changes you know of by end of day today.
Thanks,
",19 Month Forecast Review,"[수신자]님,

첨부된 파일을 확인하고 최신 예측 수치(급여 제외)에 만족하는지 확인해 주세요.
자본 지출을 계획하는 그룹에 대한 [직접 입력] 섹션을 추가했습니다. 최대한 자세히 설명해 주세요.

예측 수치는 단지 부동산만 반영한다고 가정합니다.
리소스를 옮길 가능성이 있는 그룹의 경우, ""새 시스템"" 탭에 해당 예측 수치를 포함해 주세요. 예를 들어, 특정 부서의 지출에 대한 전체적인 그림이 필요한 경우, 해당 부서가 제출한 ""새 시스템"" 탭과 함께 ""부동산"" 탭을 추가합니다.

라이선스/유지 관리 갱신 일정을 받았습니다.
""주요 항목""이라는 요약 탭을 만들었습니다. 이러한 수치는 해당 예측에 반영됩니다.

완전성을 검토하고 이미 포함된 금액을 중복 계산하지 않았는지 확인해 주세요.
해당 수치를 확인하고 알고 있는 변경 사항을 반영해 주세요.

고맙습니다.
[발신자]"
"Andrew, etal    I wanted to provide an update on what people should expect on monday in respect to payment proposals.
We initiated test files on Thursday & Friday, to validate the distribution list and allow the BU Approvers & Delegates to get a feel for the data  We experienced some email address issues that have been corrected.
There are some additional names that were provided late Friday that will be added on Monday.
If your name was added by Andrew on Friday, you will not receive the files until Tuesday.
Expect data by Company type.
Non-dip companies - Reports will include all unpaid open items that have not been blocked for payment.
You should be marking the items that you DO NOT WANT to pay in the file & forwarding it to George Wasaff.
We will only release the items authorized by the BU & the cash committee.
Dip Companies - We will not be running a proposal for the DIP companies on Monday.
We are still working with the BU's to ensure that they have properly blocked the pre-petition open items posted to the commodity vendors before sending the proposals for approval.
We expect to finalize this on Monday so we can start the process on Tuesday.
It is imperative that this activity be completed before initiating this daily process.
When we run these on Tuesday, I would not really expect that many items.
We have not begun to process the post-petiton non-trade invoices.
We have been working to establish a process for segregating these invoices as well and have blocked posting of December activity until everyone was ready.
We expect to open up December on Monday.
I feel very confident that we will be ready to initiate this process for the Dip Companies on Tuesday.
If you have any questions or concerns, please give me a call at 5-5301 or drop me email.
Thanks
",Status of monday's payment proposal runs,"[수신자]님,

월요일에 진행할 지불 제안과 관련하여 필요한 업데이트를 드리고자 합니다.
이번 주 목요일과 금요일에 테스트 파일을 시작하여 배포 목록을 검토하고 승인자 및 관련 담당자가 데이터를 검토할 수 있도록 했습니다. 이 과정에서 이메일 주소 수정 문제를 겪었으며, 금요일 늦게 제공된 추가 항목들이 월요일에 반영될 예정입니다.

[이름]이 금요일에 귀하의 정보를 추가했다면 화요일까지 파일을 받지 못할 수 있습니다.
각 회사 유형별로 예상되는 내용을 정리했습니다.

- 비거래 회사: 지불이 차단되지 않은 미지불 항목이 포함된 보고서를 제공합니다. 지불하지 않으려는 항목은 파일에서 표시한 후, [이름1]에게 전달해 주세요. 승인된 항목만 릴리스됩니다.

- 거래 회사: 거래 회사에 대한 제안은 월요일에 실행되지 않습니다. 현재 BU와 협력하여 미결 항목을 차단한 후, 승인된 항목에 대해 제안을 준비하고 있습니다. 월요일에 마무리 후 화요일에 프로세스를 시작할 수 있을 것으로 예상합니다.

이 프로세스를 시작하기 전에 관련 작업을 완료하는 것이 필수적입니다.
화요일에 이를 실행할 때 많은 항목이 있을 것으로 예상되지 않습니다.

청원 후 비거래 송장 처리는 아직 시작하지 않았습니다.
송장 분리 작업을 위한 프로세스를 구축해 왔으며, 모든 준비가 완료될 때까지 12월 활동 게시를 차단했습니다. 월요일에 12월을 시작할 예정입니다.

화요일에는 거래 회사에 대한 프로세스를 시작할 준비가 될 것입니다.
이와 관련해 질문이나 우려 사항이 있으면 [전화번호]로 전화주시거나 이메일을 보내 주세요.

감사합니다."
"Attached is a revised Credit Watch listing as of 4/23/01.
Please note that NUI Utilities, Inc. has been placed on ""No Trades"".
If there are any personnel in your group that were not included in this distribution, please insure that they receive a copy of this report.
To add additional people to this distribution, or if this report has been sent to you in error, please contact Veronica Espinoza at x6-6002.
For other questions, please contact Bill Bradford at x3-3831, Russell Diamond at x5-7095, or Brant Reves at x3-9897.
",Credit Watch List--4/23/01,"[수신자]님,

첨부된 파일은 [날짜] 기준의 수정된 신용 감시 목록입니다.
[기업명]이 ""거래 금지""로 분류되었음을 알려드립니다.

배포된 보고서에 포함되지 않은 귀하의 그룹 인원이 있다면, 이 보고서 사본을 해당 인원에게 전달해 주시기 바랍니다.
배포에 추가할 사람이 있거나 이 보고서가 실수로 귀하에게 전송되었다면, [이름]([전화번호])에게 문의하십시오.

기타 문의 사항이 있을 경우, [이름1]([전화번호1]), [이름2]([전화번호2]), [이름3]([전화번호3])에게 문의하십시오.

감사합니다."
"Attached is an updated transitions list.
Please review and send any changes so I can update.
I will update again Thursday and will include a column for status.
We are in the process of drafting procedures which will have to become a formal protocol for AEP.
These are:  Request for New/maintenance of counterparties.
Once Web page is developed, procedures will be completed.
Request for new portfolios (books) after close.
Drafting procedures.
Request for new employee security.
Request to change curve mapping in ERMS/CPS.
Drafting procedures.
Also, it appears the IT service agreement may have to be amended to cover the  Web pages used to push operational data to customers (If AEP wants to continue the service) and the Tariff filing system we just put into production.
Also, we will need to resolve how we handle counterparties that Enron credit has request we suspend trading when AEP wants to continue trading.
We have had discussions with AEP about all of these issues and procedures.
",AEP_HPL Transition Issues,"[수신자]님,

첨부된 업데이트된 전환 목록을 확인해 주세요.
변경 사항을 검토한 후, 업데이트 요청을 보내주시면 반영하겠습니다.
목요일에 다시 업데이트하고 상태 열을 포함할 예정입니다.

현재 [기업명]의 공식 프로토콜이 되어야 할 절차를 초안 작성 중입니다.
다음은 주요 절차입니다:

- 상대방 신규/유지 관리 요청.
- 웹 페이지 개발 후 절차 완료 예정.
- 마감 후 새 포트폴리오(장부) 요청.
- 절차 초안 작성.
- 신규 직원 보안 요청.
- [시스템명]에서 곡선 매핑 변경 요청.
- 절차 초안 작성.

또한, IT 서비스 계약은 고객에게 운영 데이터를 푸시하는 데 사용되는 웹 페이지(서비스가 계속될 경우)와 최근 생산에 투입된 [시스템명]을 포함하도록 수정해야 할 수도 있습니다.

그리고 [기업명]이 거래를 계속 진행하려면 Enron credit에서 거래를 중단해 달라고 요청한 상대방을 처리하는 방법도 해결해야 합니다.

이 모든 문제와 절차에 대해 [기업명]과 논의하였으며, 진행 상황에 대해 계속 업데이트를 드리겠습니다.

감사합니다.
[발신자]"
"As part of the HPL transition, we are reviewing imbalances on shipper contracts.
Attached below is the list and where we stand on reconcilations.
About 50% are reconciled, meaning that the counterparty agrees with our number.
Most we are waiting on information from the counterparty.
The big items are the imbalances with Duke Energy, Gulf Energy, and Tejas.
Rita and I have people working with these counterparties to get good information.
thanks
",HPLC Imbalance File,"[수신자]님,

[시스템] 전환의 일환으로, 현재 선적 계약의 불균형을 검토하고 있습니다.
아래에 목록과 조정에 대한 우리의 입장이 첨부되어 있습니다.
현재 약 50%가 조정되었으며, 이는 상대방이 우리의 수치에 동의했다는 것을 의미합니다.
대부분의 경우, 우리는 상대방으로부터 추가 정보를 기다리고 있습니다.

특히, 큰 항목은 [상대방1], [상대방2], [상대방3]와의 불균형입니다.
[이름]과 저는 이러한 상대방들과 협력하여 유용한 정보를 얻고 있습니다.

감사합니다.
[발신자]"
"Sally,  Trying to remember your email so I can give you new contact info...here it is.
Sorry I missed your call.
I was here 'til after 10--you'd think
",Is this your email?,"안녕하세요, [수신자]님,

당신의 이메일을 기억하려고 노력 중입니다. 새로운 연락처 정보를 공유드리기 위해 이 이메일을 보냅니다. 아래에서 확인하실 수 있습니다.

[새로운 연락처 정보]

전화통화를 놓친 것에 대해 죄송합니다. 사실 10시가 넘어서까지 여기 있었지만, 전화를 놓쳤네요.

언제든지 필요한 정보가 있으면 말씀해 주세요.

감사합니다.
[발신자]"
"Sally, One of the things that Greg Piper has asked me to do is to take a look at the rest of the year and get each of the VP's to assess their margins and EBIT for the remainder of 2001.
For Energy Operations, that is usually very easy since there has been no revenues, and all of the costs are allocated out, so there should be zero EBIT if nothing changed.
Given your present direction, however, you may be generating some margin in 2001.
Do you have a feel for an amount I can put into our analysis and will 100% of your costs continue to be billed out or will some be applied to this new activity?
I am hoping to put something together next week, so if you or a designate could let me know in a few days I would appreciate it.
Kerry Roper (x5-4895)
",Forecast for 2001,"안녕하세요, [수신자]님,

[이름]가 제게 부탁한 것 중 하나는 올해 남은 기간을 살펴보고 각 부사장에게 남은 기간 동안의 마진과 EBIT를 평가해 달라는 것입니다. 특정 부문에서는 수익이 없고 모든 비용이 할당되어 있기 때문에 보통 매우 쉽습니다. 따라서 변경사항이 없다면 EBIT가 0이어야 합니다.

하지만 현재 진행 상황을 감안하면 남은 기간 동안 약간의 마진을 창출할 수 있을 것입니다.

저희 분석에 얼마를 반영할 수 있을지 감이 오시나요? 그리고 비용의 100%가 계속 청구될지 아니면 일부가 새로운 활동에 적용될지 궁금합니다.

다음 주에 관련 자료를 준비하려고 합니다. 귀하나 담당자가 며칠 안에 알려주시면 감사하겠습니다.

감사합니다.
[발신자]
[전화번호]"
"Sally,  Here's the first draft of a presentation geared toward prospective customers for our mid and back office services.
The message is more of a fact-finding than sales message.
Would appreciate your feedback.
(Jeff Harbert has not given me his take on it as of yet.)
Thanks,
",Customers - Getting the Requirements.ppt,"[수신자],

여기 미드오피스 및 백오피스 서비스의 잠재 고객을 대상으로 한 프레젠테이션 초안이 있습니다.
이 초안은 판매 메시지보다는 사실 조사에 중점을 두고 작성되었습니다.
귀하의 피드백을 부탁드립니다.
([이름]는 아직 이에 대한 의견을 제공하지 않았습니다.)

감사합니다."
"In order to maximize the potential synergies between the various mid- and back- office functions, to decrease replication errors, and to increase communication standards; are there any plans of creating a platform or reference center to bridge the differences between the systems, processes, and terminology of the various departments.
Perhaps a common resource center offering access to on-line system manuals and business unit overviews (which currently exist only in paper form or in some cases within the actual system database).
The reason: With Enron's size and transaction volume, many of the functions and the data managed by various groups within Enron (i.e.
credit, risk, settlements, volume management, global contracts, global counterparties, global rates, and the commercial systems) are fragmented.
Having participated in various process reviews and trouble-shooting/clean-up projects there seems to be a large disconnect between groups operating in various systems.
These disconnects; rather they be lack of information or understanding of how data flows between systems, how the data managed within each system impacts other upstream or downstream systems, or how the business processes within one group/system impacts the overall functionality of other groups, create large cracks producing an opportunity for mismanaged data, incomplete business reports, and increased risk to Enron.
The ideal objective; increase communication standards through a better understanding of system data functions/requirements and business processes, decrease system downtime and replication errors through a better understanding of the data relationships between systems, maximize department-to-department synergies (left hand knows what the right hand is doing), eliminate repetition, and further reduce potential risks to Enron due to information/business process oversight.
","Additional New Works; 5/2/01 Floor Meeting, 37th Floor","[수신자],

다양한 중간 및 백오피스 기능 간의 잠재적 시너지를 극대화하고, 복제 오류를 줄이며, 커뮤니케이션 표준을 향상시키기 위한 플랫폼 또는 참조 센터를 구축할 계획이 있는지 궁금합니다.

이 플랫폼은 아마도 온라인 시스템 매뉴얼과 사업부 개요에 액세스할 수 있는 공통 리소스 센터일 것입니다. 현재 이 자료들은 종이 형태로만 존재하거나 일부 경우에는 실제 시스템 데이터베이스 내에만 있습니다.

그 이유는 [기업명]의 규모와 거래량이 크기 때문에, 다양한 부서(예: 신용, 위험, 정산, 거래량 관리, 글로벌 계약, 글로벌 상대방, 글로벌 요율 및 상업 시스템)에서 관리하는 많은 기능과 데이터가 분산되어 있다는 점입니다.

다양한 프로세스를 검토하고 문제 해결 및 정리 프로젝트에 참여하면서, 여러 시스템에서 운영되는 그룹 간에 큰 단절이 있다는 점을 알게 되었습니다. 이러한 단절은 시스템 간 데이터 흐름에 영향을 미치거나, 한 시스템 내의 데이터가 다른 상류 또는 하류 시스템에 미치는 영향, 또는 그룹 내 비즈니스 프로세스가 다른 그룹의 전반적인 기능에 미치는 영향에 대한 정보 부족으로 인해 발생합니다. 그 결과, 잘못된 데이터 관리, 불완전한 비즈니스 보고서, [기업명]에 대한 잠재적 위험을 초래하는 큰 균열이 발생하고 있습니다.

이상적인 목표는 시스템 데이터 기능/요구 사항 및 비즈니스 프로세스에 대한 이해를 향상시켜 커뮤니케이션 표준을 높이고, 시스템 간 데이터 관계를 더 잘 이해하여 시스템 다운타임과 복제 오류를 줄이며, 부서 간 시너지를 극대화하는 것입니다. 또한, 정보를 더 효율적으로 관리하고 반복을 제거하며, 정보 및 비즈니스 프로세스 감독으로 인해 [기업명]에 발생할 수 있는 잠재적 위험을 줄이는 것입니다.

감사합니다."
"Please review and abide by the following travel policy and best practices.
Feel free to call either Tina Spiller or Peggy McCurley if you have any travel policy questions.
Thank you.
",Enron Net Works' T&E Policy and Best Travel Practices,"[수신자],

다음 여행 정책과 모범 사례를 검토하고 준수해 주세요.
여행 정책에 대한 질문이 있으면 [이름] 또는 [이름1]에게 전화해 주세요.

감사합니다."
"Sally,  You had mentioned in a voice mail that you have a spreadsheet that helps track the assets that NewCo is looking at.
I would like to work off the same sheet for consistency.
Also, when you get the chance I'd like to sit down and discuss Dave's plan of moving all the 'risk mgmt' team on the 31st  floor of ECN.
Regards,
",file,"[수신자],
음성 메일에서 [기업명]가 살펴보는 자산을 추적하는 데 도움이 되는 스프레드시트가 있다고 언급했습니다.
저는 일관성을 위해 같은 시트에서 작업하고 싶습니다.
또한, 시간이 되면 [장소]에 모든 '[부서]' 팀을 옮기는 [이름]의 계획에 대해 앉아서 논의하고 싶습니다.

감사합니다.
"
"Hi all,  Please find attached the main model assumptions as discussed yesterday.
I have not included the IT Hardware and Software assumptions since we need to come up with a new set of numbers based on real expenditures.
I am also attaching a table that Fred forwarded me with a more accurate counterparty count (including the breakdown by type).
This includes the total companies for the North American Market and we need to determine the targeting criteria within each group.
This number should allows us to obtain a better estimate of the total market size.
It'll be great if you can take a look and let me know what makes sense, what doesn't, what do you think is missing, etc.
I can be reached at extension 54658.
Thanks!
",Back Office Model Assumptions,"안녕하세요 여러분,

어제 논의한 주요 모델 가정을 첨부합니다.
실제 지출에 기반한 새로운 숫자를 내야 하기 때문에 IT 하드웨어 및 소프트웨어 관련 가정은 포함하지 않았습니다.
또한, [이름]가 더 정확한 상대방 수(유형별 세부 정보 포함)를 담은 표를 첨부합니다.
여기에는 시장의 전체 회사가 포함되며 각 그룹 내에서 타겟팅 기준을 결정해야 합니다.
이 숫자를 통해 전체 시장 규모를 더 잘 추정할 수 있습니다.

살펴보시고 무엇이 합리적이고, 무엇이 빠졌다고 생각하는지 피드백을 주시면 감사하겠습니다.
궁금한 점이 있으시면 내선 번호 [전화번호]로 연락 주세요.

감사합니다!"
"Sally,  Thanks for taking the time to discuss origination opportunities in EWS.
Per our discussion, I have attached a few presentations we have used during executive briefings with customers.
I have also attached a copy of my resume'.
Regards,
",Delivery Presentations,"안녕하세요 [수신자],

[기업명]에서 기회에 대해 논의하는 데 시간을 내주셔서 감사합니다.
토론에 따라 고객과의 임원 브리핑에서 사용한 몇 가지 프레젠테이션을 첨부했습니다.
또한 이력서 사본도 첨부하였습니다.

감사합니다.

[발신자]"
"Hi Sally -   Just wanted to let you know that I have recently begun collaborating with an ebusiness consultant from CGI - a large Canadian systems integrator with an energy practice - on a demand-generation piece that should be published in the trades in a few months.
The slant is on the scaling systems - IT and people - and the reduction in costs brought about by mid and back office systems affected by a sharp increase in online trading in the energy sector.
Eventually, will probably be looking for some quotes and input from you or your ops people.
I'll keep you up to date.
Thanks,
",FYI - Article in process,"안녕하세요 [수신자],

저는 최근 [국가/지역]의 대형 시스템 통합업체이자 [산업명]에 종사하는 [회사명]의 e비즈니스 컨설턴트와 협력을 시작했습니다. 몇 달 안에 거래에 게재될 수요 창출에 관한 글을 쓰기 시작했습니다.

현재 주력하고 있는 관심 분야는 확장 시스템(IT 및 인력)과 [산업명] 부문에서 온라인 거래의 급증으로 영향을 받는 중간 및 백오피스 시스템을 통한 비용 절감입니다.

향후에는 귀하 또는 귀하의 운영진으로부터 견적과 의견을 요청할 계획입니다.

최신 소식을 계속 공유드리겠습니다.

감사합니다.
[발신자]
"
"Sally,  Attached is the updated of the headcount file I sent you on Friday.
I misunderstood the original request and provided December 31 plan for all four years.
I have now updated the file with December 31 actual headcount numbers for 1998 through 2000 and plan for 2001.
I have also updated the EGM numbers and inserted a summary tab.
If you have any questions, let me know.
Thanks,
",Updated '98 - '01 Headcount File,"안녕하세요 [수신자],

금요일에 보낸 인원수 파일을 업데이트하여 첨부했습니다.

원래 요청을 오해하여 몇 년간의 계획을 제공했습니다. 이제 이전 몇 년간의 실제 인원수와 [현재 연도]의 계획을 파일로 업데이트했습니다.

또한 [직업 입력] 숫자를 업데이트하고 요약 탭을 삽입했습니다.
궁금한 사항이 있으면 알려주세요.

감사합니다.
[발신자]
"
"ttached are the revenues and the volumes per counterparty that you requested.
Please note that the revenue and OPM cost information is in Canadian dollars.
I will be forwarding a copy of our MSA Agreement template shortly.
Please call me once you've had a chance to review the information.
",Calgary outsourcing information,"안녕하세요 [수신자],

첨부된 것은 귀하가 요청하신 상대방당 매출과 거래량입니다.
매출과 OPM 비용 정보는 [통화 단위]로 되어 있습니다.
저는 곧 MSA 계약서 템플릿 사본을 전달해 드리겠습니다.

정보를 검토해 보신 후 전화해 주십시오.

감사합니다.
[발신자]"
"Due to the announcement Friday of the new organization of the trading groups to EWS, and the decision to include the risk control groups as part of Enron NetWorks, please hold off on making any of the below noted moves until we have resorted everything out.
We will endeavor to have this clarified by mid-week to enable us to make everything effective as of April 30.
Thanks
",Holdup on EES Transfers to EWS,"[수신자],

금요일에 [기업명]의 거래 그룹의 새로운 조직이 발표되었고, 위험 관리 그룹을 [회사명]의 일부로 포함하기로 결정했기 때문에, 모든 것을 해결할 때까지 아래에 언급된 조치를 취하지 마십시오.
[날짜]부터 모든 것을 효과적으로 적용할 수 있도록 주중 중반까지 이를 명확히 하려고 노력할 것입니다.

감사합니다.
[발신자]"
"Kerry,  As you are probably aware, the EES Risk Control organization is moving under Sally as of April 30, 2001.
Our initial thought was we would keep all the former EES employees together in a new ENA accounting entity, but have now decided that the Risk Control group needs to be captured as part of Enron NetWorks.
These were previously set up under a new ENA company number (#1596).
I don't know if within SAP we can simply repoint the profit and cost centers set up below to roll-up under ENW now instead of ENA, if not, we will need five new ones set up as follows:  	Executive (Meredith Eggleston)-27101 [Simper, Keith]  ,150260 	Risk Analytics (Neil Hong)-27102 [Simper, Keith]  ,150261  	Strategic Operations, Process & Systems (Scott Mills)-27103 [Simper, Keith]  150262  	Deal Capture/Confirmation (Meredith Eggleston)-27104 [Simper, Keith]  ,150263  	Global Data Management (Mark Evans)27105 [Simper, Keith]  ,150264   Thanks and don't hesitate to call with questions.
Thanks
",Transfer of EES Risk Control Employees,"[수신자],

아마 알고 계시겠지만, [프로젝트] 위험 관리 조직은 [날짜]부터 [이름] 밑으로 이전합니다.
저희는 처음에 모든 전 [프로젝트] 직원을 새로운 [회사명] 회계 법인에 모아두려고 했지만, 이제 위험 관리 그룹을 [회사명]의 일부로 통합해야 한다고 결정했습니다.
이들은 이전에 새로운 [회사명] 회사 번호([전화번호])로 설정되었습니다.

SAP 내에서 아래에 설정된 이익 및 비용 센터를 [회사명] 대신 [부서명]으로 롤업하도록 간단히 다시 지정할 수 있는지 모르겠습니다.
그렇지 않은 경우 다음과 같이 5개의 새 센터를 설정해야 합니다.
임원([이름]) - [전화번호]
[이름1] - [전화번호1]
[이름2] - [전화번호2]
[이름3] - [전화번호3]
[이름4] - [전화번호4]

감사합니다. 질문이 있으면 언제든지 전화주세요.

감사합니다.
[발신자]"
"Sally,  I am also working with the Commodity Logic people, and we thought it will be great if we can sit down with the CL Module Managers and some of your people (maybe James Scribner, Beth Apollo and Leslie Reeves) to talk about the pricing assumptions and estimates for Commodity Logic.
I think your group can add a lot value here by validating prices (would you be willing to pay x dollars for the product?, etc.).
Do you think a meeting is a good idea?
If not, can you think of a better way to capture this valuable input?
Thanks for your help!
",Commodity Logic,"[수신자],

저도 [프로젝트] 사람들과 함께 일하고 있는데, [부서명] 모듈 관리자와 여러분의 사람들(아마도 [이름], [이름1], [이름2])과 함께 [프로젝트]의 가격 가정과 추정에 대해 이야기할 수 있다면 좋을 것 같습니다.
저는 여러분의 그룹이 가격을 검증함으로써 (제품에 [금액]을 지불할 의향이 있습니까? 등) 많은 가치를 더할 수 있다고 생각합니다.
회의를 하는 건 어떨까요?
회의가 필요 없다고 생각하신다면, 귀중한 의견을 수집할 더 나은 방법은 어떤 게 있을까요?

도와주셔서 감사합니다!
[발신자]"
"All,  Here's a presentation outline that can be used to spark conversation at an initial customer meeting.
Please forward any comments back and I'll incorporate them.
Thanks,
",Customers - Getting the Requirements.ppt,"모두,

여기 초기 고객 미팅에서 대화를 시작하는 데 사용할 수 있는 프레젠테이션 개요가 있습니다.
모든 의견을 다시 전달해 주시면 통합하겠습니다.

감사합니다.
[발신자]"
"These guys are new - system is ready for beta testing.
Offering an ASP solution for mid and back offices, including lots of reporting and credit.
May 3, 2001---A new middle and back office Application Service Provider (ASP) solution has been launched by Derigen Consulting.
The Derigen Trade Center is designed to provide small and mid-sized trading and marketing operations an entry point into a comprehensive trading system.
(5/4/2001)
",Article detailing a new competitor in the back office outsourcing  space,"이 사람들은 새로운 사람들입니다. 시스템은 베타 테스트를 위해 준비되었습니다.
중간 및 백오피스를 위한 ASP 솔루션을 제공하며, 여기에는 많은 보고 및 신용이 포함됩니다.

[날짜] --- 새로운 중간 및 백오피스 애플리케이션 서비스 공급자(ASP) 솔루션이 [회사명]에서 출시되었습니다.
[회사명] [시스템명]은 소규모 및 중규모 거래 및 마케팅 운영에 포괄적인 거래 시스템에 대한 진입점을 제공하도록 설계되었습니다.

[날짜]"
"Folks have been asking just who is participating in the 2002 Business-Civic Leadership Forum that starts tonight.
Here is the roster.
Marilou A. Schopper Senior Vice President Center for Houston's Future
",The Center -- Winter 2002 Business-Civic Leadership Forum -- Class  Roster,"[수신자]님,

사람들이 오늘 밤부터 시작되는 [포럼명]에 누가 참여할지 묻고 있습니다.
다음은 참석자 명단입니다.

감사합니다.
[발신자], [기관명]의 수석 부사장
"
"I wanted to take a minute to commend all of you on a job well done in successfully integrating WebModal and implementing the operational processes for Freight Markets in a very short period of time.
I have been involved in several acquisitions over the years here at Enron and I have never seen one that went as well as WebModal from an operational standpoint.
Everyone came together as a team and ensured that integration timelines were met and that the business was allowed to continue its daily operations with minimal problems internally or to our external counterparties.
Again, congratulations on a great job.
Thanks for all of your hard work.
Brent
",EFM Operations,"[수신자]님,

저는 [기업명1]을 성공적으로 통합하고 매우 짧은 기간 내에 [부서명]의 운영 프로세스를 구현한 모든 분께 칭찬의 말씀을 드리고 싶습니다.
저는 [기업명]에서 수년간 여러 인수에 참여했지만 운영 측면에서 [기업명1]만큼 잘 된 인수는 본 적이 없습니다.
모두가 팀으로 뭉쳐 통합 일정을 준수하고 회사가 내부적으로나 외부 거래처에 최소한의 문제만 발생시키고 일상적인 운영을 계속할 수 있도록 했습니다.
다시 한 번, 훌륭한 일을 축하드립니다.
모든 노고에 감사드립니다.

[발신자]"
"The following is an update of the last two meetings of the FASB and decisions made regarding goodwill and intangible assets:  The Board reiterated that they intend to release the statement in final form in June 2001 despite publicity to the contrary.
The Board decided that goodwill should be tested for impairment annually rather than on an events-and-circumstances basis as previously proposed.
Additionally, goodwill should be tested for impairment during interim periods if an event or circumstance occurs between annual tests that might reduce the fair value of a reporting unit below its book value.
It should also be tested for impairment on an interim basis when (1) a more-likely-than-not expectation exists that a reporting unit or a significant portion of a reporting unit will be sold or disposed of, or (2) a significant asset group within a reporting unit is tested for recoverability under SFAS 121.
The Board changed the proposed method for determining the amount of goodwill to be included in the net assets to be disposed of.
Under the new method, a portion of the reporting unit's goodwill will be allocated to all divestitures.
I do not believe that the Board gave full consideration to all of the issues surrounding this decision.
In particular, they did not address application to divestitures that result in a loss prior to or as a result of goodwill allocation and disposals of equity, cost or fair value method investments.
additionally, the calculation itself is arbitrary and onerous in that fair values of the reporting unit and its recognized and unrecognized assets and liabilities will have to be determined each time a divestiture is done.
I will be consulting with AA on this to see if they can encourage the Board to give thought to these issues prior to releasing the final statement since they do not intend to discuss the issue further at this time.
The Board changed the proposed method of allocating goodwill upon an acquisition to allow for allocation of goodwill in an acquisition to a reporting unit even if none of the assets or liabilities of the acquired company have been allocated to that reporting unit.
Please feel free to call me if you have any questions on the latest developments.
Thanks.
Mary
",Goodwill Update,"[수신자]님,

다음은 FASB의 마지막 두 회의와 영업권 및 무형자산에 대한 결정에 대한 업데이트입니다. 이사회는 반대 홍보에도 불구하고 [날짜]에 최종 형태로 보고서를 발표할 계획이라고 반복했습니다.
이사회는 영업권에 대해 이전에 제안된 대로 사건 및 상황 기준이 아닌 매년 손상 여부를 테스트해야 한다고 결정했습니다.
또한 연간 테스트 사이에 보고 단위의 공정가치를 장부 가치보다 낮출 수 있는 사건이나 상황이 발생하는 경우 중간 기간에 영업권 손상 여부를 테스트해야 합니다.
또한 (1) 보고 단위 또는 보고 단위의 상당 부분이 매각되거나 처분될 가능성이 더 높을 것으로 예상되거나 (2) 보고 단위 내의 상당한 자산 그룹이 SFAS 121에 따라 회수 가능성을 테스트하는 경우 중간 기간에 손상 여부를 테스트해야 합니다.
이사회는 처분될 순자산에 포함될 영업권 금액을 결정하기 위한 제안된 방법을 변경했습니다.
새로운 방법에 따라 보고 단위의 영업권 일부가 모든 매각에 할당됩니다.
저는 이사회가 이 결정을 둘러싼 모든 문제를 충분히 고려했다고 생각하지 않습니다.
특히, 영업권 할당 전 또는 그 결과로 손실이 발생하는 매각 및 자본, 비용 또는 공정가치 방법 투자 처분에 대한 적용은 다루지 않았습니다.
또한 계산 자체가 임의적이고 부담스러워서 보고 단위와 인정되고 인정되지 않은 자산 및 부채의 공정가치는 매각이 이루어질 때마다 결정되어야 합니다.
저는 [기업명]과 협의하여 최종 보고서를 발표하기 전에 이사회가 이러한 문제에 대해 생각해 보도록 격려할 수 있는지 확인할 것입니다. 현재 이 문제를 더 논의할 생각이 없기 때문입니다.
이사회는 인수 시 영업권을 할당하는 제안된 방법을 변경하여 인수된 회사의 자산이나 부채가 보고 단위에 할당되지 않았더라도 인수 시 영업권을 보고 단위에 할당할 수 있도록 했습니다.
최신 동향에 대해 궁금한 사항이 있으면 언제든지 전화주세요.

감사합니다.
[발신자]"
"Meredith,  We have done some more work on this PRC attendee list.
Sally added:  Mark & Colette to Global pre-meeting You, Neil & Scott to Risk Mgmt pre-meeting You & Mark to final meeting.
Please let me know Monday, if possible, if this is okay, or if any other changes need to be made.
Thanks for your help!
!
",PRC Attendee Lists,"안녕하세요 [수신자],

우리는 [프로젝트/위원회] 참석자 명단에 대해 몇 가지 작업을 더 했습니다. [이름]가 다음과 같이 추가했습니다:

[이름1]와 [이름2]은 글로벌 사전 회의에,

[이름3]과 [이름4]은 위험 관리 사전 회의에,

[이름5]와 [수신자]는 최종 회의에 참석하면 됩니다.

이대로 괜찮은지, 아니면 다른 변경이 필요한지 확인 부탁드립니다. 가능하다면 월요일에 알려주시면 감사하겠습니다.

도와주셔서 감사합니다!

[발신자]"
"The Board decided in today's meeting to delay the effective date for adoption of the goodwill and intangible asset portion of the business combinations exposure draft to fiscal years beginning after December 15, 2001, permitting early adoption for fiscal years beginning after March 31, 2001 if financial statements for the first quarter have not yet been reported.
This means that goodwill amortization will continue through year-end.
Discussion is continuing on when the first impairment analysis will be required given the new adoption date and whether or not initial impairments may be reported as a change in accounting principle.
Adoption of the business combinations portion of the exposure draft is still anticipated to be required for acquisitions subsequent to June 30, 2001.
The main implication of this is that more excess purchase price is expected to be allocated to identifiable intangible assets rather than goodwill for acquisitions completed after this date.
The pooling-of-interests method of accounting for business combinations is still anticipated to be eliminated as of June 30, 2001.
",Goodwill Exposure Draft,"[수신자],

이사회는 오늘 회의에서 기업 결합 노출 초안의 영업권 및 무형자산 부분 채택의 발효일을 [날짜] 이후 시작되는 회계연도로 연기하기로 결정했으며, 1분기 재무제표가 아직 보고되지 않은 경우 [날짜] 이후 시작되는 회계연도에 대한 조기 채택을 허용합니다.
이는 영업권 상각이 연말까지 계속된다는 것을 의미합니다.
새로운 채택일을 감안할 때, 첫 번째 손상 분석이 필요한 시점과 초기 손상을 회계 원칙의 변경으로 보고할 수 있는지 여부에 대한 논의가 계속되고 있습니다.
[날짜] 이후의 인수에는 여전히 노출 초안의 기업 결합 부분 채택이 필요할 것으로 예상됩니다.
이것의 주요 의미는 이 날짜 이후에 완료된 인수의 경우 영업권보다는 식별 가능한 무형자산에 더 많은 초과 매수 가격이 할당될 것으로 예상된다는 것입니다.
기업 결합에 대한 이익 풀링 방법은 [날짜]부터 폐지될 것으로 예상됩니다.

감사합니다.
[발신자]"
"There seems to be some confusion around which DPR captures credit reserve and consumption premium reserves and which balance sheet these items fall on.
My understanding in talking with both Don and Kevin is that since EES is, on a go-forward basis, being granted origination (which would be the residual after all reserves are applied) that all prudency/reserve items will rest on the WhEES DPR.
The EES DPR will be just a single line net origination number.
We do need to capture the activity related to DSM in the EES DPR (including some portion of credit reserve and drift) but until we have the system capability to capture this it may just have to be part of the whole WhEES bucket.
This tracks with the idea that all future exposures (be they be wholesale price movement, tariff movement, credit exposure, etc.)
be borne by EWS.
If so, they need the reserves to properly offset any realized activity.
The balance sheet reserves associated with these items already rest in the ledgers that are rolling up underneath EWS now.
Reflecting the positions on the WhEES DPR will make them consistent with how we are capturing them from an accounting perspective.
If anyone disagrees with this treatment, please respond to all the parties above so we can resolve this issue.
If there are no objections I would recommend moving the credit reserve over at the next possible point.
Wade  P.S.
This thinking only reflects how things are currently contemplated, if the mix around what is with EWS vs. EES (i.e., accounts receivable) we may want to rethink the credit reserve portion.
",Credit Reserve,"[수신자],

어느 DPR이 신용 준비금과 소비 프리미엄 준비금을 포착하는지, 그리고 이러한 항목이 어느 대차대조표에 속하는지에 대한 혼란이 있는 듯합니다.
[이름]과 [이름1]과 이야기를 나눈 결과, EES가 앞으로 시작(모든 준비금이 적용된 후의 잔여)을 허가받고 있기 때문에 모든 신중성/준비금 항목이 WhEES DPR에 속하게 됩니다.
EES DPR은 단일 라인 순 시작 번호일 뿐입니다.
EES DPR에서 DSM과 관련된 활동을 포착해야 하지만(신용 준비금과 드리프트의 일부 포함) 이를 포착할 시스템 기능이 생길 때까지는 전체 WhEES 버킷의 일부가 되어야 할 수도 있습니다.
이는 모든 미래 노출(도매 가격 변동, 관세 변동, 신용 노출 등)이 EWS에서 부담해야 한다는 생각과 일치합니다.
그렇다면 실현된 활동을 적절히 상쇄하기 위해 준비금이 필요합니다.
이러한 항목과 관련된 대차대조표 준비금은 현재 EWS 아래에서 롤업되는 원장에 이미 있습니다.
WhEES DPR에 대한 입장을 반영하면 회계 관점에서 이를 포착하는 방식과 일관성을 유지할 수 있습니다.
이 처리에 동의하지 않는 사람이 있으면 위의 모든 당사자에게 응답하여 이 문제를 해결할 수 있도록 하십시오.
이의가 없다면 다음 가능한 지점에서 신용 준비금을 옮기는 것이 좋습니다.

감사합니다.
[발신자]

P.S. 이러한 생각은 현재 상황을 반영한 것일 뿐이며, EWS와 EES(즉, 미수금)의 혼합이 신용 준비금 부분을 재고해야 할 수도 있습니다."
"I am due to get the revised Risk Management reorganization groupings this afternoon.
At that point, additional cost centers may need to be set up so it will probably be the first of next week before any transfers could begin to happen.
Given that it will be the third week of May at that point, the effective date will probably have to be June 1, 2001 for SAP cost center reporting (correct)?
In any event, to enable us to have as clean a cut-off as possible for financial reporting purposes, I would like to wait and make these moves effective July 1, 2001.
That way their existing cost centers are pure for a full quarter and the new cost centers start off clean in a new quarter.
This will also help us from a planning perspective in developing a clean go-forward budget for these groups.
This will have no impact on our financial reporting, we will simply allocate costs to EWS from EES, rather than EES receive a charge from EWS for the entire second quarter.
Unless I hear strong objection to this, we will work toward a July 1, 2001 cutover.
Wade
",People Transfer,"[수신자]님,

오늘 오후에 개정된 위험 관리 재편 그룹을 받을 예정입니다. 그 시점에 추가 비용 센터를 설정해야 할 수 있으므로 아마도 다음 주 첫째 날이 되어서야 이전이 시작될 것입니다.

그 시점이 [날짜]이므로 SAP 비용 센터 보고의 발효일은 아마도 [날짜]이어야 할 것입니다 (맞나요?).

어쨌든 재무 보고 목적으로 가능한 한 명확한 마감일을 정하기 위해 [날짜]부터 이러한 조치를 취하고 싶습니다. 그렇게 하면 기존 비용 센터가 전체 분기 동안 순수하고 새 비용 센터는 새 분기에 깨끗한 상태로 시작합니다. 또한 이러한 그룹에 대한 깨끗한 진행 예산을 개발하는 계획 관점에서도 도움이 될 것입니다.

이것은 재무 보고에 아무런 영향을 미치지 않으며 [부서1]에서 [부서2]에 비용을 할당하기만 하면 되며 [부서1]가 [분기] 전체에 걸쳐 [부서2]에서 요금을 받는 것은 아닙니다.

강력한 반대가 없다면 이것으로, 우리는 [날짜]의 전환을 향해 노력할 것입니다.

감사합니다.
[발신자]
[전화번호]"
"This mail is the third in the series regarding the acceptance of RiskTrac VaR for UK Power.
Please see the previous 2 days which will provide the history.
Essentially we have now reached the stage where we can explain the jump in VaR from moving from the VaR spread sheet to RiskTrac based largely on the good work that Fergus Trenholme - London Risk Management and Stig Faltinsen - London Research have done  (it has been a team effort as many others have been called in as appropriate and I would like to thank them too).
A full analysis is contained in the note from Fergus and Stig below but the key points to note are:  the changing of the input parameters partially explains the difference in the VAR number between the 2 systems but not completely (including the change in factor loadings) the vast majority of the difference in the VAR numbers between the 2 systems is caused by the splitting of the volumetric position into the (primary and secondary) component curves in RiskTrac.
In RiskTrac PPP is currently set as the primary curve even though 75% of the position is on the station gate curve where as in the spreadsheet the whole position is against the PPP curve  As a result of us now being able to isolate and explain the jump in VaR from moving to RiskTrac we will be reporting this number from now on.
That said does the VaR number sound right ?
The numer is theoretically but is the theory close to reality in the Uk Power market ?The RiskTrac calculated $25m VaR is a 1 day VaR and the  methodology would imply it should be broken 1 in 20 business days.
Based on historical P&Ls this has not been the case and so it does not pass the ""sense check"".
(note that the original $13m VaR was only broken once or twice in the last year).
There are many potential explanations why, but if we think about how the price and volatility curves move they typically only move at the short end (ie only the first 2 years) and the component VarR for this period is in the order of $8m.
This could therefore imply that the volatilities we are using to calculate the VaR are too high.
The book undoubtedly contains significant risk but due to market illiquidity more consideration should be given to ""jumps"" or ""shocks"".
The book does posses increased fat tail risk at this lower VaR level which is not  captured in the current VaR calculation.
Outstanding issues / work  Based on the second bullet point above consideration needs to be given to changing the primary and secondary curve settings as well as the correlations and factor loadings for and between all the curves.
The impact of any such changes will need to be quantified.
Fergus and Stig aim to work with Houston research and the business on this over the next few days / week(s) and will be providing a regular update to those on this mail list.
Additional work needs to done to assess whether the VaR  number  / methodology being calculated / employed by RiskTrac truly represents the expected volatility and performance of the portfolio and truly represents the 1 day earnings risk for 19 out of 20 days.
It would also be appropriate, given the nature of the market and the term structure of the portfolio, to assess the fat tail risk being run.
I am away for the next 2 weeks so Fergus and Stig will be sending regular progress updates.
",PLEASE READ -Analysis of variance between spreadsheet VaR and  RisktRAC VaR for UK Power,"[수신자]님,

이 메일은 [프로젝트명]의 VaR 수용과 관련된 시리즈의 세 번째입니다. 이전 [일수] 동안의 기록을 참조하세요.

기본적으로 우리는 VaR 스프레드시트에서 [시스템1]으로 VaR이 이동한 것에 대한 설명을 할 수 있는 단계에 도달했습니다. 이는 주로 이름과 이름1이 수행한 좋은 작업에 근거합니다(다른 많은 사람들이 적절하게 요청되었기 때문에 팀워크가 필요했고 저도 그들에게 감사드리고 싶습니다).

전체 분석은 아래의 [이름]와 [이름1]의 메모에 포함되어 있지만 주의해야 할 핵심 사항은 다음과 같습니다. 입력 매개변수의 변경은 두 시스템 간의 VaR 숫자 차이를 부분적으로 설명하지만 완전히 설명하지는 못합니다(요인 로딩의 변경 포함). 두 시스템 간의 VaR 숫자 차이의 대부분은 [시스템2]의 체적 위치가 (1차 및 2차) 구성 요소 곡선으로 분할되어 발생합니다.

[시스템2]에서 PPP는 현재 1차 곡선으로 설정되어 있지만 포지션의 75%는 [곡선]에 있는 반면 스프레드시트에서 전체 포지션은 PPP 곡선에 반대합니다. 이제 VaR이 [시스템2]으로 이동하면서 발생한 점프를 분리하고 설명할 수 있게 되었기 때문에 이 숫자를 보고할 것입니다.

그런데 VaR 숫자가 맞는 것 같습니까? 이 숫자는 이론적이지만 이론이 [시장]에서 현실과 가까운가요? [시스템2]에서 계산한 [금액] VaR은 1일 VaR이고 방법론에 따르면 [영업일수]에 1회는 깨져야 합니다. 과거 손익 계산에 따르면 그렇지 않았으므로 감각적 검증을 통과하지 못합니다.

감사합니다.
[발신자]
[전화번호]"
"Hello Sally,   This e-mail is to confirm the message I left for you earlier this morning.
I have attached the speaking sessions below.
Please let me know as soon as possible the session that you would be interested in conducting for the NABA Conference.
Also, two of your employees are interested in participating at the conference Mark McClure and Errol McLauglin.
You have a total of four conferences passes to utilize for your group.
Please let me know if you would like them to attend for career development purposes.
They are both willing to recruit at the conference.
NABA is expecting over 2,000 professional participants this year.
Thank you for your support for the organization.
This will be a wonderful new partnership for Enron and your organization.
Please call me if you have any questions.
Meliza Evason Associate, HR X57855
",NABA Techical Speaking Sessions,"안녕하세요 [수신자],

이 이메일은 오늘 아침에 남긴 메시지를 확인하기 위한 것입니다. 아래에 연설 세션을 첨부했습니다. [컨퍼런스]에서 진행하고 싶은 세션을 가능한 한 빨리 알려주십시오.

또한, 두 직원인 [이름]와 [이름1]이 [컨퍼런스]에 참여하고 싶어합니다. 귀하의 그룹에서 사용할 수 있는 [컨퍼런스] 패스는 총 4개입니다. 경력 개발 목적으로 참석을 원하는지 알려주십시오. 두 사람 모두 [컨퍼런스]에서 채용할 의향이 있습니다.

[컨퍼런스]는 올해 [예상 참가자 수] 이상의 전문가 참가자를 기대하고 있습니다.

조직에 대한 지원에 감사드립니다. 이는 [기업명]과 귀사의 조직에 훌륭한 새로운 파트너십이 될 것입니다.

궁금한 사항이 있으면 저에게 전화해 주십시오.

감사합니다.
[발신자]
[전화번호]"
"Hi Sally,  I hope this message finds you well.
Just a short note to let you know that I have settled into my workspace at EB 3089F.
I am very excited about my summer internship with Enron, and when you have a free moment, let me know; I would like to stop by and say ""hi"".
Feel free to contact me at (713) 853-4750 or at michelle.yee@enron.com with any questions.
I look forward to hearing from you soon.
Have a great day,  Michelle
",Summer Contact Information for M. Yee,"안녕하세요 [수신자],

이 메시지가 잘 전달되기를 바랍니다.
[장소]에서 제 작업 공간에 자리를 잡았다는 것을 알려드리기 위해 간단히 메모를 남깁니다.
저는 [기업명]에서의 여름 인턴십에 대해 매우 기대하고 있으며, 시간이 되면 알려주세요. 잠시 들러서 인사드리고 싶습니다.

궁금한 사항이 있으면 [전화번호] 또는 [이메일 주소]으로 연락해 주세요.
곧 연락을 드리겠습니다.

좋은 하루 보내세요.
[발신자]
"
"Dear New Dynegydirect User,  Per our conversation, this email is being sent as a confirmation of your new Dynegydirect ID and password.
Your ID must be typed in all caps and the password must be in lowercase.
You will be prompted to change the password to one of your choosing during the initial login.
Below is your ID and password which must be entered exactly as shown.
Dynegydirect ID-    EGLSBECK PASSWORD-      password1  The following requirements must  be used when changing your password and setting up new users.
Password requirements: Minimum: 6 Maximum: 15 Must contain alpha/numeric characters  UserID requirements: Minimum: 6 Maximum: 30  Required Format: User ID should consist of: ?
First 3-characters identifies the company (usually represented by the company's ticker symbol ( i.e., WRI) ?
The first letter of the users first name followed by the first 4 letters of the last name      (i.e., WRIGUMSC) all upper case    ?
Duplicates can be identified with a number ( i.e.,WRIGUMSC1)  During our conversation, you provided an authentication answer.
Please verify the accuracy of the following information.
Authentication Question: What is your mother's maiden name?
Authentication Answer:   XXXXXXXXX   If you experience problems logging into Dynegydirect, contact an e-care representative at the number below.
",Notification of Dynegydirect New User ID,"새로운 [직접 입력] 사용자님께, 대화에 따르면 이 이메일은 새 [직접 입력] ID와 비밀번호를 확인하기 위해 전송되었습니다.
ID는 모두 대문자로 입력해야 하며, 비밀번호는 소문자로 입력해야 합니다.
초기 로그인 시 비밀번호를 선택한 비밀번호 중 하나로 변경하라는 메시지가 표시됩니다.

아래는 정확히 입력해야 하는 ID와 비밀번호입니다:
- 시스템 ID: [ID]
- 비밀번호: [비밀번호]

비밀번호를 변경하고 새 사용자를 설정할 때는 다음 요구 사항을 사용해야 합니다:
비밀번호 요구 사항:
- 최소: 6
- 최대: 15
- 영숫자 문자 포함

사용자 ID 요구 사항:
- 최소: 6
- 최대: 30
- 필수 형식: 사용자 ID는 다음으로 구성되어야 합니다.
-- 첫 3자는 회사를 식별합니다(일반적으로 회사의 티커 기호(예: [티커])로 표시됨)
-- 사용자 이름의 첫 글자 다음에 성의 첫 4글자(예: [성_첫4글자])를 모두 대문자로 입력
-- 중복은 숫자로 식별할 수 있습니다(예: [성_첫4글자]1)

대화 중에 인증 답변을 제공하셨습니다.
다음 정보의 정확성을 확인하십시오:
- 인증 질문: 어머니의 성은 무엇입니까?
- 인증 답변: [답변]

시스템에 로그인하는 데 문제가 있으면 아래 번호로 e-care 담당자에게 문의하십시오.
[전화번호]

감사합니다.
[발신자]"
"Sally,  I hope the information in the attached document clarifies how I see myself participating / helping in the task at hand.
If you have any questions please feel free to give me a call.
I look forward to hearing from you.
Thanks - MO
",Murray's Role In EES Risk Function Transition to EWS,"안녕하세요 [수신자],

첨부 문서의 정보가 제가 현재 작업에 어떻게 참여하고, 도울 수 있을지 명확히 설명해 주었으면 합니다.
궁금한 점이 있으면 언제든지 전화 주세요.
답변을 기다리겠습니다.

감사합니다.
[발신자]"
"I had an idea for a project which might eventually do away with the need to have 15 people in a room at 8.30 every day to talk about, amongst other things, data feed timings, content etc.
and I would love your input.
Don't know if you have seen the application they use in the Gas Control Center for monitoring flows etc but it occurred to me that we might like to build something similar that showed all the upstream systems, processes etc, and data feeds to the risk aggregation tools, summary DPR, which would serve as a diagnostic tool for us to assess our risk process every day.
As you know we have been using 3 dimensional real estate to depict market and credit risk like this     and I am experimenting with this concept from a process flow angle, because when looking at this stuff it would be nice to get a feel for the ""freshness"" of the data and the status of the various tasks in the chain.
Views ?
DP
",Those 8.30 meetings....,"안녕하세요 [수신자],

매일 [시간]에 [인원 수]명이 모여 데이터 피드 타이밍, 콘텐츠 등에 대해 이야기하는 것의 필요성을 없앨 수 있는 프로젝트에 대한 아이디어가 있었습니다. 이에 대해 여러분의 의견을 듣고 싶습니다.

[부서명]에서 흐름 등을 모니터링하는 데 사용하는 애플리케이션을 본 적이 있는지 모르겠지만, 모든 상류 시스템과 프로세스들을 보여주고, 위험 집계 도구인 요약 DPR에 데이터를 피드하는 유사한 시스템을 만들고 싶다는 생각이 들었습니다. 이는 매일 위험 프로세스를 평가하는 진단 도구 역할을 할 것입니다.

우리는 이미 3차원 부동산을 사용하여 시장 및 신용 위험을 묘사해 왔고, 저는 프로세스 흐름 각도에서 이 개념을 실험하고 있습니다. 이런 것들을 볼 때 데이터의 ""신선함""과 체인의 다양한 작업 상태를 느끼는 것이 좋을 것입니다.

의견을 주시면 감사하겠습니다.

감사합니다,
[발신자]"
"Sally  Thanks for all your time in Houston and I'd be delighted to continue discussions around commercialisation whenever you want.
As promised, please find attached examples of our monthly management reporting.
They are still evolving - at the moment they are missing aged debtors / creditors reporting (we should get in for June reporting once the function moves back into my area) and anything on Enron Credit.
However, comments and thoughts welcome!
Kind regards
",Settlements Management Reports,"[수신자]님,

[장소]에서 보내주신 모든 시간에 감사드리며, 언제든지 상업화에 대한 논의를 계속할 수 있어 기쁩니다.
약속대로, 월별 관리 보고서의 첨부된 예를 확인해 주십시오.
그것들은 여전히 업데이트 되고 있습니다. 현재 그들은 [기능]이 제 지역으로 돌아오면 [날짜] 보고를 할 수 있을 것입니다.
또한, [부서명]에 대한 모든 내용을 놓치고 있습니다.
그러나 의견과 생각을 환영합니다!

감사합니다.

[발신자]"
"Sally,  Thank you for your continued support of Avistar.
As you probably know Brent Price has approved additional Avistar equipment for his direct reports in Houston, London and Singapore.
We will begin to install these additional desktop conferencing units within the next couple weeks.
I know we had also discussed a possible deployment to Stace and Jeff's groups.
I am in Houston this week if you would like to discuss their possible project and get a sense of the budget requirements.
Please feel free to reach me on my cell phone if you have any additional questions, 650.281.3860.
Thanks
",update on Avistar,"[수신자]님,

[기업명]에 대한 지속적인 지원에 감사드립니다.
아마도 아시겠지만 [Brent Price]는 [위치1], [위치2], [위치3]에 있는 직속 보고자들을 위해 추가 [기업명] 장비를 승인했습니다.
우리는 [몇 주 후]에 이 추가 데스크톱 회의 장치를 설치하기 시작할 것입니다.
[이름]와 [이름1]의 그룹에 대한 가능한 배치에 대해서도 논의했던 것으로 알고 있습니다.
저는 이번 주에 [위치]에 있는데, 그들의 가능한 프로젝트에 대해 논의하고 예산 요구 사항을 파악하고 싶으시다면 말씀해 주세요.
추가 질문이 있으시면 언제든지 저의 휴대전화로 연락해 주세요. [전화번호]

감사합니다.
[발신자]"
"The EnronOnline Audit is scheduled to begin the week of June 4, 2001 and is expected to take approximately two months to complete.
The audit will be executed by Arthur Andersen and led by Jennifer Stevenson and Russ Bouwhuis.
We will schedule an opening meeting with you the week of  June 4, 2001 to discuss audit scope and any concerns or suggestions you may have.
The objective of the audit will be to determine whether procedures and controls exercised over activities are adequate and operating effectively.
Results of the audit will be discussed with you and other appropriate personnel both during the audit and at the audit closing meeting.
We will endeavor to conduct this audit in a manner that will minimize interruption of your normal business activities and we look forward to working with you and your personnel.
Please call me at x5-4554 if have any questions.
Mechelle Atwood Director, Enron Assurance Services Enron Wholesale Services
",Enron OnLine Audit Notification,"[수신자]님,

[기업명] 감사는 [날짜] 주에 시작될 예정이며, 완료까지 약 [몇 주/개월]가 걸릴 것으로 예상됩니다.
감사는 [이름]이 실행하고 [이름1]과 [이름2]가 주도합니다.
[날짜] 주에 감사 범위와 우려 사항 또는 제안 사항을 논의하기 위해 개회 회의를 예약합니다.
감사의 목적은 활동에 대해 행사된 절차와 통제가 적절하고 효과적으로 운영되는지 확인하는 것입니다.
감사 결과는 감사 중과 감사 마감 회의에서 귀하와 다른 적절한 인력과 논의합니다.
귀하의 정상적인 업무 활동을 방해하지 않는 방식으로 이 감사를 수행하려고 노력할 것이며 귀하와 귀하의 인력과 협력하기를 기대합니다.
질문이 있으면 [전화번호]로 전화해 주십시오.

[이름]
[기업명] 이사"
"30 days remain prior to the target date specified in an open audit observation.
Please click on the document link below, review the observation / action step(s) / responsible person(s), and provide completion /  progress report, updates, and revised target date, if any.
NOTE:  EACH E-MAIL REPRESENTS A SEPARATE AUDIT OBSERVATION.
Click on this link to view document -->
","""Project DoorStep"" 30-DAY REMINDER","[수신자]님,

공개 감사 관찰에 명시된 목표 날짜까지 [일 수] 남았습니다.
아래 문서 링크를 클릭하여 관찰/조치 단계/책임자를 검토하고 완료/진행 보고서, 업데이트 및 수정된 목표 날짜(있는 경우)를 제공하세요.
참고: 각 이메일은 별도의 감사 관찰을 나타냅니다.
이 링크를 클릭하여 문서를 보세요 --> [링크]

감사합니다.
[발신자]"
"All, Just wanted to touch base with you to see if you have had a chance to review the full time Analyst resumes that were delivered to you on May 14th.
Please see the list below of remaining Analysts and let me know ASAP if you would like one of them for your group:  Andrew Bermack Bali Bukenya Belinda DeLa Cruz Deborah Freire Neeloofar Haghighat Blake Lasuzzo Jaryn Levitas  These Analysts will be starting on July 17th and be attending orientation for a couple of weeks.
There are also three real time Analysts that were recently interviewed and made an offer to join Enron as a full time Analysts:  Timothy Weil - will be starting July 17th with the other full time Analysts Vacharapol (Eddie) Sanguanruang - He will be able to start as soon as his visa is transferred which is already in progress Nat Kreamer - He would be able to start June 4th if needed  We will be forwarding resumes to each of you on the real time candidates and if you have an immediate need, please let me know.
Thanks in advance for you consideration.
",Full Time Analysts,"[수신자]님,

[날짜]에 전달된 정규 분석가 이력서를 검토하셨는지 확인하고자 연락드립니다.
아래에 있는 나머지 분석가 목록을 보시고, 그룹에 필요한 분석가가 있으면 최대한 빨리 알려주세요:
[이름], [이름1], [이름2], [이름3], [이름4], [이름5]
이 분석가들은 [시작일]에 시작하여 몇 주 동안 오리엔테이션에 참석할 예정입니다.

최근에 면접을 보고 [기업명]에 정규 분석가로 합류하겠다는 제안을 한 실시간 분석가도 3명 있습니다:
[이름6] - 다른 정규 분석가들과 함께 [시작일]에 시작합니다.
[이름7] - 비자가 이미 이전되어서 바로 시작할 수 있습니다.
[이름8] - 필요한 경우 [시작일]에 시작할 수 있습니다.

이력서를 각각에게 전달하겠습니다. 실시간 후보자에 대한 여러분의 의견과 긴급한 필요 사항이 있으면 알려주십시오.
미리 배려해 주셔서 감사합니다.

[발신자]"
"Tina,  Attached is the Global Risk Management Operations Update for the Philippe and Greg Weekly Report, for the week ending May 30.
If you have any questions, please let me know.
Thanks,
",Global Risk Management Operations Weekly Operating Report,"[수신자]님,

[이름]과 [이름1]의 주간 보고서에 대한 글로벌 리스크 관리 운영 업데이트를 첨부했습니다. [날짜]로 끝나는 주입니다.
질문이 있으면 알려주세요.

감사합니다.
[발신자]
"
"To all:  The current model is discounting the financial contracts improperly.
The financial contracts based on a contract month is being discounted an extra 50 days on average.
We are currently working on a process to correct the model by next month.
Please call me or Chris Abel if you have questions.
Thanks
","ERMS Discount Memo as of May 25, 2001","모두에게,

현재 모델은 금융 계약을 부적절하게 할인하고 있습니다.
계약 월을 기준으로 하는 금융 계약은 평균 [숫자]일 더 할인되고 있습니다.
현재 다음 [날짜]까지 모델을 수정하는 프로세스를 진행 중입니다.
질문이 있으면 저나 [이름]에게 전화해 주세요.

감사합니다.
[발신자]"
"The attached list of Action Items will be reviewed for progress within the next couple of weeks.
Please keep in mind, this memo should be kept confidential.
Thank you,
",Action Items for Offsite,"[수신자],

첨부된 작업 항목 목록은 향후 몇 주 안에 진행 상황을 검토할 예정입니다.
이 메모는 비밀로 유지해야 한다는 점을 명심하세요.
감사합니다.
[발신자]"
"Below is a quick follow up to some of the things I mentioned I'd check out at our last meeting.
Please let me know how I can be of assistance with your efforts.
Contributions The contributions from last year that I mentioned at the meeting turned out to be inclusive of Enron Corp., individual and matching funds.
Weather I had a chance to talk with our folks from the Weather Group.
The information regarding Oklahoma that I told you I'd look into actually ended up being a center for Weather Research that was being sponsored by Williams not our weather group.
Scholarship There are a couple of different scholarship and fundraising initiatives underway that are being driven by Enron employees and alumni of the individual universities employed here.
They take advantage of matching funds and are administered by employees here with some assistance by Community Relations and University Affairs.
If you are interested in organizing an effort like this for Oklahoma, let me know and I can work with you on the details.
",Oklahoma follow up,"[수신자],

다음은 지난 회의에서 확인하겠다고 언급한 몇 가지 사항에 대한 간단한 후속 조치입니다.
제가 어떻게 귀하의 노력에 도움이 될 수 있는지 알려주십시오.

기부금 회의에서 언급한 작년의 기여금은 [기업명], 개인 및 매칭 기금을 포함하는 것으로 밝혀졌습니다.
날씨 그룹의 사람들과 이야기할 기회가 있었습니다.
제가 조사하겠다고 말씀드린 오클라호마에 대한 정보는 실제로 우리 날씨 그룹이 아닌 [이름]가 후원하는 날씨 연구 센터로 밝혀졌습니다.
또한 [기업명] 직원과 여기에 고용된 개별 대학의 동문이 주도하는 몇 가지 다른 장학금 및 기금 모금 이니셔티브가 진행 중입니다. 이들은 매칭 기금을 활용하며 지역 사회 관계 및 대학 업무의 도움을 받아 여기 직원이 관리합니다.

오클라호마에서 이와 같은 노력을 조직하는 데 관심이 있으시면 알려주십시오. 세부 사항에 대해 함께 작업할 수 있습니다.

감사합니다.
[발신자]
"
"Hi Sally - I hear that the luncheon today was fun.
I'm sorry to have missed it!
Girls Inc. would love to have an Enron exec on their board and I wanted to see if that is something you are interested in doing.
If so, I can get you detailed information about the board commitment, etc.
Let me know what you think.
I'm working from home tomorrow (Wed.), but I am checking both voice mail and e-mail.
Feel free to call me here, also - 713-524-2555.
Thanks again for attending the lunch today.
Missy
",Girls Inc.,"안녕하세요, [수신자].

오늘 점심 모임이 재밌었다고 들었습니다. 놓쳐서 죄송합니다!

[기업명1]은 이사회에 [기업명] 임원을 영입하고 싶어하는데, 관심이 있으신지 알고 싶었습니다. 그렇다면 이사회 공약 등에 대한 자세한 정보를 알려드리겠습니다.

생각을 알려주세요. 저는 [날짜] 재택근무를 하지만 음성 메일과 이메일을 모두 확인하고 있습니다. 여기로 전화해 주세요. [전화번호]로 연락해 주세요.

오늘 점심 모임에 참석해 주셔서 다시 한번 감사드립니다.

[발신자]"
"Sally, Just wanted to confirm tomorrow evening dinner.
Are we still on?
Wanted to know your preference...where to meet.
I will be at the Hyatt Regency accross the street from Enron.
Looking forward to it...  Geoffrey Mann CEO/President North America  Viviance new education, Inc. 225 Lafayette Street, Suite 906 New York, New York 10012
",Thursday Dinner,"안녕하세요, [수신자].

내일 저녁 식사에 대해 확인하고 싶었습니다. 내일 만나는 거 맞죠? 드시고 싶으신 게 있나요? 어디에서 만나는 게 좋을까요?
저는 [장소]에 있을 예정입니다.
기대되네요...

[발신자]
[장소1]
"
"As I look back on the ten months that I have been the Business Controller for EIM and challenged to build the mid and back office infrastructure, the most significant accomplishments are:  Systems - Tactical systems have been implemented to bridge the business while strategic systems are developed.
Financial and physical confirmations (with the exception of Lumber) have been predominantly automated.
Financial settlements has been automated.
Implemented modified versions of LISA to handle physical movements and settlements.
Bridges have been built to SAP and Credit Aggregation systems.
People - Ten months ago, the mid and back office had three employees, with the remaining efforts supported by Global Markets.
Today, we have an enthusiastic, energetic team of 41 employees.
The team includes our London office also.
We continue to recruit for additional positions.
Processes and Controls - Many processes and controls have been developed to ensure accurate and timely reporting of P&L and positions, confirmations and settlements.
Some of these tools include: Pulp and Paper Deal Ticket (Access Database) - Ten months ago, deal tickets were generated through an Excel template and no master copy or controls were in place.
Today, traders, Risk, Confirms, Settlements, Credit, Logistics, etc.
can view the deal tickets in a controlled and timely manner.
LISA/TAGG Reconciliation (Access Database) - When the onset of physical business and the implementation of LISA systems, physical transactions for all commodities (except lumber) are entered into 2 systems - LISA and TAGG.
This tool provides a reconciliation tool that allows the Risk system and the logistics/settlements systems to stay in sync.
Trader Training Tools - Two different presentations have been developed and presented to the EIM trading community to help the traders (mostly new to Enron) understand the roles and responsibilities of traders, segregation of duties and the processes within Commercial Support functions such as Credit, Tax, Legal, Operations, Logistics, etc.
Sally, I hope this will give the flavor of the focused efforts.
Additionally, as I have had a few hours to reflect on our conversation, I would like to follow-up with an additional meeting.
I need just a bit more clarity around the EIM role, but more so, I want to move forward to discuss the new role and in your view, how I can still accomplish the successes that coincide with my personal goals.
If you have time tomorrow afternonn, I would really appreciate 30 minutes.
Thanks for your support.
It means alot to me.
Brenda
",EIM Accomplishments,"안녕하세요, [수신자].

저는 [기업명]의 사업 관리자로 일하며 중간 및 백오피스 인프라를 구축하는 데 도전한 10개월을 돌아보면, 가장 중요한 업적은 다음과 같습니다.

시스템
- 전략적 시스템을 개발하는 동안 사업을 연결하는 전술적 시스템이 구현되었습니다.
- 재무 및 물리적 확인(Lumber 제외)은 대부분 자동화되었습니다.
- 재무 정산이 자동화되었습니다.
- 물리적 이동 및 정산을 처리하기 위해 수정된 버전의 LISA를 구현했습니다.
- SAP 및 신용 집계 시스템에 대한 브리지가 구축되었습니다.

사람
- 10개월 전 중간 및 백오피스에는 직원이 3명이었고, 나머지는 글로벌 마켓에서 지원했습니다.
- 오늘날 우리는 41명의 열정적이고 에너지 넘치는 팀을 보유하고 있습니다. 팀에는 [도시명] 사무실도 포함됩니다.
- 우리는 추가 직책을 위해 계속 채용하고 있습니다.

프로세스 및 통제
- 손익 및 포지션, 확인 및 정산에 대한 정확하고 시기적절한 보고를 보장하기 위해 많은 프로세스와 통제가 개발되었습니다.
- 이러한 도구 중 일부는 다음과 같습니다:
    - 펄프 및 종이 거래 티켓(액세스 데이터베이스)
    - [시스템] 조정(액세스 데이터베이스)
    - 트레이더 교육 도구

[수신자], 위 내용은 대략적으로 제가 집중했던 것들에 대한 내용입니다. 또한, 저는 대화 내용을 되새길 시간이 몇 시간 있었기 때문에 추가 회의를 통해 후속 조치를 취하고 싶습니다. 저는 EIM 역할에 대해 조금 더 명확히 알아야 하지만, 그보다 새로운 역할과 개인적인 목표와 일치하는 성공을 여전히 어떻게 달성할 수 있는지에 대해 논의하기 위해 나아가고 싶습니다.

내일 오후에 시간이 있다면 30분 정도 주시면 감사하겠습니다.
지원해 주셔서 감사합니다.

[발신자]"
"All:  attached is the summary of issues for 06/05/01.
Due to the inclimate weather in Sugarland I was not able to issue the report on time.
Sorry for the delay.
",Log as of 06/05/01,"[수신자],

첨부된 것은 [날짜]의 문제 요약입니다.
[장소]의 악천후로 인해 보고서를 제때 발행할 수 없었습니다.
지연되어 죄송합니다.

감사합니다.
[발신자]"
"Just a reminder that the EGM weekly staff meeting will take place on Monday, June 11th, from 8:30 - 9:30 a.m., in video conference room EB 32C2.
The staff meetings will continue on a weekly basis on every Monday at the same time and location unless notified otherwise.
Please let me know if you are unable to attend.
Thank you.
Cathy Phillips X-36898
",EGM Weekly Staff Meeting - Reminder,"[수신자],

[날짜] 월요일 오전 [시간]부터 [시간]까지 화상 회의실 [장소]에서 [직접 입력] 회의가 열릴 예정입니다.
직원 회의는 별도로 통지하지 않는 한 매주 월요일 같은 시간과 장소에서 계속 진행됩니다.
참석이 어려우시다면 알려주세요.

감사합니다.
[발신자]
[전화번호]"
"The Operational Analysis review is scheduled to begin the week of June 11, 2001 and is expected to take approximately six weeks to complete.
The audit will be executed by Arthur Andersen and Enron Assurance Services and led by Gillian Boyer and Juan Camarillo.
We will schedule an opening meeting with you the week of June 11, 2001 to discuss audit scope and any concerns or suggestions you may have.
The objective of the audit will be to determine whether procedures and controls exercised over activities are adequate and operating effectively.
Results of the audit will be discussed with you and other appropriate personnel both during the audit and at the audit closing meeting.
We will endeavor to conduct this audit in a manner that will minimize interruption of your normal business activities and we look forward to working with you and your personnel.
Please call me at x5-4554 if have any questions.
Mechelle Atwood Director, Enron Assurance Services Enron Wholesale Services
",Operational Analysis Audit Notification,"[수신자],

운영 분석 검토는 [날짜] 주에 시작될 예정이며 완료까지 약 [기간]가 걸릴 것으로 예상됩니다.
감사는 [기업명1]과 [기업명2]에서 실행하고, [이름1]와 [이름2]가 주도합니다.
[날짜] 주에 감사 범위와 우려 사항 또는 제안 사항을 논의하기 위해 개회 회의를 예약합니다.
감사의 목적은 활동에 대해 행사된 절차와 통제가 적절하고 효과적으로 운영되는지 확인하는 것입니다.
감사 결과는 감사 중과 감사 마감 회의에서 귀하와 다른 적절한 인력과 논의합니다.
귀하의 정상적인 사업 활동을 방해하지 않는 방식으로 이 감사를 수행하려고 노력할 것이며 귀하와 귀하의 인력과 협력하기를 기대합니다.
질문이 있으면 [전화번호]로 전화해 주십시오.

[기업명] 이사
[발신자]"
"Tina,  Attached is the Global Risk Management Operations Update for the Philippe and Greg Weekly Report, for the week ending June 6.
If you have any questions, please let me know.
Thank you,
",Global Risk Management Operations Weekly Operating Report,"[수신자],

[이름]과 [이름1]의 주간 보고서에 대한 글로벌 리스크 관리 운영 업데이트를 첨부했습니다. [날짜]로 끝나는 주입니다.
질문이 있으면 알려주세요.
감사합니다.

[발신자]"
"Over the last several months, the CommodityLogic team has designed, built, and beta-tested a number of ""modules"" to create EnronOnline-type capabilities for the mid and back-office.
By combining these web-based solutions with the back-office commercialization effort, Enron can now offer its clients a complete suite of operational services unique in the industry.
Many of you have also created important pieces in this puzzle, and all of you have valuable client relationships.
We'd like to put all of these elements together.
Please join our team for a demonstration of the CommodityLogic modules and a discussion on strategy next Thursday, June 14, 2:30 to 3:30, 49C1.
If I have excluded anyone from the invitation list that you feel should attend, please let me know.
Looking forward to seeing you next week.
All the best,
","CommodityLogic, Back-Office Commercialization and You","[수신자],

지난 몇 달 동안 [팀 이름] 팀은 중간 및 백오피스를 위한 [프로젝트명] 유형 기능을 만들기 위해 여러 ""모듈""을 설계, 구축 및 베타 테스트했습니다.
이러한 웹 기반 솔루션을 백오피스 상용화 노력과 결합함으로써 [기업명]은 이제 업계에서 독보적인 완전한 운영 서비스 제품군을 고객에게 제공할 수 있습니다.
여러분 중 많은 분들이 이 퍼즐에서 중요한 부분을 만들어냈으며, 여러분 모두 귀중한 고객 관계를 맺고 있습니다.
저희는 이러한 모든 요소를 하나로 모으고 싶습니다.

다음 [요일] [날짜] 오후 [시간]부터 [시간]까지 [장소]에서 [프로젝트명] 모듈 데모와 전략에 대한 토론에 저희 팀에 참여해 주세요.
초대 목록에서 참석해야 한다고 생각되는 사람을 제외했다면 알려주세요.
다음 주에 뵙기를 기대하겠습니다.
최고의 소식을 전합니다.

[발신자]"
"Hi,  I just came across following discussion on Economics that provides an interesting insight.
Economic philosophies explained in terms of two cows: Socialism - You have two cows.
You give one to your neighbor.
Communism - You have two cows.
The government takes both and gives you milk.
Fascism - You have two cows.
The government takes them both and sells you the milk.
Capitalism - You have two cows.
You sell one and buy a bull.
Bureaucracy - You have two cows.
The government takes them both, shoots one,  milks the other, pays you for the milk , then pours it down the drain.
Corporate - You have two cows.
You downsize one, then require the other one to produce the milk of four cows, then act surprised when it falls dead.
Democracy - You have two cows.
You are taxed to the point where you have to sell them both so that the government can support a man in a foreign country who has one cow, which was a gift from your country.
Hope you enjoyed.
Inja Chun
","To lighten up your day,","[수신자],

안녕하세요, 방금 [주제]에 대한 다음 토론을 우연히 보게 되었고, 흥미로운 통찰력을 제공해 주어서 공유하고 싶습니다.
다양한 경제 철학을 두 마리의 소를 기준으로 설명한 내용은 다음과 같습니다:

- 사회주의: 두 마리의 소가 있습니다. 한 마리는 이웃에게 줍니다.
- 공산주의: 두 마리의 소가 있습니다. 정부가 두 마리를 모두 가져가서 우유를 줍니다.
- 파시즘: 두 마리의 소가 있습니다. 정부가 두 마리를 모두 가져가서 우유를 판매합니다.
- 자본주의: 두 마리의 소가 있습니다. 한 마리를 팔고 황소를 삽니다.
- 관료주의: 두 마리의 소가 있습니다. 정부가 두 마리를 모두 가져가서 한 마리는 총으로 쏴 죽이고, 다른 한 마리는 젖을 짜서 우유값을 지불한 뒤, 그 우유를 하수구에 버립니다.
- 기업: 두 마리의 소가 있습니다. 한 마리를 줄인 다음 다른 한 마리에게 네 마리의 소의 우유를 생산하라고 요구한 뒤, 그 소가 죽어서 놀라는 척합니다.
- 민주주의: 두 마리의 소가 있습니다. 정부가 외국에서 한 마리의 소를 가진 사람을 부양할 수 있도록 두 마리를 모두 팔아야 할 정도로 세금이 부과됩니다. 소, 당신 나라에서 선물한 거였어요.

즐기셨으면 좋겠어요.
감사합니다.
[발신자]"
"Recent Hires,    Don't miss the opportunity to learn about:  ?
What success looks like at Enron ?
What it means to be a good cultural fit at Enron ?
What resources are available for you to use to enhance your job performance ?
What is the PRC process at Enron    Join us this Tuesday, June 12th from 11:45 AM to 2 PM @ EB49C1.
An open Q&A session will occur during the last hour of the presentation.
Lunch will not be served.
You may bring your own lunch if you would like.
",New Hire Focus Series,"[수신자],

안녕하세요,

최근 채용과 관련하여 다음 사항들을 알아보실 기회를 놓치지 마세요:

[기업명]에서 성공이란 어떤 모습일까요?

[기업명]에서 좋은 문화적 적합성을 갖는다는 것은 무엇을 의미할까요?

직무 수행 능력을 향상시키기 위해 사용할 수 있는 리소스는 무엇일까요?

[기업명]의 PRC 프로세스는 무엇일까요?

이번 [날짜] 오전 [시간]부터 오후 [시간]까지 [회의실]에서 함께 하세요.
프리젠테이션 마지막 시간 동안 오픈 Q&A 세션이 진행됩니다.

점심은 제공되지 않으며, 원하시면 점심을 직접 가져오셔도 됩니다.

감사합니다.
[발신자]"
"Guys, given our continued need to be crisp and clear on our work product and a clear view to increasing efficiencies, particularily in the back and mid office, I think it would be a good exercise to clearly map out roles and responsibilities between ENW and the EES Services Group in some amount of detail.
Dan will take the lead in this activity.
I would hope that we could have this mapped out fairly quickly without a great deal of internal time.
Thanks for all the hard work.
Regards
",Roles and Responsibilities,"[수신자],

여러분, 업무 결과물에 대해 명확하고 구체적으로 해야 하고, 특히 백오피스와 미드오피스에서 효율성을 높이기 위한 명확한 관점을 가져야 한다는 점을 감안할 때, [조직1]과 [조직2] 서비스 그룹 간의 역할과 책임을 어느 정도 자세히 명확하게 계획하는 것이 좋은 연습이 될 것이라고 생각합니다.

[이름]이 이 활동을 주도할 것입니다.
저는 많은 내부 시간 없이도 이것을 상당히 빠르게 계획할 수 있기를 바랍니다.

모든 노고에 감사드립니다.
감사합니다.

[발신자]"
"Mike & Sally,  Below is the information that we received on the project.
I am still waiting on a cost center from EES for the expense portions to settle to.
Look over this information and let me know if you still want to meet to go over this.
This is the EES project, which is set up on EES to capture the capital portion of the project costs.
The expense portion should settle to an EES cost center.
The project set up shown below is the Networks project, which I set up, but have not yet released.
Only Release 1 is shown below.
There are three releases set up, but only the first one will be released at this time.
All three releases or phases will look like the other phases.
As you can see below, the capital parts of the project (Solution Definition, Design & Build, and Implementation & Testing) are set up with three basic WBS elements.
These elements as described below will settle to the EES project as follows.
Project Coding on Networks Project					Settles to EES Project WBS C.300000.01.SD.OU	Rel 1 SD Outside Consultants Labor		C.007730.22.01 Outside Professional C.300000.01.SD.EN	Rel 1 SD Enron Labor				C.007730.22.03 Enron Labor C.300000.01.SD.OE	Rel 1 SD Other Expenditures			C.007730.22.05 Other Expenditure  C.300000.01.HW Hardware Purchases					C.007730.24.01 Hardware C.300000.01.SW Software Purchases				            C.007730.24.02 Software  This will allow the costs on the Networks project to be tracked in a manor that will support how the charges are settling to EES.
So if EES has any questions about the charges we should be able to pull up the detail very quickly.
The following items will settle to an EES cost center since they are expense related.
C.300000.01.PI.TR	Rel 1 PI Training Dev & Delivery   C.300000.01.PI.PI	Rel 1 PI Post Implementation Support   C.300000.01.PI.GA	Rel 1 PI General & Administrative
",Genesys or now the Liberty Project,"[수신자], 아래는 [프로젝트]에 대해 받은 정보입니다.
저는 여전히 [부서명]에서 비용 부분을 정산하기 위한 비용 센터를 기다리고 있습니다.
이 정보를 살펴보고 여전히 이 문제를 논의하기 위해 만나고 싶은지 알려주세요.
이것은 [부서명] 프로젝트로, 프로젝트 비용의 자본 부분을 포착하기 위해 [부서명]에 설정되었습니다.
비용 부분은 [부서명] 비용 센터에 정산되어야 합니다.

아래에 표시된 프로젝트 설정은 제가 설정했지만 아직 릴리스하지 않은 네트워크 프로젝트입니다.
아래에 릴리스 1만 표시됩니다.
세 개의 릴리스가 설정되어 있지만 이번에는 첫 번째 릴리스만 릴리스됩니다.
세 개의 릴리스 또는 단계는 다른 단계와 비슷하게 보일 것입니다.
아래에서 볼 수 있듯이 프로젝트의 자본 부분([프로젝트 단계1], [프로젝트 단계2], [프로젝트 단계3])은 세 가지 기본 WBS 요소로 설정됩니다.
아래에 설명된 이러한 요소는 다음과 같이 [부서명] 프로젝트에 정산됩니다.
네트워크 프로젝트 코딩이 [부서명] 프로젝트 WBS에 정산됨 
[프로젝트 코드1] 외부 컨설턴트 노동 
[프로젝트 코드2] 외부 전문가 
[프로젝트 코드3] [기업명] 노동

이를 통해 네트워크 프로젝트의 비용을 [부서명]에 요금이 어떻게 결제되는지 지원하는 방식으로 추적할 수 있습니다.
따라서 [부서명]에서 요금에 대한 질문이 있으면 매우 빠르게 세부 정보를 가져올 수 있어야 합니다.

다음 항목은 비용과 관련이 있으므로 [부서명] 비용 센터에 정리됩니다.
[프로젝트 코드4] PI 교육 개발 및 제공 
[프로젝트 코드5] PI 구현 후 지원 
[프로젝트 코드6] PI 일반 및 관리"
"Everyone:  Thanks are due to you all who responded to our requests for data and committed resources.
I wanted to update you on where things stands as of now.
The data is being reviewed both internally and externally.
The form and substance of the data we have requested, the due diligence questionnaires, and Enron's previously produced forms of data are excellent proxies for the information that will be required from us when a specific bank is chosen to structure and execute the anticipated transaction.
However, I am certain that we will still require your commitment to providing updates, clarifications, and additions on a timely basis.
Please let us know as soon as possible what conflicts may arise with your schedules and obligations over the next month.
Again, thank you for your efforts thus far.
Please call me at extension 33139 if you have any questions, concerns, or suggestions.
",UPDATE,"모두에게:

데이터 요청에 응답하고 리소스를 제공해주신 모든 분들께 감사드립니다.
현재 상황을 알려드리고자 합니다.
데이터는 내부 및 외부에서 검토 중입니다.
요청한 데이터의 형식과 내용, 실사 설문지, [기업명]에서 이전에 작성한 데이터 형식은 특정 은행을 선택하여 예상되는 거래를 구성하고 실행할 때 필요한 정보를 대신할 수 있는 훌륭한 대리 자료입니다.
그러나 적시에 업데이트, 설명 및 추가 사항을 제공하려는 여러분의 헌신이 여전히 필요할 것으로 확신합니다.

다음 달에 일정 및 의무와 충돌이 발생할 수 있는 경우 최대한 빨리 알려주십시오.
지금까지 여러분의 노고에 다시 한번 감사드립니다.
질문, 우려 사항 또는 제안 사항이 있으면 내선 [전화번호]로 전화해 주십시오.

감사합니다.
[발신자]"
"Dear Sally,  Here is the list of people who came in on Saturday.
None of us minded it, we all would like to do whatever we can to help.
Risk Controls (preparation of the DPR) Chris Abel Johnny (Kenneth) Thibodeaux John Allison  Risk Analytics Tom Victorio Keith Considine Susan Trevino  Merchant Assets Susie Ayala  I was also here.
Best regards!
",list of people who came in on Saturday,"[수신자]에게,

[요일]에 온 사람들의 목록입니다.
우리 중 아무도 신경 쓰지 않았고, 우리 모두 도울 수 있는 모든 것을 하고 싶습니다.

위험 관리(DPR 준비)
[이름], [이름1], [이름2], [이름3], [이름4], [이름5], [이름6].
저도 여기 있었습니다.

감사합니다!

[발신자]"
"Here is the report we've put together summarizing headcount by function and business unit.
There are some changes from the figures Fin Ops had last week, mainly relating to EES (both 2001 forecast and 2002 Plan were off).
Brian will coordinate with Fin Ops to ensure they reflect the same figures that we now show.
There are two things that will be updated once we receive more information: 1)  EES 2002 headcount will be increasing (Shelly Butler to provide as soon as they have it) 2)  EBS forecast and plan headcount will be broken out by function - right now, we just have one number.
Call me if you have any questions.
Thanks,
",Energy Ops Headcount Report,"[수신자]에게,

여기에 기능 및 사업부별 직원 수를 요약한 보고서가 있습니다.
지난주 [기업명]에서 발표한 수치에서 몇 가지 변경 사항이 있는데, 주로 EES와 관련이 있습니다([년도] 예측과 [년도] 계획 모두 틀렸습니다).
[이름]이 [기업명]와 협력하여 현재 보여주는 수치와 동일한 수치를 반영하도록 할 것입니다.

추가 정보를 받으면 업데이트할 두 가지 사항이 있습니다:

EES [년도] 직원 수가 증가합니다 ([이름1]가 정보를 입수하는 대로 제공할 예정입니다)

EBS 예측 및 계획 직원 수는 기능별로 구분됩니다. 지금은 숫자가 하나뿐입니다.

궁금한 사항이 있으면 전화 주세요.
감사합니다.

[발신자]"
"Sally, Attached is a very simplistic run rate analysis for Beth Perlman's group.
I'm surprised at how close it is once one time reconciling items are included.
Headcount for 2002 is pretty flat to September's.
Please let me know if you would like to discuss this.
Kerry
",IT Development Spend Rate Analysis,"[수신자]에게,

첨부된 것은 [이름]의 그룹에 대한 매우 단순한 실행 속도 분석입니다.
한 번 조정 항목을 포함하면 얼마나 가까운지 놀랍습니다.
[년도] 인원은 [월]과 거의 비슷했습니다.

이에 대해 논의하고 싶으시면 알려주세요.
감사합니다.

[발신자]"
"Attached is the ERMS Discounting Memo as of 9/26/01.
Please note that the 9/26/2001 balance is based on the new method of calculating the discounting amount.
The changes that were made are as followed:  			Old method	New method Physical contract 	55 days		55 days Financial contract	55 days		5 days Financial calendar	55 days		38 days  Please let me know if you have questions.
Thanks
",ERMS Discounting Memo,"[수신자]에게,

첨부된 [첨부파일명]는 [날짜] 기준입니다.
[날짜] 잔액은 할인 금액을 계산하는 새로운 방법을 기반으로 합니다.
변경 사항은 다음과 같습니다:

이전 방법:
- 물리적 계약: [일수]
- 금융 계약: [일수]
- 금융 일정: [일수]

새 방법:
- 물리적 계약: [일수]
- 금융 계약: [일수]
- 금융 일정: [일수]

질문이 있으면 알려주세요.
감사합니다.

[발신자]"
"This message is brought to you by The Texas Exes.
If you have any comments or suggestions about it's content contact us at career@alumni.utexas.edu .
Please do not respond to this e-mail using the ""REPLY"" function.
To UNSUBSCRIBE see instructions at the bottom.
",Sign up for the Texas Exes Career Network,"[수신자]에게,

이 메시지는 [직접 입력]에서 제공합니다.
내용에 대한 의견이나 제안 사항이 있으면 [이메일 주소]로 연락해 주세요.
""답장"" 기능을 사용하여 이 이메일에 답장하지 마십시오.

감사합니다.
[발신자]
"
"Greetings everyone- With a week and a half to go until our second session, I wanted to check in and ask you to begin thinking in your learning teams about how you want to share the information you have been gathering with the larger group.
On Friday, Nov 2, each team will be allocated 30 minutes to report on what you have learned, followed by 15 minutes of plenary Q&A/discussion.
I encourage each team to be as creative as possible in your report-outs.
Keep in mind that most adults learn best experientially versus through straight information download.
Thus, if you can find a way to invite the larger group to sample the learning experience that you had, these sessions will be all the more effective AND enjoyable.
As an example, you could select two or three key moments -- from a meeting, interview or learning journey -- and
",CHF Learning Teams and Session II,"[수신자]에게,

안녕하세요 여러분. 두 번째 세션까지 [날짜]가 남았는데, 인사드리고자 합니다.
[팀명]에서 수집한 정보를 대규모 그룹과 어떻게 공유할지 생각해 보시기 바랍니다.

[날짜]에 각 팀은 30분 동안 학습한 내용을 보고하고, 그 후 15분 동안 전체 회의 Q&A/토론을 진행합니다.
각 팀이 보고할 때 최대한 창의적이기를 바랍니다.
대부분 성인은 직접 정보를 다운로드하는 것보다 경험적으로 더 잘 배운다는 점을 명심하세요.
따라서 대규모 그룹을 초대하여 학습 경험을 샘플링할 방법을 찾을 수 있다면 이 세션은 더욱 효과적이고 즐거울 것입니다.

예를 들어, 회의, 인터뷰 또는 학습 여정에서 두 세 가지 중요한 순간을 선택하는 것 등이 있습니다.

감사합니다.
[발신자]"
"Torrey - attached is a listing of top financial counterparties in alphabetical order.
My understanding of the data you are providing to Brad Richter is that it will be based only on EOL data.
If you need me to provide non-EOL data please call me.
If you have further questions, please let me know.
I can be reached on ext.
37962.
Thanks,
",Top Financial Trading Counterparties,"[수신자]에게,

알파벳 순으로 정리된 주요 재무 거래처 목록을 첨부했습니다.
[이름]에게 제공하는 데이터에 대한 제 이해는 EOL 데이터에만 기반한다는 것입니다.
EOL이 아닌 데이터를 제공해 달라고 요청하시면 저에게 전화해 주세요.
추가 질문이 있으면 알려주세요.
내선번호 [전화번호]로 연락 가능합니다.

감사합니다.
[발신자]"
"Sally,  As per our phone conversation, here is a proposed plan for sizing the opportunity.
I will try to set up some time on your calendar later this week to discuss.
I am copying Greg as well.
Hope you have a good trip.
Regards,
",Sizing the Back-Office Outsourcing Opportunity,"[수신자],

전화 통화에 따르면, 기회의 규모를 정하기 위한 제안된 계획이 있습니다.
이번 주 후반에 일정에 시간을 정해 논의하도록 하겠습니다.
저도 [이름]에게 전달하겠습니다.
좋은 여행 되시길 바랍니다.

감사합니다.

[발신자]
[전화번호]"
"Dear Ms. Beck and Ms. Apollo,  It was a sincere pleasure to meet with you yesterday.
The information I  learned during the interview served to confirm the feelings I have always had  about Enron.
Unfortunately I received the disappointing news that Enron was not  pursuing employment possibilities with me further.
I feel strongly that Enron and its  products and services have an exciting growth ahead, and  I  definitely would like to be considered for opportunities available in the  future.
Again, I appreciate your time and  consideration, and hope to hear from you in the near  future.
Sincerely,
",Yesterday interview,"[수신자]님, [수신자1]님께,

어제 여러분을 만나 뵙게 되어 진심으로 기뻤습니다.
면접에서 알게 된 정보는 제가 [기업명]에 대해 항상 가지고 있던 감정을 확인해 주었습니다.
불행히도 [기업명]이 저와 함께 더 이상 취업 기회를 모색하지 않기로 했다는 실망스러운 소식을 들었습니다.
저는 [기업명]과 그 제품 및 서비스가 앞으로 흥미진진한 성장을 이룰 것이라고 확신하며, 향후 가능한 기회에 대해 고려되기를 바랍니다.
다시 한번, 여러분의 시간과 배려에 감사드리며 가까운 시일 내에 연락을 주시기를 바랍니다.

감사합니다.
[발신자]"
"Attached is a summary report of the EWS tactical (revenue driven) and strategic (educational) visits to Enron supported by experience ENRON in third quarter 2001.
At experience ENRON, our goal is to support the EWS deal development teams by creating powerful Enron experiences that result in greater favorability and familiarity of Enron while differentiating us from the competition.
Our role is to: Reduce time and labor costs associated with planning and execution of customer visits Coordinate BU subject matter experts (SME's) to tell the Enron story, i.e.
EOL, trading, etc.
Customize agendas aligned with Enron and customer objectives Shorten sales cycles   We are here to support your team in reaching your goals.
Please call with questions or changes.
",EWS Q3 2001 experience ENRON Report,"[수신자]님,

첨부된 것은 [날짜] 3분기에 [기업명]에 지원한 EWS 전술적(수익 주도) 및 전략적(교육적) 방문에 대한 요약 보고서입니다.
[기업명]에서 저희의 목표는 [기업명]에 대한 호감도와 친숙도를 높이고, 경쟁사와 차별화하는 강력한 [기업명] 경험을 만들어 EWS 거래 개발 팀을 지원하는 것입니다.
저희의 역할은 다음과 같습니다: 고객 방문 계획 및 실행과 관련된 시간과 노동 비용 절감, [기업명] 스토리를 알리기 위해 BU 주제 전문가(SME) 조정, [기업명] 및 고객 목표에 맞춰 일정 맞춤화, 판매 주기 단축.
저희는 귀사 팀이 목표를 달성하도록 지원하기 위해 있습니다.

질문이나 변경 사항이 있으면 전화해 주십시오.
감사합니다.
[발신자]
"
"Sally-  I made a mistake in saying that we would have the London report ready for your review today.
We are not currently keeping a cash collections report on the London cash receipts to the detail that we are here in Houston and, therefore, have not been able to determine the ""cash received"" percentages for the month of September.
However, Pamela Lebrane of Project Sunrise has said that a report containing the required information will be available and easily accessable as a download from SAP by the end of October.
As a backup, the London office has agreed to maintain a side spreadsheet for the month of October which will keep track of all invoices due during the month and the timeliness of cash received.
Either way, we will make certain to provide an EGM consolidated report for the month of October.
I do apologize for the inconvenience.
Attached below is a revised version of our Houston report that we had provided on Friday.
I noticed that I had included invoices that were due in August as well.
A hard copy will be delivered to your office tomorrow.
Regards,
",EGM Cash Collections Report,"[수신자]님,
오늘 [도시명] 보고서를 검토할 수 있도록 준비하겠다고 말한 데 실수가 있었습니다.
현재 [위치]에 있기 때문에 [도시명] 현금 영수증에 대한 현금 수금 보고서를 자세히 보관하지 않고 있으며, 따라서 [날짜]의 ""현금 수령"" 비율을 확인할 수 없었습니다.
그러나 [프로젝트명]의 [이름]은 필요한 정보가 포함된 보고서를 [날짜]까지 [시스템명]에서 다운로드하여 쉽게 액세스할 수 있을 것이라고 말했습니다.
백업으로 [도시명] 사무실은 [날짜] 동안 모든 송장과 수령 현금의 적시성을 추적하는 [월명]용 사이드 스프레드시트를 유지하기로 했습니다.
어느 쪽이든 [월명]의 EGM 통합 보고서를 제공하도록 하겠습니다.
불편을 끼쳐드려 죄송합니다.
아래에 금요일에 제공한 [도시명] 보고서의 수정된 버전을 첨부했습니다.
[월명]에 만기가 된 송장도 포함시킨 것을 알았습니다.
내일 사무실로 종이 사본이 배달될 것입니다.
감사합니다.
[발신자]"
"After meeting with our ENW OTC this morning, Whalley has requested the following information:  Total current IT asset balance before accumulated depreciation (including hardware, software, capitalized development).
Total current accumulated depreciation related to the above IT dollars.
Planned 2002 IT depreciation expense.
Please note, you should only be reflecting dollars for IT assets that are on your respective BU's books.
Planned '02 IT depreciation should just reflect depreciation expense from those assets.
IT assets on ENW's books will be picked up by ENW Fin Ops.
Depreciation recognized on ENW's books and then allocated to other BU's will be reflected as ENW depreciation and should NOT be reflected in any other BU for purposes of this analysis.
Whalley would like to see this information tomorrow.
Therefore, please let me know if your respective area cannot provide the information to me by noon tomorrow (10/16).
I'm at X3-5439 if you have any questions.
Thanks,
",Whalley Request - IT Asset & Depreciation Analysis,"[수신자]님,
오늘 아침 [부서명] OTC와 회의를 한 후, [이름]은 다음 정보를 요청했습니다.

누적 감가상각 전 총 현재 IT 자산 잔액(하드웨어, 소프트웨어, 자본화된 개발 포함).

위의 IT 달러와 관련된 총 현재 누적 감가상각.

계획된 [연도]년 IT 감가상각 비용.
각 [부서명]의 장부에 있는 IT 자산에 대한 달러만 반영해야 합니다.
계획된 '[연도]'년 IT 감가상각은 해당 자산의 감가상각 비용만 반영해야 합니다.
[부서명] 장부에 있는 IT 자산은 [부서명] 재무 운영부에서 처리합니다.
[부서명] 장부에 인식된 후 다른 [부서명]에 할당된 감가상각은 [부서명] 감가상각으로 반영되며 이 분석의 목적을 위해 다른 [부서명]에는 반영되어서는 안 됩니다.
[이름]은 내일 이 정보를 보고 싶어합니다.
따라서 각 지역에서 내일 정오([날짜])까지 정보를 제공할 수 없는 경우 알려주십시오.
[위치]에 있습니다. 질문이 있으면 연락 주세요.
고맙습니다.
[발신자]"
"Dear Clients,  We would like to announce two changes to your HR Team.
Janet de la Paz will be transitioning out of our HR Team tomorrow to her  new HR Team in Mergers and Acquisitions as their Sr.
Administrative Assistant.
Janet has been a key member of our team this past year by helping us with all of the important day to day details needed to serve all of our clients.
We ask you to join us in thanking Janet for all of her hard work and dedication this past year and to wish her continued success in her future endeavors.
Janet's contributions have been very valuable to us and we will miss working with her.
Our newest Team member, Karen Campos, will be joining us tomorrow as our new Sr.
Administrative Assistant.
Karen has been involved with the Enron International HR Team and joins us with valuable HR support experience to help all of us meet your service needs.
We will be bringing Karen by to meet you in the next few weeks and look forward to the new partnerships that she will form with all of our clients.
You will be able to reach Karen tomorrow at ext.
66463.
Thank you for your continued support.
",HR Team Changes,"친애하는 고객 여러분,

인사팀에 두 가지 변경 사항이 있음을 알려드립니다.
[이름]는 내일 우리 인사팀에서 나와 인수 합병 부문의 새로운 인사팀인 [부서]로 자리를 옮길 예정입니다.
[이름]은 지난 한 해 동안 우리 팀의 핵심 멤버였으며, 모든 고객에게 서비스를 제공하는 데 필요한 모든 중요한 일상적 세부 사항을 도와주었습니다.
[이름]의 지난 한 해 동안의 노고와 헌신에 감사드리고 앞으로도 계속 성공하시기를 기원합니다.
[이름]의 기여는 우리에게 매우 귀중했으며 그녀와 함께 일하게 되어 그리울 것입니다.

우리의 가장 새로운 팀 멤버인 [이름1]가 내일 새로운 [부서1]로 합류합니다.
[이름1]은 [부서2]팀에 참여했으며, 귀중한 HR 지원 경험을 바탕으로 우리 모두가 귀사의 서비스 요구 사항을 충족할 수 있도록 도울 것입니다.
다음 몇 주 안에 [이름1]을 데려와서 여러분을 만나 뵙겠습니다. 그리고 그녀가 모든 고객과 맺을 새로운 파트너십을 기대합니다.
내일 내선번호 [전화번호]으로 [이름1]에게 연락할 수 있습니다.

지속적인 지원에 감사드립니다.

[발신자]
"
"As you may be aware, SAP system response time was slow during earlier this week.
As a result, SAP Financials, iBuyit, and iPayit applications were experiencing longer than normal response times on most transactions.
The Integrated Solutions Center (ISC) has been working diligently to address the root causes of this issue and has deployed a task force to address the following identified areas:  Technical Issues (Infrastructure and Application related) Internal Process Improvements (Both within the ISC and in the User Community) Education of Business Users  We have made significant improvements in the last few days and as a result currently running within normal response time.
We will continue to provide weekly status updates on our continued progress.
",SAP System Response Update,"[수신자]님,

아시다시피, 이번 주 초에 [시스템] 응답 시간이 느렸습니다.
그 결과, [애플리케이션1], [애플리케이션2], [애플리케이션3]은 대부분 거래에서 정상보다 긴 응답 시간을 경험했습니다.
[부서명]는 이 문제의 근본 원인을 해결하기 위해 부지런히 노력해 왔으며 다음과 같은 식별된 영역을 해결하기 위해 태스크포스를 배치했습니다.

- 기술적 문제([인프라] 및 [애플리케이션] 관련)
- 내부 프로세스 개선([부서명] 내부 및 사용자 커뮤니티 모두)
- 비즈니스 사용자 교육

지난 며칠 동안 상당한 개선을 이루었고 그 결과 현재 정상적인 응답 시간 내에 실행되고 있습니다.
계속해서 진행 상황에 대한 주간 상태 업데이트를 제공할 것입니다.

감사합니다.
[발신자]"
"Sally -   We would like to begin tracking & measuring volumes transacted and settled in the retail business - by commodity.
Can we discuss how to get our arms around this and when we can begin to see weekly, monthly, quarterly data?
Thanks - Dan
",Retail Business Commodity Volumes,"[수신자]님,

우리는 상품별로 [업종]에서 거래되고 결제된 양을 추적하고 측정하고 싶습니다.
이를 어떻게 활용할 수 있는지, 그리고 언제부터 주간, 월간, 분기별 데이터를 볼 수 있는지 논의할 수 있습니까?

감사합니다.
[발신자]
"
"Attached is a draft press release regarding the addition of EnronOnline Real Time Quotes to GlobalView Software's products and services.
It mirrors the Reuters release on the same topic.
Please make any additions, deletions or corrections and return to me by Monday, October 15 at 2:00 pm.
The expected release date remains undetermined, but should be sometime around mid-November.
If you have any questions, please call me at ext.
3-9053.
Eric
",DRAFT PRESS RELEASE:  Global View and EnronOnline Real Time Quotes,"[수신자]님,

첨부된 초안 보도자료는 [제품명]의 제품과 서비스에 [서비스명]을 추가하는 것과 관련이 있습니다.
이것은 같은 주제에 대한 [미디어명] 보도자료를 반영한 것입니다.
추가, 삭제 또는 수정 사항이 있으면 [날짜]까지 저에게 보내주십시오.
예상 발표일은 아직 결정되지 않았지만 [예상 발표월] 중순경이 될 것입니다.

질문이 있으면 내선번호 [전화번호]으로 전화해 주십시오.

감사합니다.
[발신자]"
"Sally, I know your are very busy and I also know you are always looking for good people.
Attached is a copy of a Resume for a person I have worked for in the past.
I have forwarded it on to HR also.
Thanks,
",Resume For A Person I have Known For Over 10 Years,"[수신자]님,

당신이 매우 바쁘다는 걸 알고 있고, 항상 좋은 사람을 찾고 있다는 것도 알고 있습니다.
첨부된 것은 제가 과거에 일했던 사람의 이력서 사본입니다.
또한 [부서명]에 전달했습니다.

고맙습니다.
[발신자]"
"I want to move forward with scheduling the initial meeting of the Operational Risk Management task force.
How does Tuesday, October 16th and the afternoon of Thursday, October 18th look for everyone?
Please let me know your schedule for both of these dates.
Most of the task force members have been identified, with the exception of those from GRMO and IT.
Sally Beck will identify representatives from these two areas.
I would also expect that other individuals may be consulted from time to time as additional expertise or resources or required.
I intend to schedule a two-hour block of time for this meeting.
The agenda will include, at a minimum,  the following topics:  	Definition of Operational Risk for  Enron - What's in and What's Out 	Preliminary Goals for Operational Risk Management (to be refined by the group) 	     Develop Common Language                  Identify Framework for Monitoring Risk 	     Role of this task force  - Strategy 	     Set common objectives for implementation this year and a look forward to 2002 	Current Initiatives 	Communications Plan  	Open Discussion - Other Ideas from the group  			  - Suggestions re other groups/individuals to include on the task force 	  I am excited about leading this initiative for Enron.
We have a unique opportunity to define operational risk measurement for Enron, develop reporting guidelines, and provide qualitative assessments of operational risk, all of which will be considered during the risk capital allocation process.
But most importantly, we can identify ways to mitigate Enron's exposure to operational risk.
Please call if you would like to discuss any of the above prior to the meeting.
Thanks,
",Operational Risk Management,"[수신자]님,

운영 위험 관리 태스크포스의 첫 회의 일정을 진행하고 싶습니다.
[날짜1]과 [날짜2] 오후는 모두에게 어떤가요?
두 날짜에 대한 일정을 알려주세요.
[부서명]와 IT를 제외한 대부분의 태스크포스 구성원이 확인되었습니다.
[이름]이 이 두 분야의 대표자를 확인할 것입니다.
또한 추가 전문 지식이나 리소스 또는 필요에 따라 다른 개인이 수시로 협의될 것으로 예상합니다.

이 회의에 2시간 분량의 시간을 예약할 예정입니다.
의제에는 최소한 다음 주제가 포함됩니다.
- [기업명]의 운영 위험 정의 - 무엇이 포함되고 무엇이 제외되는지
- 운영 위험 관리의 예비 목표(그룹에서 세부화)
- 공통 언어 개발
- 위험 모니터링 프레임워크 식별
- 이 태스크포스의 역할 - 전략
- 올해 실행을 위한 공통 목표 설정 및 [연도] 전망
- 현재 이니셔티브
- 커뮤니케이션 계획
- 공개 토론 - 그룹의 다른 아이디어 - 다른 제안
- 태스크포스에 포함할 그룹/개인

[기업명]을 위한 이 이니셔티브를 이끌게 되어 기쁩니다.
우리는 [기업명]의 운영 위험 측정을 정의하고, 보고 지침을 개발하고, 운영 위험에 대한 정성적 평가를 제공할 수 있는 독특한 기회를 가지고 있으며, 이 모든 것이 위험 자본 할당 프로세스 중에 고려될 것입니다.
하지만 가장 중요한 것은 [기업명]의 운영 위험 노출을 완화할 방법을 찾을 수 있다는 것입니다.

회의 전에 위에 언급된 내용에 대해 논의하고 싶으시면 전화해 주십시오.
감사합니다.

[발신자]
"
"Based on the suggestion made in Sally Beck's last staff meeting, we have modified the Enron Reward Bucks program to include the recognition of Managers.
With regards to the process, you will continue to utilize the nomination form for Sr.
Specialist and below and follow the same criteria.
When ordering future debit cards, we recommend you include denominations of $150 and $200 to handle the additional recognition.
In the interim, when nominating a Manager, you can combine denominations to equal the amount you are interested in rewarding (for example; 1-$100 and 1-$50 card or 2-$100 cards).
We are not suggesting that you award at this amount, however it is available to use at your discretion.
The Enron Reward Bucks maximize at $200, where PBAs generally range from $200-$2000 though with committee approval can range higher.
These programs are intended to compliment each other and we encourage you to utilize them to recognize and reward your team.
We will continue to evaluate these programs and make changes as needed from both a business and employee perspective.
Please feel free to contact your HR representative if you have further questions on the programs or recommendations on how they can be improved.
Please share this with your staff.
Regards
",Enron Reward Bucks Modification,"[수신자]님,

[이름]의 마지막 직원 회의에서 제안한 내용을 바탕으로, 우리는 관리자의 인정을 포함하도록 [기업명] 리워드 프로그램을 수정했습니다.
프로세스와 관련하여, 귀하는 계속해서 [직급] 이하에 대한 지명 양식을 사용하고 동일한 기준을 따릅니다.

향후 직불 카드를 주문할 때, 추가 인정을 처리하기 위해 [금액1] 및 [금액2]의 액면을 포함하는 것이 좋습니다.
그동안 관리자를 지명할 때, 보상하고자 하는 금액과 같은 액면가를 합칠 수 있습니다(예: 1-[액면1] 및 1-[액면2] 카드 또는 2-[액면1] 카드).
우리는 이 금액으로 수여하라고 제안하는 것이 아니지만, 귀하의 재량에 따라 사용할 수 있습니다.

[기업명] 리워드 프로그램은 [최대금액]에서 최대화되며, [프로그램명]은 일반적으로 [범위1]에서 [범위2] 범위이지만 위원회의 승인을 받으면 더 높을 수 있습니다.
이러한 프로그램은 서로를 보완하기 위한 것이며, 귀하가 인정하고 팀에 보상하세요.

우리는 이러한 프로그램을 계속 평가하고 비즈니스와 직원의 관점에서 필요에 따라 변경할 것입니다.
프로그램에 대한 추가 질문이나 개선 방법에 대한 권장 사항이 있으면 언제든지 [담당자]에게 문의하세요.
이 내용을 직원과 공유하세요.

감사합니다.
[발신자]"
"Sally/Greg,   I have been offered the opportunity by Giga (our IT research company) to have their head researcher come in to give an informal talk to our ENW leaders on what Giga see as major trends in IT in 2002.
I've accepted this offer and will have him present at our ENW staff meeting on 8th November.
I think it might be quite interesting, hope you do too.
Regards
",Giga Trend Talk,"[수신자]님,

저는 [회사명]에서 수석 연구원을 불러서 저희 [부서명] 리더들에게 [회사명]이 [년도] IT의 주요 트렌드로 보는 것에 대한 비공식적인 연설을 하게 해달라는 제안을 받았습니다.
저는 이 제안을 수락했고 [날짜]에 열리는 [부서명] 직원 회의에 그를 참석시킬 것입니다.
저는 그것이 꽤 흥미로울 것이라고 생각합니다. 여러분도 그렇게 하시기를 바랍니다.

감사합니다.
[발신자]"
"Sally:   I enjoyed the ENW presentation this morning, it looks like a great place to be.
I am on the UT campus recruiting team and I know a strong candidate that I feel would be a very good fit for an IT position in ENW.
He graduated this May and has been trying unsuccessfully for make contact with Enron recruiters for some time.
Could you possibly pass on this resume to an appropriate person in recruiting?
Thanks for the help.
",UT Candidate,"[수신자]님,

오늘 아침 [부서명] 프레젠테이션이 즐거웠어요. 정말 좋은 곳 같아요.
저는 [대학명] 캠퍼스 채용팀에 속해 있고, [부서명]의 IT 직책에 매우 잘 맞을 것 같은 강력한 후보자를 알고 있어요.
그는 [년도]에 졸업했고, 얼마 동안 [회사명] 채용 담당자와 연락을 시도했지만 실패했어요.
이 이력서를 채용 담당자에게 전달해 주실 수 있을까요?

도와주셔서 감사합니다.
[발신자]
"
"As you are all aware, the latest Risk Management Policy specifically addresses Operational Risk, and more specifically commits Enron to develop systems and processes that enable Enron to better evaluate its operational risk.
To that end, I have asked Wanda Curry to lead a cross-functional team (the ""Operational Risk Committee""), which will be jointly accountable for meeting this commitment.
I would like to have representatives from Enron Assurance Services, RAC, Research, Information Technology, GRMO and Arthur Anderson.
Enron's primary objective for monitoring its exposure to operational risk is to (a) identify the derivation of operational risk exposures and (b) improve the Company's systems and processes to mitigate such risk.
The guidelines for operational risk assessment are essentially undeveloped.
It will be our challenge to identify, assess, categorize, quantify and mitigate exposure to operational risk.
The risk capital allocation process includes the consideration of operational risk.
Initially, this assessment will be based on a qualitative view of the business unit's internal processes, people and systems.
The initial goal, for completion prior to year-end 2001, is to establish a baseline and/or report card to convey a sense for where we are now.
It is Enron's objective, as reflected in the Risk Management Policy, to increase the sophistication of risk measurement for operational risks through documented qualitative assessments and quantitative measurements.
A list of additional objectives to be addressed by the cross functional team has been prepared by Wanda.
These include: 	 Develop a qualitative operational risk assessment approach and implement.
This approach should enable a quick review of key functions and standards to identify weaknesses, monitor progress over time, and provide management with a representation of operational risk.
Assess and improve integrity of daily risk reports, i.e.
require confirmation that all books are captured, aggregated and processed through RisktRAC, CreditAg, and Infinity applications Ascertain the extent of spreadsheet usage across Enron and develop the ability to monitor NOP, V@R, and MTM for spreadsheets separately, i.e.
a Spreadsheet DPR.
Work with GRMO to develop ""rules of use"" for financial valuation models and spreadsheet ""books"" Utilize the existing RMS database and develop the ability to monitor intercompany - interbook activity (initially for forward positions only) and report variances  Recommend metrics for quantitative measurement of operational risk Access need for additional or improved risk databases  Wanda will be contacting each of you to identify your designated operational risk contact that will participate on this cross-functional team.
Thanks,
",Operational Risk Management,"여러분,

여러분이 모두 알고 계시듯이 최신 위험 관리 정책은 구체적으로 운영 위험을 다루고 있으며, 더 구체적으로 [기업명]이 운영 위험을 더 잘 평가할 수 있는 시스템과 프로세스를 개발하도록 규정하고 있습니다.
이를 위해 저는 [이름]에게 이 약속을 이행하기 위해 공동 책임을 지는 기능 간 팀([팀명])을 이끌 것을 요청했습니다."
"Sally / Bill / Shawn  This is a quick note to let you know that as of Monday 1 October Enron Europe will be introducing a robust New Account Opening Policy for all trading counterparties.
The Operational Credit team will be responsible for ensuring the smooth roll-out of the policy and for ensuring compliance with it.
The salient points of the policy are that:  traders will be more accountable for relevant Regulatory and internal compliance concerning their counterparties; money laundering checks will be completed for all new counterparties prior to trading; the Compliance Group will give sign off for all new counterparties prior to trading; RAC will give sign off for all new counterparties prior to trading.
These controls are already in place for the majority of Enron Europe's counterparties, however, the introduction of the Policy enables us to demonstrate this more effectively to the Regulators and to monitor compliance more easily.
I attach the policy below.
If you have any questions pls give me a call on +44 7783 5261.
Thanks   -   Sam
",Enron Europe New Account Opening Policy,"[수신자],

[날짜] 월요일부터 [기업명]에서 모든 거래 상대방을 대상으로 강력한 신규 계좌 개설 정책을 도입한다는 사실을 알려드리기 위한 간단한 메모입니다.
운영 신용팀은 정책의 원활한 도입과 준수를 보장할 책임이 있습니다.

정책의 주요 요점은 다음과 같습니다:
- 거래자는 상대방에 대한 관련 규제 및 내부 준수에 대해 더 많은 책임을 져야 합니다.
- 거래 전에 모든 신규 상대방에 대한 자금 세탁 검사를 완료합니다.
- 준수한 그룹은 거래 전에 모든 신규 상대방에 대한 승인을 내립니다.
- RAC는 거래 전에 모든 신규 상대방에 대한 승인을 내립니다.

이러한 통제는 [기업명]의 대부분 상대방에 대해 이미 시행되고 있지만, 정책을 도입함으로써 규제 기관에 이를 보다 효과적으로 입증하고 준수하는지 보다 쉽게 모니터링할 수 있습니다.

아래에 정책을 첨부합니다.
질문이 있으면 [전화번호]로 전화해 주세요.

감사합니다.
[발신자]"
"Sally,  I was part of the employee breakfast this morning and thought it went well.
As an idea, my group (Laura Johnson) publishes the  Enron Net Works News intranet site.
I know you've got an article out there already.
Would you like to use ENN as a forum for answering some of the questions or perhaps making a statement about ""leadership""?
I'll be glad to send Laura your way and hold up the current publication so your message is timely to the troops.
Rich Hall
",Employee Breakfast - ENN Article?,"[수신자],

오늘 아침 직원 아침 식사에 참석했는데 잘 진행되었다고 생각해요.
아이디어를 말씀드리자면, 저희 그룹([이름])은 [기업명] 뉴스 인트라넷 사이트를 발행합니다.
당신이 이미 기사를 냈다는 걸 알고 있어요.
[이름]을 포럼으로 사용하여 일부 질문에 답하거나 ""리더십""에 대한 성명을 발표하고 싶으신가요?
[이름]을 당신에게 보내서 현재 발행물을 보관해 두면 당신의 메시지가 시의적절하게 전달될 거예요.

[발신자]
"
"Jeff / Sally,  Shona just informed me that I missed the Steering Comittee meeting yesterday....
I remember getting an e-mail from you (Jeff) announcing that they were going to happen and that we should prepare for them, ....but I don't remember getting an invite for an actual meeting.
I've been on vacation, and when I came back I could have easily deleted the invite by accident, in an attempt to quickly get through my two hundred e-mails, so if I did, I apologise for not attending!
Could you please let me know when the next would be and what the frequency would be going forward?
regards
",Project Green Light steering comittee,"[수신자],

[이름]가 어제 운영위원회 회의에 참석하지 못했다고 방금 알려줬어요...
[이름1]가 회의가 열릴 것이라고 알려주는 이메일을 보낸 건 기억나는데... 실제 회의 초대장을 받은 적은 없어요.
휴가를 다녀왔고, 돌아왔을 때 200통의 이메일을 빨리 처리하려고 실수로 초대장을 지웠을 수도 있어요. 그랬다면 참석하지 못해 미안해요!
다음 회의가 언제이고 앞으로 얼마나 자주 열릴지 알려줄 수 있어요?
고마워요!

[발신자]"
"Everyone:  Thanks for the data you have sent.
The initial analysis phase has been completed.
Towards reaching our ultimate objective we request October 2001 (actual) net A/R data rolled up to the corporate parent and November 2001 (estimated) net A/R data rolled up to the corporate parent.
Please send your files to me by noon Thursday, November 1.
On Thursday afternoon, Tim Proffitt and I would like to schedule meetings with someone from each group to review the data and confirm our understanding of the receivables cycle.
If you have any questions, concerns, or suggestions, please call me as soon as possible.
Thank you for your help.
",net A/R data request,"모두: 보내주신 데이터에 감사드립니다.
초기 분석 단계가 완료되었습니다.
궁극적인 목표를 달성하기 위해 [날짜] 순 A/R 데이터를 모회사에 통합하고 [날짜] 순 A/R 데이터를 모회사에 통합해 달라고 요청합니다.
[날짜] [요일] [시간]까지 파일을 보내주세요.
[요일] 오후에 [이름]과 저는 각 그룹의 누군가와 회의를 예약하여 데이터를 검토하고 매출채권 주기에 대한 이해를 확인하고자 합니다.
질문, 우려 사항 또는 제안 사항이 있으면 최대한 빨리 전화해 주세요.
도와주셔서 감사합니다.
"
"Sally,   Attached is the Contact List that was submitted to Tammie Schoppe yesterday at Louise's request.
I am going to add more detail (i.e, title, departments), as well as any changes that yourself and Bob Hall  might suggest.
Thanks so much in helping us clarify what was needed.
",Contact List submitted to Tammie Schoppe,"[수신자], [이름]의 요청에 따라 어제 [이름1]에게 제출한 연락처 목록을 첨부합니다.
저는 더 자세한 내용(예: 직함, 부서)과 귀하와 [이름2]가 제안할 수 있는 변경 사항을 추가하겠습니다.
필요한 사항을 명확히 하는 데 도움을 주셔서 대단히 감사합니다."
"Please find attached a revised invoice for EES.
Please let me know if you have any adjustments and I will correct prior to this afternoon's meeting.
Thanks,
",Revised EES Invoice,"[수신자], EES에 대한 개정된 송장을 첨부했습니다.
조정 사항이 있으면 알려주시면 오늘 오후 회의 전에 수정하겠습니다.
감사합니다."
"Sally,  I am currently working with Cindy Olson and Kelly Kimberly in the diversity area, of which Ken Lay has asked to put renewed emphasis on.
Mr. Lay participates in the Houston CEO Diversity Roundtable, which consist of 10 of Houston's largest corporations.
On October 16th Cindy, Kelly and I met with Gerald Smith of Smith Graham & Company, Robert Carter of The Enterprise Group and Willie Alexander of W.J.
Alexander & Associates as a follow-up to a recent meeting Mr. Lay and Cindy attended.
These gentlemen represent a coalition of 13 Houston relatively large minority professional services firms who are looking to bring additional value to Enron and expand their footprint in some of the larger Houston area companies.
According to Cindy, the goal is for Enron to be a pilot in utilizing some of these professional services firms.
My plan is to conduct due diligence on these organzations prior to making formal recommendations to the Management Committee.
",Follow-up from the Houston CEO Diversity Roundtable,"[수신자], 저는 현재 [이름]과 [이름1]와 함께 다양한 분야에서 일하고 있는데, [이름2]가 이 분야에 다시 중점을 두라고 요청했습니다.
[이름2] 씨는 [위치]에서 가장 큰 10개 기업으로 구성된 [회의 이름]에 참여합니다.
[날짜] [이름], [이름2], 저는 [기업명]의 [이름3], [기업명1]의 [이름4], [기업명2]의 [이름5]를 만났습니다. [이름2] 씨와 [이름]가 참석한 최근 회의의 후속 조치였습니다.
이 신사들은 [기업명]에 부가 가치를 제공하고 [위치] 지역의 일부 대기업에서 입지를 확대하고자 하는 13개의 비교적 규모가 큰 소수 민족 전문 서비스 회사 연합을 대표합니다.
[이름]에 따르면, [기업명]은 이러한 전문 서비스 회사 중 일부를 활용하는 시범 사업이 되는 것이 목표입니다.
저는 경영 위원회에 공식적인 권고안을 제시하기 전에 이러한 조직에 대한 실사를 실시할 계획입니다."
"I would like you to both to make a concerted effort to host upcoming Houston GISB meetings and if possible lets see if we can do it in Enron Center South.
That would be great PR and also sends a signal to our partners that nothing here is different.
Let me know if we get one on the calendar, tks - Bob
",Trade meetings,"안녕하세요 [수신자]님,

저는 두 분 모두 다가올 [프로젝트] 회의를 주최하기 위해 협력해 주시길 바랍니다. 가능하다면 [장소]에서 할 수 있는지 알아보겠습니다.
그것은 훌륭한 홍보가 될 것이고, 또한 파트너들에게 여기가 다르지 않다는 신호를 보낼 것입니다.
일정에 하나 있으면 알려주세요.

고맙습니다.
[발신자]
"
"Attached is the format that Tim Proffitt's team would like to see the data presented in.
This is the information previously requested in Chris Heron's email yesterday and setting the Thursday noon deadline.
The file shown below is physical gas; their goal is to show the data at a business unit level by ultimate parent; then by operating company level by ultimate parent; i.e., ENA,EGM,EIM,; and then finally at an Enron corp level by ultimate parent.
If you have questions about file format please call me at extension 37962.
Thanks to all of you for your hard work.
Leslie
",Format for receivables reporting,"안녕하세요 [수신자]님,

첨부된 파일은 [부서]팀이 데이터를 표시하기를 원하는 형식입니다.
이것은 [이름]이 어제 이메일로 요청한 정보이며 목요일 정오 마감일을 설정합니다.
아래에 표시된 파일은 물리적 가스입니다. 그들의 목표는 궁극적인 모회사별로 사업부 수준에서 데이터를 표시하고, 궁극적인 모회사별로 운영 회사 수준에서 데이터를 표시하는 것입니다. 즉, ENA, EGM, EIM, 마지막으로 궁극적인 모회사별로 [기업명] 수준에서 데이터를 표시하는 것입니다.
파일 형식에 대한 질문이 있으면 내선 번호 [전화번호]로 전화해 주세요.
여러분 모두의 노고에 감사드립니다.

[발신자]"
"Here are the notes from your four employee meetings and from the two Mark Frevert employee meetings.
Call me if you have any questions or comments.
Eric
",Notes from the 6 ENW Meetings,"안녕하세요 [수신자]님,

여기에 네 번의 직원 회의와 두 번의 [이름] 직원 회의의 노트가 있습니다.
질문이나 의견이 있으면 전화 주세요.

[발신자]
"
"Hi Sally,  I know it's very early to be contacting you, but I hope that you will remember KPMG when you get to UBS and need help with systems integration/data mapping type work.
UBS was one of my clients when I lived in Switzerland and I was very involved with the implementation of a system called DACFA 2 which was used for global data pooling and consolidation.
I have actually re-initiated contact with people I know in UBS Corporate Audit in Zurich and will be providing them with general information concerning wholesale energy trading.
We would very much like to speak to you regarding your planned role in Netco and the direction you think the company will take.
Again, I realize that's it very early, but I know that you will continue to operate at Enron speed and if we wait it will be too late to help.....  Best regards,
",UBS Systems Integration,"안녕하세요 [수신자]님,

연락하기에는 너무 이르다는 건 알지만, [기업명1]에 가서 시스템 통합/데이터 매핑 유형의 작업에 도움이 필요할 때 [회사명]을 기억해 주셨으면 합니다.
[기업명1]는 제가 [위치]에 살았을 때 제 고객 중 하나였고, 저는 [시스템명]이라는 시스템의 구현에 매우 관여했는데, 이 시스템은 글로벌 데이터 풀링 및 통합에 사용되었습니다.
저는 실제로 [위치]에 있는 [기업명1]에서 아는 사람들과 다시 연락을 시작했고, [업종]에 관한 일반 정보를 제공할 것입니다.
[회사명]에서 계획된 역할과 회사가 나아갈 방향에 대해 이야기하고 싶습니다.
다시 말하지만, 아직 너무 이르다는 건 알지만, 여러분이 [기업명] 속도로 계속 운영할 것이고, 기다리면 도움을 드리기에는 너무 늦을 것이라는 걸 알고 있습니다.

최고의 경의를 표합니다,
[발신자]
"
"Ladies,      Do to time restraints in  presenting the prospective Provisionals to the Board prior to their  invitations being issued and the Provisional Orientation, I need to change the  Feb. Board meeting to Feb. 4th.
Lisa will send meeting  reminders when the location is confirmed.
If any of you see any problems  with this please contact me ASAP.
Please confirm you have received  this.
Nancy
",ncl board meeting,"여러분,

임시 후보자를 이사회에 초대장을 발급하고 임시 후보자 오리엔테이션을 하기 전에 제시하는 데 시간 제약이 있어서 [날짜] 이사회 회의를 [변경된 날짜]로 변경해야 합니다.
[이름]가 장소가 확정되면 회의 알림을 보낼 것입니다.
여러분 중 누구라도 여기에 문제가 있으면 최대한 빨리 저에게 연락해 주십시오.
이것을 받았는지 확인해 주십시오.

감사합니다.
[발신자]
"
"Here is an updated version of the Energy Ops Overview (Total Budget/Headcount broken out by Business Unit) and the Headcount Report by Business Unit/Function.
We've  verified these numbers with Fin Ops so everything should be in order.
Let me know if you have any questions.
Thanks,
",2002 Budget Energy Ops Overview,"[수신자],

다음은 에너지 운영 개요(총 예산/사업부별 인원)와 사업부/기능별 인원 보고서의 업데이트된 버전입니다.
우리는 재무 운영부에서 이 숫자를 확인했으므로 모든 것이 정상일 것입니다.
궁금한 사항이 있으면 알려주세요.
감사합니다.

[발신자]
"
"Attached for your information is ENW/EBS-IT staff and their skill set inventories along with relative ranking.
Many members are already spoken for by Anthony Dayao and those people are excluded from the list.
Also 16 others will be needed for supporting EBS systems and their information is provided for your future reference.
HR will be working with us to make a smooth transition.
If you should like to get to know them to fill your needs, please work with our HR to set up schedules to get to meet them.
If you need further information, please call me.
Thank you.
Regards,
",EBS Staff Information & Transition,"[수신자],

참고로 [기업명] [부서] 직원과 그들의 기술 세트 목록과 상대적 순위를 첨부했습니다.
많은 구성원이 이미 [이름]에 의해 약속되었으며 해당 사람들은 목록에서 제외되었습니다.
또한 EBS 시스템을 지원하기 위해 16명이 더 필요하며 해당 정보는 향후 참조를 위해 제공됩니다.
[기업명1]은 원활한 전환을 위해 저희와 협력할 것입니다.
필요한 것을 충족시키기 위해 그들을 알고 싶으시다면 저희 [기업명1]과 협력하여 일정을 정해 그들을 만나십시오.
추가 정보가 필요하면 저에게 전화하십시오.
감사합니다.

[발신자]
"
"Sally:  Thanks for the call today and I look forward to our meeting to discuss the pending curve validation process enhancements with Andersen.
As requested, attached is the EWS status from Andersen.
Please call Mechelle or me if you have any questions  Shawn
",EWS status,"[수신자], 

오늘 전화 주셔서 감사합니다. [이름]과 보류 중인 곡선 검증 프로세스 개선에 대해 논의하기 위한 회의를 기대합니다.
요청하신 대로 [이름]의 EWS 상태를 첨부했습니다.
질문이 있으면 [이름1]이나 저에게 전화해 주세요.

[발신자]
"
"Hi Sally,   Attached is the first cut at average deal count and tenure information for EOL and non-EOL trading.
The only missing pieces at this point are European Metals and ""Other"", both of which we should have from London first thing in the morning.
I will send an updated file as soon as we have that information, and we wil be standing by tomorrow in case there are any revisions needed, or additional requests.
Thanks,
",Average Tenure and Deal Count Information,"안녕하세요 [수신자],

첨부된 것은 EOL 및 비 EOL 거래에 대한 평균 거래 수와 임기 정보의 첫 번째 컷입니다.
현재 누락된 부분은 [지역] 금속과 ""기타"" 거래로, 두 항목은 아침 일찍 [장소]에서 가져와야 합니다.
해당 정보가 있으면 업데이트된 파일을 보내드리겠습니다. 내일 수정이 필요하거나 추가 요청이 있을 경우를 대비해 대기하겠습니다.
감사합니다.

[발신자]"
"All -  Ramsey Soliman (PPA major) attended our Fantastic Friday October 25-27.
He received and has accepted a full-time offer with us.
The remaining 14 full-time candidates from UT will attend Fantastic Friday November 15-17.
Please e-mail Dolores Muzzy if you are interested in participating in any of the events during that weekend.
Thanks!
",Ramsey Soliman,"[수신자],

이름이 [날짜]에 열린 [행사명] 행사에 참석했습니다.
그는 우리와 함께 정규직 제안을 받고 수락했습니다.
나머지 14명의 정규직 지원자는 [날짜]에 개최되는 [행사명] 에 참석할 예정입니다.
그 주말에 열리는 행사에 참여하고 싶으시다면 [이름1]에게 이메일을 보내주세요.

감사합니다!

[발신자]"
"Hey Sally-  This note got kicked back to me when I tried to send it to  you yesterday, so hopefully it will make it through this time.
Thank you for your wonderful letter explaining your  decision to stay and display ""visible leadership"" during this very difficult  period.
I read an excerpt of it to the group, and everyone's hearts were with  you.
You were greatly missed, but of course we all understood and supported your  decision.
It was wonderful meeting you and I thank you for your  wonderful contributions to the first session.
I hope once things stabilize a bit  you'll have a chance to re-engage with the group.
",CHF Leadership Forum Actions Plans and Follow-up,"안녕, [수신자].

어제 너한테 보내려고 했을 때 이 메모가 반송되었어. 이번에는 잘 전달되었으면 좋겠어.
이 매우 어려운 시기에 머물러서 ""눈에 띄는 리더십""을 보여주기로 한 결정을 설명하는 멋진 편지에 감사해.
나는 그 편지의 일부를 그룹에 읽어줬고, 모든 사람이 너를 마음에 들어했어.
네가 몹시 그립겠지만, 물론 우리 모두는 너의 결정을 이해하고 지지해.
너를 만나서 정말 좋았고 첫 번째 세션에 훌륭하게 기여해줘서 고마워.
상황이 조금 안정되면 그룹에 다시 참여할 기회가 생기기를 바라.

[발신자]
"
"2002 YEAR-END VACATION CARRYOVER GUIDELINES   I will be sending to you today hard copies of the vacation carry-over report for your business unit.
Please verify the accuracy of the 40 hours carry-over and sign the bottom of the page.
Additionally, if you have employees, who for business reason, need to carry-over more than 40 hours, please do the following:  ?
Place the total number of hours over the 40 hours carry-over in the column entitled ""additional carry-over amount approved""  ?
Initial and provide business rationale.
If there is not enough space on the report, please provide your rationale under separate cover.
Please sign and date at the bottom of each sheet.
Approval for carryover in excess of 40 hours will need the approval of the Creditors Committee and Executive HR.
Please complete and return sheets to me  by January 22, 2002.
The endorsed exceptions will be reviewed by the Bankruptcy Committee and Human Resources leadership from January 25-29, 2002.
We hope to post and reflect all approved carry-over vacation by January 31, 2002.
Please call if you have any questions.
I appreciate your support in this process.
Hector McLoughlin Ext.
36703
",Vacation balance carryover,"[수신자]님,

오늘 귀사 사업부의 휴가 이월 보고서 사본을 보내드리겠습니다.
40시간 이월의 정확성을 확인하고 페이지 하단에 서명해 주십시오.
또한, 사업상의 이유로 40시간 이상 이월해야 하는 직원이 있는 경우 다음을 수행해 주십시오:
40시간 이월을 초과한 총 시간을 ""승인된 추가 이월 금액""이라는 제목의 열에 기입하십시오.

감사합니다.

[발신자]
"
"Hi Sally,  Attached is the approval letter from the National Council BOD for your chapter's logo product sales at the upcoming convention.
Please let me know if you have any questions after reading it.
Also, the 2002 National Convention Committee is contemplating allowing chapter logo product sales on Thursday, April 25, 2002, the day before convention.
A time for the sale hasn't been specified yet, but would probably coincide with convention registration and check-in.
I need to know ASAP if your chapter would be interested in doing this.
Take Care, Kathy Hoyt               National Council Ways & Means VP   - Wildflowers Approval Ltr.doc
",NCL - Wildflowers Chapter 2002 Convention Logo Product Sale,"[수신자]님,

첨부된 것은 다가올 대회에서 귀 지부의 로고 제품 판매에 대한 전국 협의회 BOD의 승인서입니다.
읽어보신 후 질문이 있으시면 알려주세요.

또한, [위원회]는 대회 전날인 [날짜]에 지부 로고 제품 판매를 허용하는 것을 고려하고 있습니다.
판매 시간은 아직 정해지지 않았지만, 아마도 대회 등록 및 체크인과 동시에 이루어질 것입니다.
귀 지부가 이에 관심이 있는지 최대한 빨리 알려주셔야 합니다.

[발신자]
[부서] [직책]"
"I had IT run numbers of deals that go out past 2002.
Total = 6632 Buys= 3464 Sells= 3168  It will take some time to get alot beyond that info,  but I think this gives a clear picture that there are a substantial number of deals going out long-term.
Thanks
",Open Positions,"[수신자]님,

저는 IT 부서에서 [년도] 이후에 진행된 거래 수를 조사했습니다.
총계 = [총 거래 수]건
매수 = [매수 거래 수]건
매도 = [매도 거래 수]건

그 이상의 정보를 얻는 데는 시간이 좀 걸리겠지만, 장기적으로 진행된 거래가 상당히 많다는 것을 명확히 알 수 있을 것 같습니다.

감사합니다.
[발신자]
"
"Hi Sally,   At the Net Works All Employee Meeting, you displayed a deep understanding of Enron's business and business issues.
Would you be able to help me gain a similar mastery.
I don't know where to start looking.
Your time and understanding is appreciated.
",Understanding Enron's Business,"안녕하세요 [수신자]님,

[기업명] 전 직원 회의에서 [수신자]님은 [기업명1]의 사업과 사업 문제에 대한 깊은 이해를 보여주셨습니다.
저도 비슷한 통찰력을 얻을 수 있도록 도와주실 수 있을까요?
어디서부터 찾아야 할지 모르겠습니다.

당신의 시간과 이해에 감사드립니다.

[발신자]
"
"Sally,   here is the list..... sorry it's a little later than the 4pm deadline....
I had to go bully some people to convince them to yield their contractors.
The top section is for those few we should retain, with short explanations in the comment field.
The 2nd section is the main set with end date.
At the bottom is the anticipated monthly burn rate saving.
This list does not contain the EGM/EIM contractors as Jeff Johnson was to send you his seperately.
Please let me know, when you want us to pull the trigger on the contractors....!
regards
",Contractors,"안녕하세요 [수신자]님,

여기 목록이 있습니다... 오후 4시 마감일보다 조금 늦어서 죄송합니다.
저는 계약자를 양보하도록 설득하기 위해 몇몇 사람들을 괴롭혀야 했습니다.
위 섹션은 우리가 보관해야 할 몇 가지를 위한 것이며, 주석 필드에 짧은 설명이 있습니다.
두 번째 섹션은 종료 날짜가 있는 주요 세트입니다.
아래에는 예상 월별 소모율 절감이 있습니다.
이 목록에는 [이름]이 별도로 보내야 했기 때문에 EGM/EIM 계약자가 포함되어 있지 않습니다.
언제 계약자를 협상해야 할지 알려주세요.

감사합니다.
[발신자]"
"Sally,  Here is a first cut at our contractor cuts.
I am still working on the rates/monthly savings.
In most cases, I guessed.
I should have updated rates tomorrow.
Please let me know if you have any questions.
JR
",Contractors,"안녕하세요 [수신자]님,

여기 계약자 컷의 첫 번째 컷이 있습니다.
아직 요금/월별 절감에 대해 작업 중입니다.
대부분의 경우 추측했습니다.
내일 요금을 업데이트해야 합니다.
궁금한 사항이 있으면 알려주세요.

감사합니다,
[발신자]"
"Hi Sally,   Please send me any documents that were worked on over the weekend.
I have the consolidated IT spreadheet.
I don't have any others.
Thanks
",Documents,"안녕하세요 [수신자]님,

주말에 작업한 문서가 있으면 보내주세요.
통합 IT 스프레드시트가 있습니다.
다른 것은 없습니다.

고맙습니다.
"
"As discussed in our meeting on Monday, Net Works will be conducting a year-end talent review to identify the top 15% of its employees.
In order to prepare for this meeting, please refer to the attached guidelines and criteria.
The top 15% should be those individuals who have strong long-term potential and are critical to retain under the current company circumstances.
Your Human Resources representative will be contacting you to offer assistance.
Names of individuals should be submitted to Marla Barnard by 4:30 p.m. today.
This information, along with the next steps for the process will be discussed at our  5 p.m. meeting today.
Thank you for your cooperation.
",Talent Review for Net Works - Time Sensitive,"안녕하세요 [수신자]님,

월요일 회의에서 논의했듯이 [기업명]는 직원의 상위 15%를 파악하기 위해 연말 인재 평가를 실시할 예정입니다. 이 회의를 준비하려면 첨부된 지침과 기준을 참조해 주세요.

상위 15%는 장기적으로 강력한 잠재력을 가지고 있고 현재 회사 상황에서 유지하는 데 중요한 개인이어야 합니다.

인사 담당자가 연락하여 도움을 드릴 것입니다. 개인의 이름은 오늘 오후 [시간]까지 [이름]에게 제출해야 합니다. 이 정보와 프로세스의 다음 단계는 오늘 오후 [시간] 회의에서 논의됩니다.

협조해 주셔서 감사합니다."
"Good morning-  Discussions have taken place between EBS (Barry Pearce) and RAC (David Port) to make adjustments to the EBS daily risk-reporting process.
This memo will outline the changes that have been discussed and agreed upon.
EBS will implement these changes this week.
DPR   All risk books will be run on Tuesday and Thursday of each week and P&L will be reported for those days.
POSITIONS AND CURVES  Pending an IT solution, positions and curves will be loaded each day.
On days when the books are not run, we will use prior day information.
Per discussions with Credit, this process is sufficient for counterparty exposure reporting.
CASH FLOWS  Cash flows will be loaded on days the books are run.
Infinity will pick up prior information on days when books are not run.
",New EBS Procedures for Risk Management Books,"좋은 아침입니다, [수신자]님,

[기업명]와 [기업명1] 간에 EBS 일일 위험 보고 프로세스를 조정하기 위한 논의가 진행되었습니다. 이 메모에는 논의되고 합의된 변경 사항이 설명되어 있습니다.

EBS는 이번 주에 이러한 변경 사항을 구현할 것입니다.

DPR 모든 위험 장부는 매주 [요일1]과 [요일2]에 실행되고, 해당 요일에 대한 손익이 보고됩니다. 포지션 및 곡선 IT 솔루션이 보류되는 동안 매일 포지션과 곡선이 로드됩니다. 장부가 실행되지 않는 날에는 전날 정보를 사용합니다.

신용에 관한 논의에 따라 이 프로세스는 상대방 노출 보고에 충분합니다. 현금 흐름은 장부가 실행되는 날에 로드됩니다. Infinity는 장부가 실행되지 않는 날에 대한 사전 정보를 수집합니다.
"
"Sally-  Yesterday at the floor meeting on the 32nd floor, I asked you a pointed question regarding trust of company management.
I appreciated your effort to confront the frustration that many employees currently have.
However, you also requested other questions.
I have a number of questions, and I have tried to collect a number of questions from those that I have heard around the floor.
In addition, I have a couple of suggestions for what could be done to build badly lacking morale.
I am sorry for the long list, but in reality this is probably just the tip of the iceberg regarding questions and concerns out there.
I hope that you can answer some of these questions, and I hope that you can ask some of these questions to those who might know.
I appreciate your efforts.
Here is the list:      I have sent this to my two supervisors as well.
Have a nice day.
Tom Chapman
",You asked for questions,"안녕하세요 [수신자]님,

어제 [장소]에서 열린 회의에서 회사 경영진의 신뢰에 대한 질문을 했습니다. 현재 많은 직원들이 겪고 있는 좌절에 맞서려는 노력에 감사드립니다. 하지만 다른 질문도 요청하셨습니다.

저는 여러 가지 질문이 있으며, 회의장에서 들은 질문을 바탕으로 몇 가지를 수집하려고 노력했습니다. 또한, 심하게 부족한 사기를 회복하기 위해 할 수 있는 몇 가지 제안도 있습니다. 긴 목록이 되어 죄송하지만, 사실 이것은 아마도 질문과 우려에 대한 빙산의 일각일 것입니다.

이러한 질문 중 일부에 답해 주시고, 아는 사람에게도 몇 가지 질문을 해 주시면 좋겠습니다. 노력에 감사드립니다.

목록은 다음과 같습니다. 두 명의 상사에게도 보냈습니다.

좋은 하루 보내세요.

[발신자]"
"Attached is a list of the key personnel identified within EGM (at all levels) that given an elimination of their position in EGM should be placed in another position somewhere at Enron.
These are all people who would be fungible across the organization and have performed at a high level for a period of time.
Call me if you have any questions.
Brent
",EGM/Enron Key Personnel,"안녕하세요 [수신자]님,

첨부된 것은 [기업명] (모든 레벨)에서 확인된 핵심 인력 목록입니다. [기업명]에서 직위가 제거되면, [기업명1]의 다른 위치에 배치되어야 합니다. 이들은 모두 조직 전체에서 대체 가능하며 일정 기간 동안 높은 수준에서 성과를 낸 사람들입니다.

질문이 있으면 저에게 전화 주세요.

감사합니다.

[발신자]
"
"Mark and Jim, As part of pulling together Data Room for possible EBS sale, we are asked to come up with information regarding in-house developed software and labor cost.
I would like to have your direction on the policy question whether to include Enfiber and Sabor Settlement systems.
Sabor Settlement system is using Unify Settlement as the foundation and Enfiber is patterned after EnPower which potentially could give some valuable competitive insight into our Trading.
Do you think these systems should be included in the EBS sales package?
As shown on the attachment, those systems are included at the present time.
Thank you.
(including PPCS/Dorado)
",EBS-Sale Preparation,"안녕하세요 [수신자]님,

EBS 판매를 위한 데이터 공간을 구성하는 일환으로, 저희는 사내에서 개발한 소프트웨어와 인건비에 대한 정보를 제공해 달라는 요청을 받았습니다.

[시스템명1]와 [시스템명2] 시스템을 포함할지 여부에 대한 정책 질문에 대한 귀하의 지시를 듣고 싶습니다. [시스템명2] 시스템은 [시스템1]을 기반으로 사용하고 있으며 [시스템명1]은 [시스템2]를 본떠 만들어졌기 때문에, 잠재적으로 저희 거래에 대한 귀중한 경쟁 통찰력을 제공할 수 있습니다.

이러한 시스템을 EBS 판매 패키지에 포함해야 한다고 생각하십니까? 첨부 파일에 나와 있듯이, 현재 이러한 시스템이 포함되어 있습니다.

감사합니다.
([부서명] 포함)"
"This is way over the top as far as what you and Greg asked for yesterday, but as I was writing, it turned into a Project Everest status update as well.
I hope you find it useful.
Let me know if you have questions...  T
",information for Thursday's meeting,"안녕하세요 [수신자]님,

어제 [이름]님과 요청한 것보다 너무 지나치지만, 제가 글을 쓰는 동안 [직접 입력] 프로젝트 상태 업데이트로 바뀌었어요. 유용하다고 생각되셨으면 좋겠어요.

궁금한 점이 있으면 알려주세요.

감사합니다.
[발신자]
"
"Mark,  While Enron's management teams are reviewing actions plans for the upcoming six to nine months, I understand that functional transition teams will be assembled to address the planned merger.
I would like to register my strong interest in assisting any transition team where my skills could add value.
Prior to developing and supporting corporate as well as enterprise systems at Enron my career has spanned across General Electric Capital Services and ABB on a global basis.
Much of this experience has included system integration and change management.
Let me know if you have any questions to the above.
Otherwise, I wanted to let you know of my interest and desire in working towards a successful transition for Enron.
Regards,
",Merger Transition Teams,"안녕하세요 [수신자]님,

[기업명]의 경영진이 향후 6~9개월 동안의 행동 계획을 검토하는 동안, 기능적 전환 팀이 계획된 합병을 처리하기 위해 구성될 것이라는 것을 알고 있습니다. 저는 제 기술이 가치를 더할 수 있는 전환 팀을 지원하는 데 강한 관심을 등록하고 싶습니다.

[기업명]에서 기업 및 엔터프라이즈 시스템을 개발하고 지원하기 전에 저는 [기업명1]와 [기업명2]에서 글로벌하게 경력을 쌓았습니다. 이 경험의 대부분은 시스템 통합 및 변경 관리를 포함했습니다.

위의 내용에 대해 궁금한 사항이 있으면 알려주십시오. 그렇지 않으면 [기업명]의 성공적인 전환을 위해 노력하는 데 대한 관심과 열망을 알려드리고 싶었습니다.

감사합니다.
[발신자]"
"Attached is a mini dash that summarizes the proposed deal to grant a license for POPS to AEP.
Please review and let me know of any issues, questions or concerns.
Yesterday evening AEP sent some last minute changes to the license agreement primarily dealing with arbitration.
I will be meeting with Barbara Gray and my counterpart from AEP, Dave Banks, tomorrow to nail down this agreement.
I'd like to get signatures on Friday so that we can move forward with getting our first payment and then start the process of delivering the application.
On a related note there have been some issues between AEP and Enron on the commercial side of the business.
Louise Kitchen and Eric Vanderwalde are involved in working through those issues.
Brian Redmond has asked that we call him before executing this agreement.
",POPS Mini Dash and License Agreement Status,"안녕하세요 [수신자]님,

첨부된 간략한 대시는 [기업명]에 POPS 라이선스를 부여하는 제안된 거래를 요약한 것입니다. 검토하고 문제, 질문 또는 우려 사항이 있으면 알려주십시오.

어제 저녁 [기업명]에서 주로 중재를 다루는 라이선스 계약에 대한 마지막 순간 변경 사항을 보냈습니다. 내일 [이름]와 [기업명]의 제 상대방인 [이름1]를 만나 이 계약을 확정할 예정입니다. 금요일에 서명을 받아 첫 번째 지불을 진행하고 신청서를 전달하는 절차를 시작하고 싶습니다.

관련하여 [기업명]와 [기업명1] 사이에 사업의 상업적 측면에서 몇 가지 문제가 있었습니다. [이름2]와 [이름3]가 이러한 문제를 해결하는 데 참여하고 있습니다. [이름4]는 이 계약을 실행하기 전에 그에게 전화해 달라고 요청했습니다.

감사합니다.
[발신자]
"
"When: Monday, November 19, 2001 10:00 AM-11:00 AM (GMT-06:00) Central Time (US & Canada).
Where: ECN 872  *~*~*~*~*~*~*~*~*~*  Background & Meeting Objective:  Under the direction of Tim Belden, Kevin Presto, Lloyd Will, Anthony Dayao and Beth Perlman, Todd Busby and I have completed the 3 week analysis of wholesale and retail power systems integration.
We would like to present the results of our analysis and discuss recommendations the team believes will lead to cost savings and process efficiencies.
The analysis results are enclosed.
Agenda;  Background Summary of Results Integrated Systems Vision Open Issues Recommendations
",WHS/Retail Systems Integration Analysis - Results/Recommendations,"안녕하세요 [수신자]님,

다음 회의에 대해 안내드립니다:

언제: [날짜] [시간-[시간]
장소: [장소] [회의실]

배경 및 회의 목표:
[이름], [이름1], [이름2], [이름3], [이름4]의 지휘 하에 [이름5]와 저는 도매 및 소매 전력 시스템 통합에 대한 3주 분석을 완료했습니다.
저희는 분석 결과를 발표하고 팀이 비용 절감과 프로세스 효율성으로 이어질 것이라고 믿는 권장 사항을 논의하고자 합니다.
분석 결과를 첨부했습니다.

의제: 배경 결과 요약 통합 시스템 비전 미해결 문제 권장 사항

회의에 참여해 주셔서 감사드리며, 궁금한 사항이 있으면 언제든지 문의해 주세요.

감사합니다.
[발신자]"
"Attached is an Excel file of the EES IT FTEs.
The first tab lists all employees and is sorted by job title and then by name.
There are two columns.
One is labeled Top 10% and the other Critical.
Asterisks are place in the columns as indicators of employees classified as the top 10% talent and the employees critical to retain.
The second tab is a summary sheet of the top 10% and the employees critical to retain.
Employees are sorted by title and then by name.
Please let me know if you have any questions.
",EES IT FTEs Top 10% Talent / Critical to Retain,"안녕하세요 [수신자]님,

첨부된 [보고서 이름]의 Excel 파일을 보내드립니다.

파일 구성:

1. 첫 번째 탭에는 모든 직원이 나열되어 있으며 직함별로 정렬된 후 이름별로 정렬되어 있습니다.
-두 개의 열이 있습니다:
-- 하나는 ""상위 10%""로 레이블이 지정되고,
-- 다른 하나는 ""중요""로 레이블이 지정됩니다.
-별표는 상위 10% 인재로 분류된 직원과 유지에 중요한 직원을 나타내는 지표로 열에 배치되어 있습니다.

2. 두 번째 탭은 상위 10%와 유지에 중요한 직원의 요약 시트입니다.
- 직원은 직함별로 정렬된 후 이름별로 정렬되어 있습니다.

궁금한 사항이 있으면 언제든지 알려주세요.

감사합니다.
[발신자]"
"Team -  I wanted to give you a brief update on some of the transition discussions that have been occurring over the last few days.
The ISC's Steering Committee is participating in a series of working sessions with Enron Networks (ENW) related to our current service offerings and critical business processes.
These discussions are designed to assist ENW in understanding the complexities of the many systems and processes supported by the ISC and not as some of you may have heard focusing on reducing headcount in the ISC.
I can tell you that our discussions with ENW have been very positive.
We are being recognized for the significant contributions that we make to support Enron's core businesses and have been identified as a critical group.
I understand that this is a very difficult time for everyone.
I would like to encourage each of you to talk with either myself or your Steering Committee member if you have specific questions or concerns.
Furthermore, I will be arranging weekly ISC All Employee Meetings starting immeadiately after Thanksgiving to address many of your questions and to share feedback and updates.
Thank you for all of your continued hard work....
",ENW/ISC Update,"안녕하세요 [수신자]님,

지난 며칠 동안 진행된 전환 논의에 대한 간략한 업데이트를 제공하고자 합니다.

ISC 운영 위원회는 [기업명]와 현재 서비스 제공 및 중요한 비즈니스 프로세스와 관련된 일련의 작업 세션에 참여하고 있습니다.
이러한 논의는 [기업명]가 ISC에서 지원하는 많은 시스템과 프로세스의 복잡성을 이해하도록 돕기 위해 고안되었으며, 일부 사람들이 들었을 수 있듯이 ISC의 직원 수를 줄이는 데 초점을 맞춘 것은 아닙니다.
[기업명]와의 논의가 매우 긍정적이었다고 말씀드릴 수 있습니다.
우리는 [기업명]의 핵심 사업을 지원하기 위해 상당한 기여를 한 것으로 인정받고 있으며 중요한 그룹으로 지정되었습니다.

저는 이것이 모든 사람에게 매우 어려운 시기라는 것을 알고 있습니다.
특정 질문이나 우려 사항이 있는 경우 저나 운영 위원회 위원에게 이야기해 주시기를 권장합니다.
또한 추수감사절 직후부터 매주 ISC 모든 직원 회의를 마련하여 여러분의 많은 질문에 답하고 피드백을 공유해 업데이트할 예정입니다.

여러분의 지속적인 노고에 감사드립니다.

감사합니다.
[발신자]"
"The Weather Derivatives audit, executed by Andersen, has been completed.
The attached Final Report has been reviewed with key process owners and issues were discussed with appropriate personnel, both during the audit and at the closing meeting.
Final Reports will also be reviewed in detail with Wes and Sally on a periodic basis.
EAS will follow up with you regarding implementation of corrective action for High Priority Items  If you have any questions, please contact me at ext.
5-4554.
Thank you.
Mechelle Atwood Director, Enron Assurance Services Enron Wholesale Services
",Weather Derivatives Audit Report,"안녕하세요 [수신자]님,

[이름]이 실행한 [프로젝트] 감사가 완료되었습니다.
첨부된 최종 보고서는 주요 프로세스 소유자와 함께 검토되었으며, 감사 중과 마감 회의에서 적절한 인력과 문제가 논의되었습니다.
최종 보고서는 또한 [이름1]와 [이름2]와 함께 주기적으로 자세히 검토됩니다.
EAS가 우선 순위가 높은 항목에 대한 시정 조치 실행과 관련하여 귀하에게 연락할 것입니다.

질문이 있으시면 내선 번호 [전화번호]로 연락해 주십시오.
감사합니다.

[기업명]
[부서]
[이름]
"
"Hoep all is well with you.
We are still working away.
The biggest item that should be happening this week (today) is that Chris's wife is giving birth to their second child (another boy).
Regards
",weekly operating report,"안녕하세요 [수신자]님,
잘 지내고 계신지요?
저희는 여전히 꽤 멀리 떨어진 곳에서 업무를 진행하고 있습니다.
이번 주(오늘)에는 [이름]의 아내께서 둘째 자녀를 출산할 예정입니다.

감사합니다.
[발신자] 드림
"
"I will begin my maternity leave on Monday, November 19.
In my absence, Katherine Chisley will be covering for Mark Pickering and myself.
For assistance with Mark's calendar, please contact Katherine Chisley at x58463.
Katherine will also have access to my email.
Thank you,
",Maternity Leave,"안녕하세요, [수신자]님,
저는 [날짜]부터 출산 휴가를 시작합니다.
저의 부재 동안, [이름]가 [이름1]과 함께 저를 대신하여 업무를 처리할 예정입니다.
[이름1]의 일정에 관한 지원이 필요하시면, [전화번호]으로 [이름]에게 연락해 주세요.
[이름]은 제 이메일에도 접근할 수 있습니다.

감사합니다.
[발신자] 드림"
"Sally,  Beth has 253 employees.
22 are in the top 10% for a 9% total distribution.
25 are in the bottom 10% for a 10% total distribution.
Please refer to attachment below.
Please let me know if you need additional information.
I've left messages for Brent & Kevin as well as their HR Reps to provide the needed data to you by Monday morning.
I've also copied Marla on your request.
Frank has forwarded Bob's information to you.
Thanks, H
",Beth Talent 01.xls,"안녕하세요, [수신자]님,
[기업명]는 총 253명의 직원이 있으며, 그 중 22명은 상위 10%에 속해 총 9%를 차지하고 있습니다.
25명은 하위 10%에 속해 총 10%를 차지하고 있습니다.
자세한 사항은 첨부 파일을 참조해 주세요.

추가 정보가 필요하시면 알려주세요.
[이름]와 [이름1], 그리고 그들의 HR 담당자에게 월요일 아침까지 필요한 데이터를 제공해 달라고 요청했습니다.
[이름2]에게도 귀하의 요청에 대한 사본을 보냈습니다.
[이름3]가 [이름4]의 정보를 귀하에게 전달했습니다.

감사합니다.
[발신자] 드림
"
"Hi Sally,   Do you know where we stand with the Enron America's changes?
I presume the Operations people are working with the business people and will then get with the IT people once decision have been made ?
Are we done with EES, I heard that Fallon is going to speak to Whalley about their position (i.e.
no changes).
Are there more questions to ask the EGM/EIM busineses, are these being asked ?
Can you send me the spreadsheet we put together.
Thanks
",Todays Work,"안녕하세요, [수신자]님,
[기업명]의 변경 사항에 대해 우리가 어떤 입장인지 알고 계십니까?
운영 담당자가 사업 담당자와 협력하고, 결정이 내려지면 IT 담당자와 협력할 것으로 예상됩니다.
EES는 끝났나요? [이름]이 [이름1]과 그들의 입장(즉, 변경 없음)에 대해 이야기할 것이라고 들었습니다.
EGM/EIM 사업부에 물어볼 질문이 더 있나요? 혹시 그런 질문이 있으신가요?
우리가 만든 스프레드시트를 보내주실 수 있으신가요?

감사합니다,
[발신자] 드림
"
"Sally,   Do we know what the corp groups like GSS are doing yet ?
Is there someone co-ordinating the whole effort, Oxley ?
Mark Pickering  Chief Technology Officer  Enron Net Works, LLC
",Corp Groups,"안녕하세요, [수신자]님,
[기업명] 같은 기업 그룹이 무엇을 하고 있는지 알고 계십니까?
전체 노력을 조정하는 사람이 있나요?
[이름], [기업명1], [부서]

감사합니다,
[발신자] 드림
"
"Fellow Patronesses,   Remember to turn in your Prospective Membership Packet by the December 9,  2001,  Mother/Daughter Tea to Teresa Bell.
I have enclosed a list of  papers that must be returned.
Legacy Sponsor Form (yellow) or Sponsor Form (pink) and Co-Sponsor Form (lilac) Choice of Chapter Agreement Form (white) signed Prospective Member Agreement Form (white) signed Prospective Member Information Form (blue)   Thank you
",Prospective Membership Packet,"후원자 여러분,

[날짜] [행사명]까지 [이름]에게 예비 회원 패킷을 제출하는 것을 잊지 마십시오.
제출해야 하는 서류 목록을 첨부했습니다.

- 유산 후원자 양식(노란색) 또는 후원자 양식(분홍색)
- 공동 후원자 양식(라일락색)
- 챕터 선택 계약서 양식(흰색)
- 서명된 예비 회원 계약서 양식(흰색)
- 서명된 예비 회원 정보 양식(파란색)

감사합니다.
[발신자] 드림"
"The deadline for articles - and ads - for the  December newsletter is November 20 (Tuesday)?
I will not be able to accept  any late submissions this month!
Articles (and ads) can be emailed to me  at:  rgladstein@aol.com     If you are purchasing an ad, please mail payment to  Barb Lindsey.
Thank you - Robin
",newsletter deadline,"안녕하세요, [수신자]

12월 뉴스레터 기사 및 광고 마감일은 [날짜] (화요일)입니다.
이번 달에는 늦은 제출물을 받을 수 없습니다!

기사(및 광고)는 [이메일 주소]으로 이메일로 보내주세요.
광고를 구매하는 경우 [이름]에게 지불금을 우편으로 보내주세요.

감사합니다.
[발신자]"
"We have a spreadsheet showing old 2002 plan that everyone agreed to a few months ago before all the fun started.
We have EA, EGM, EIM, EEL, EBS, EES, ENW, Corp., CommodityLogic, and Other broken out by EnronOnline, Operations, IT development and IT infrastructure which is further broken down by expense and capital and totals (we separated out depreciation as well so we could see what was cash and non-cash).
We are currently trying to put together the adjusted or new 2002 Plan along side the above numbers based on the estimates from the last week or so and will try to be done late tonight.
Thanks.
",Quick Update,"안녕하세요, [수신자]

몇 달 전에 모든 사람이 동의한 당해 계획을 보여주는 스프레드시트를 가지고 있습니다.
우리는 [기업명1], [기업명2], [기업명3], [기업명4], [기업명5] 및 기타를 [기업명]의 운영, IT 개발 및 IT 인프라로 분류하였으며, 이를 비용 및 자본, 총액으로 더 세분화하였습니다. (우리는 감가상각도 분리하여 현금과 비현금을 확인할 수 있었습니다.)

현재 우리는 지난주 정도의 추정치를 기반으로 위의 숫자와 함께 조정되거나 새로운 당해 계획을 작성하려고 하고 있으며, 오늘 밤 늦게 완료하려고 노력하고 있습니다.

감사합니다.
[발신자] 드림
"
"Hi Sally,   I knocked up a new spreadsheet thats should show our total headcount revision picture from an ENW perspective.
I've filled it with the numbers I know so far.
Regards
",Spreadsheet,"안녕하세요 [수신자],

저는 [기업명] 관점에서 총 인원수 개정 상황을 보여주는 새로운 스프레드시트를 만들었습니다.
지금까지 제가 알고 있는 숫자로 채웠습니다.

감사합니다.
[발신자]"
"Attached are the notes from yesterday's ENW Assistants meeting and the ENW T&E Policy dated August 2001.
Thank you to those of you who were able to make it, and for the great dialogue generated by the agenda.
If you have any questions or feedback about these documents, please give me a call.
You are also welcome at any time to contact your HR representative for a confidential consultation.
Thanks again for your participation.
",Notes from Assistants Meeting,"안녕하세요 [수신자],

첨부된 것은 어제의 [기업명] 회의 노트와 [년도] [월]자 [기업명] [직접 입력] 정책입니다.
참석해 주신 분들께 감사드리고, 의제에서 나온 훌륭한 대화에 감사드립니다.
이 문서에 대한 질문이나 피드백이 있으시면 전화해 주십시오.
또한 언제든지 [프로젝트] 담당자에게 연락하여 기밀 상담을 받으실 수 있습니다.

참여해 주셔서 다시 한번 감사드립니다.

감사합니다.
[발신자]"
"Greg Piper, Sally Beck, and Mark Pickering will be reviewing documents at 5:00pm and have requested that each of you be available in the event there are questions that need to be addressed and need to see you.
Please do not leave.
The ""Daily"" 5:00 Update Meeting is therefore canceled.
",Today's 5:00 Update Meeting - 11/20/01,"안녕하세요 [수신자],

[이름1], [이름2], [이름3]이 [시간]에 문서를 검토할 예정이며, 질문이 있어서 답변이 필요하거나 여러분을 만나야 할 경우 각자 연락해 주시기를 요청했습니다.

따라서 ""매일하는"" [시간] [직접 입력] 회의는 취소됩니다.

감사합니다.
[발신자] 드림"
"Andrea -  As I mentioned to you in our conversation this afternoon, I have found another group to rotate to.
It's Project Genesys in EES headed by Wayne Andrews.
I have spoken with Todd Busby with whom I currently work in the Back Office Commercialization team (ENW) and he has agreed for me to move to this project.
I will have all the details (Co#, cost center etc.)
for you by Monday next week.
Pl.
let me know if there is any other information you need from me, or my supervisors.
Thanks,
",Associate Rotation to another group,"[수신자],

오늘 오후 대화에서 말씀드렸듯이, 저는 교대할 또 다른 그룹을 찾았습니다.
[이름]가 이끄는 [기업명]의 [부서]입니다.
저는 현재 백오피스 상용화 팀에서 함께 일하고 있는 [이름1]와 이야기를 나누었고, 그는 제가 이 프로젝트로 이동하는 데 동의했습니다.
다음 주 [요일]까지 모든 세부 정보([코드], 비용 센터 등)를 알려드리겠습니다.
필요한 다른 정보가 있으면 저나 제 상사에게 알려주세요.
감사합니다.
"
"FYI - Attached is the revised spend analysis that Greg and I went over this morning.
Have a great Thanksgiving (and Sally, please let your team go easy on us!).
Kerry
",Revised ENW Spend Analysis,"[수신자],

[이름]와 제가 오늘 아침에 살펴본 수정된 지출 분석이 첨부되어 있습니다.
즐거운 [휴일 이름] 보내세요(그리고 [수신자], 당신 팀은 우리에게 친절하게 대해주셔서 감사합니다!).

감사합니다.
[발신자]"
"Dear Nancy, Sally & Janet -  Did you have a wonderful Thanksgiving?
Ours was very nice; Mark's sister, her husband and 2-year old daughter were here from California, and Mark's mom & her husband came in from D.C. (but they stayed in a hotel!).
Luckily, our aunt had the big dinner at her house - no trying to cook among the boxes!
Have you had an opportunity to review the December newsletter?
If so, please let me know of any corrections or changes (Miranda gave me the corrected minutes).
My plan is to drop it off to Sally Walker for copying first thing Monday morning.
It will be crazy around here after noon Monday, and the computer will be off for a few days (Monday night 'til Wednesday night or Thursday) while we get set up in the new house .
.
.if the download didn't work and you need a copy to proof, just let me know and I'll swing by with one in the morning (our closing is not far from you, Nancy, so it won't be a problem).
Thanks!
Robin
",December Newsletter,"[수신자]님, 멋진 연휴 보내셨나요?
저희는 정말 좋은 시간이었어요. [이름]의 여동생, 그녀의 남편, 2살 딸이 [위치]에서 왔고, [이름]의 엄마와 그녀의 남편은 [위치]에서 왔어요(하지만 호텔에 묵었어요!).
다행히도, 우리 [친척 관계]가 집에서 큰 저녁을 먹었어요. 상자 사이에서 요리하려고 애쓰지 않았어요!

12월 뉴스레터를 검토해보셨나요?
그렇다면 수정 사항이나 변경 사항이 있으면 알려주세요([이름1]이 수정된 회의록을 주었어요).
저는 월요일 아침 일찍 [이름2]에게 복사를 맡기려고 합니다.
월요일 정오 이후에는 여기가 미칠 것 같고, 새 집에 자리를 잡는 동안 며칠 동안(월요일 밤부터 수요일 밤이나 목요일까지) 컴퓨터를 꺼둘 거예요.

다운로드가 작동하지 않고 교정을 위한 사본이 필요하면 알려주세요. 아침에 한 부 가지고 들러볼게요(마감일이 멀지 않아요, [수신자], 그러면 문제가 없을 거예요).

고맙습니다!
[발신자]"
"Normally, these scheduled SAP outages are planned with the major user bases via a communication released 3 weeks in advance and subsequently approved.
The notice you received today was a reminder notice.
This outage is due to our quarterly production build schedule for SAP upgrades to the HR environment (""hotpacks"").
We rescheduled this weekends outage earlier today after consultation with HR and the tentative and future date will be mid-January.
At this point no additional outages are planned for the remainder of the year.
The revised (cancelled) notification will go out tomorrow.
",SAP Outages,"[수신자],

일반적으로 이러한 예정된 시스템 중단은 주요 사용자 기반을 대상으로 3주 전에 발표된 커뮤니케이션을 통해 계획되고, 이후 승인을 받습니다.
오늘 받으신 알림은 단순히 알림이었습니다.
이 중단은 [부서] 환경(""핫팩"")에 대한 [시스템 명] 업그레이드를 위한 분기별 프로덕션 빌드 일정 때문입니다.

감사합니다.
[발신자]
"
"Mother-daughter team sub needed for Wednesday,  November 28, from 6:15-8:15 p.m. at Applause Theater for set painting.
Wear old clothes!
Please call Robin Gladstein at 281-537-1745 or  713-825-5248.
Thanks!
Thank you - Robin
",Applause sub needed,"[날짜] 오후 [시간]부터 [시간]까지 [장소]에서 세트 페인팅을 위해 모녀 팀 대체 인력이 필요합니다.
헌옷을 입으세요!

[전화번호] 또는 [전화번호1]로 [이름]에게 전화해 주세요.
감사합니다!

[발신자]"
"I am currently scheduled to fly to Houston with the following itinerary:  	Arrive Houston - Sunday, Jan. 27 at 5:35 pm 	Depart Houston - Tuesday, Jan 29 at 1:55 pm  Laura is planning to remain in Houston on Monday & Tuesday as well.
Can you let me know what the schedule is for Monday?
Where should we plan to go and at what time?
I will be in the office this morning until around 11:00 Calgary time.
Our UBS offer letters are finally ready, so I came in to handle the distribution to my employees.
You can page me this afternoon if you need to talk to me.
Peggy
",Trip to Houston,"[수신자],

저는 현재 [장소]으로 가는 항공편을 예약했습니다. 일정은 다음과 같습니다:
[장소] 도착 - [날짜]  [시간]
[장소] 출발 - [날짜]  [시간]

[이름]는 [날짜]에도 [지역명]에 머무를 계획입니다.
[날짜] 일정을 알려주시겠어요? 어디로 갈 계획이고, 시간은 언제인가요?

저는 오늘 오전 [시간]쯤까지 사무실에 있을 예정입니다.
[기업명] 입사 제안서가 마침내 준비되었으므로 직원들에게 배포하는 일을 처리하기 위해 들어갔습니다.
오늘 오후에 저와 통화하고 싶으시면 호출해 주세요.

감사합니다.
[발신자]"
"Gary,  Attached is a spreadsheet which shows people that remain in London related to the middle and back office.
These individuals are not solely working on winding down EGM activity there, and we need to make sure that EGM does not pick up total cost when those people are not 100% focused on EGM.
Let me know if you have any questions.
Shanna/Tom,  Are we currently picking up this total cost and allocating as appropriate or are we only paying our percentage?
Kevin
",Mid/Back office people in the London office,"[수신자],

[장소]에 남아 있는 중간 및 백오피스 관련 사람들을 보여주는 스프레드시트를 첨부했습니다.
이 사람들은 그곳에서 [기업명] 활동을 축소하는 데만 전념하는 것이 아니며, 이 사람들이 [기업명]에 100% 집중하지 않을 때 [기업명]이 총 비용을 차지하지 않도록 해야 합니다.

궁금한 점이 있으면 알려주세요.
[이름]과 [이름1]은 현재 이 총 비용을 가지고 적절하게 할당하고 있습니까? 아니면 우리의 비율만 지불하고 있습니까?

감사합니다.
[발신자]
"
"The New Cash Approval Tool is ready for use.
Please begin using the new process as soon as possible.
We will continue to run payment proposals through Thursday to provide a transition period for catching same day and next day items until the process is in full swing.
For those of you who started working with your data yesterday and have set items for payment on Wednesday, we will be working with George to review these items today.
There will be a communication coming out from Ray Bowen shortly introducing the new process and the changes being made.
Please help communicate the changes within your business unit.
The success of this process is very dependent on you helping enforce the guidelines.
If you have any questions or need any assistance, please call me at 5-4866.
Note:  The transaction code to get into the tool is ZEBOI.
",New Cash Approval Tool,"안녕하세요,

새로운 현금 승인 도구를 사용할 준비가 되었습니다. 가능한 한 빨리 새로운 프로세스를 사용하기 시작해 주세요. 우리는 목요일까지 지불 제안을 계속 실행하여 프로세스가 본격화될 때까지 당일 및 익일 항목을 포착하기 위한 전환 기간을 제공할 것입니다.

어제 데이터로 작업을 시작하고 수요일에 지불 항목을 설정한 분들의 경우, 우리는 오늘 [이름]와 협력하여 이러한 항목을 검토할 예정입니다.

[이름1]이 곧 새로운 프로세스와 변경 사항을 소개하는 커뮤니케이션을 진행할 예정입니다. 귀하의 부서 내에서 변경 사항을 전달하는 데 도움이 되어 주시기 바랍니다.

이 프로세스의 성공은 귀하가 지침을 시행하는 데 크게 달려 있습니다. 질문이 있거나 도움이 필요하면 [전화번호]으로 연락해 주세요.

참고: 도구에 들어가기 위한 거래 코드는 [직접 입력]입니다.

감사합니다."
"Enjoyed meeting with you this morning.
If in fact the UBS merger requires fewer than the 800 or so people currently slated in NetCo, I think it would be a good idea if a couple people from NEWCO could take a look at those people (especially from a risk management/scheduling perspective.)
Speak with you soon
",meeting,"안녕하세요,

오늘 아침 여러분과 만나 뵙게 되어 기뻤습니다. 만약 UBS 합병에 현재 [조직명]에 배정된 [숫자]명보다 적은 인원이 필요하다면, [기업명]의 몇몇 사람들이 그 사람들을 살펴보는 것이 좋을 것 같습니다(특히 위험 관리 및 일정 측면에서).

곧 다시 뵙겠습니다.

감사합니다."
"We need to pull together a list of all non-residential real estate leases for premises used by EGM and its businesses.
To date, I have identified five such leases, listed below by address and landlord:  (1) 2103 Southlake Blvd., Southlake, Texas (Comercis, Inc.) (2) 500 Lee Street East, Charleston, West Virginia (Laidley Developers Limited Partnership) (3) 780 Third Avenue, New York, New York (TIAA) (4) Penn Center West, Bldg Two, Pittsburgh, Pennsylvania (Penn Center Management Corp.) (5) 150 North Michigan Ave., Chicago, IL  60601 (BfG Immobilien-Investment Gesellschaft mbH Ltd.)  Please let me know ASAP if you are aware of ANY leased premises held or used by EGM or its related businesses that is not on the above list.
While all of the above leases are office leases, we need a complete list of ALL non-residential real estate leases (including warehouse leases, land leases, etc.).
Please be overinclusive in responding to this information request, as I am including premises that EGM shares with other Enron business units and is charged an allocation.
Thank you all for your attention to and cooperation with this important information request -- Bob Bruce
",IMPORTANT -- Enron Global Markets real estate leases,"[수신자]님,

[기업명]과 그 사업체에서 사용하는 모든 비주거용 부동산 임대 계약 목록을 작성해야 합니다. 지금까지 저는 주소와 임대인별로 아래에 나열된 5개의 임대 계약을 확인했습니다.

(1) [임대 계약1], [주소1]
(2) [임대 계약2], [주소2]
(3) [임대 계약3], [주소3]
(4) [임대 계약4], [주소4]
(5) [임대 계약5], [주소5]

위 목록에 없는 [기업명] 또는 관련 사업체에서 보유하거나 사용하는 임대 계약이 있는 경우 최대한 빨리 알려주십시오.
위의 모든 임대 계약은 사무실 임대이며, 우리는 모든 비주거용 부동산 임대(창고 임대, 토지 임대 등 포함)의 전체 목록이 필요합니다.
이 정보 요청에 응답할 때는 지나치게 포괄적으로 응답해 주세요. 저는 [기업명]이 다른 [기업명1] 사업부와 공유하고 할당을 받는 건물을 포함하고 있기 때문입니다.

이 중요한 정보 요청에 주의를 기울이고 협조해 주셔서 감사합니다.

[발신자]
"
"Sally,  Happy New Year!
I just wanted to let you know that I've gone back to my roots and accepted a position with the Employment Agency, The Tinsley Group.
They helped me place several people within your group over the last couple of years.
My focus is to help Enron people get back to work (Permanent or Contract openings).
Please refer to me anyone in the Accounting/Risk/Tax or Audit areas for an additional avenue in their job search.
I have opportunities in Houston for all industries.
Some critical openings are: 	Corporate Controller - League City (approx $110), public, Home manufacturing co. 	Revenue Accountant (joint interest) for Exploration & Production co.
Cost Accountant with percentage of completion experience, construction industry 	Federal & International Tax, several companies 	Internal Audit (1-3 yr), several companies  I hope your spirits are high and I sincerely wish you the best of luck!
Thanks!
",Just an FYI,"[수신자]님, 새해 복 많이 받으세요!

저는 제 뿌리로 돌아가서 [기업명]에서 일자리를 수락했다는 것을 알려드리고 싶었습니다.
그들은 지난 몇 년 동안 여러분 그룹에서 여러 사람을 배치하는 데 도움을 주었습니다.
저의 목표는 [기업명1] 사람들이 직장에 복귀하도록 돕는 것입니다(정규직 또는 계약직 채용).
회계/위험/세무 또는 감사 분야에 종사하는 사람이 있으면 일자리를 찾는 데 도움이 되는 추가 경로를 알려주십시오.

중요한 채용 공고는 다음과 같습니다.
- [직접 입력]
- [직접 입력]
- [직접 입력]
- [직접 입력]

진심으로 행운을 빕니다!
감사합니다!

[발신자]"
"The latest word is that the work surrounding the restructuring activity will not take place until this Thursday.
Therefore, I have moved the Training for this effort to tomorrow (Wednesday) from 2 pm - 3:30 pm in ECS 04990.
I will send another email to all of your managers who will need to attend, but please let them know it will not be held today.
",Manager Training,"[수신자]님,

최근 소식에 따르면 구조 조정 활동과 관련된 작업은 이번 [요일]까지 진행되지 않을 것입니다.
따라서 이 노력에 대한 교육을 내일([요일]) 오후 [시간]부터 오후 [시간]까지 [장소] [회의실]에서 진행하기로 했습니다.
참석해야 할 모든 관리자에게 이메일을 다시 보내겠지만, 오늘은 진행되지 않을 것이라고 알려주시기 바랍니다.

감사합니다.

[발신자]"
"There seems to be some confusion around the calculation of books on 11/30/2001.
All books were run properly in the gas and power area on 11/30, as that was the last day prior to the bankruptcy declaration.
Please let myself or Sally Beck know if you have any questions regarding this.
Thanks
",11/30 Books,"[수신자]님,

[년도] [날짜]의 장부 계산에 약간의 혼란이 있는 듯합니다.
모든 장부는 [날짜]에 가스 및 전력 분야에서 제대로 실행되었습니다. 그날이 파산 선언 전 마지막 날이었기 때문입니다.
이와 관련하여 질문이 있으면 저나 [이름]에게 알려주십시오.

감사합니다.

[발신자]"
"Did Debbie talk with the two of you before putting together her memo?
Is she  raising this to me because she wasn't comfortable with the outcome of her  conversations with you two, or did she skip that step?
Just curious, before  I send any type of response.
I would need details from you around the  process for updates to Entelligence and Global Counterparty.
Surely one  feeds the other?
--Sally
",Information in Entelligence vs Global Counterparty,"[수신자]님,

[이름]가 메모를 작성하기 전에 두 분과 이야기를 나누었나요?
그녀가 두 분과의 대화 결과에 만족하지 못해서 이 문제를 제기한 건가요, 아니면 그 단계를 건너뛴 건가요?
그냥 궁금해서요, 답변을 보내기 전에요.

[기업명]와 [기업명1]에 대한 업데이트 프로세스에 대한 자세한 정보가 필요합니다.
확실히 하나가 다른 하나를 부양하는 거겠죠?

[발신자]"
"Well, I didn't get this out to you before I left the office last night.
I  was still pouring over bonus info until 9:30, and decided to call it quits at  that point.
Here are some of the things that I would like to do next week:   review your action plan to move the close and officialization of London  books to same day,   to replicate, if appropriate,  an Operational Risk information session for  London counterparts (you and I can  review early in the week what we are  doing here in Houston today and modify the info for Europe)    discuss the Doorstep process with you and, if you deem appropriate, your  business controllers in the   London office who will participate in Doorstep  reviews this year (clear up and questions and get your input  on how to  continually improve the process),    discuss with Mark Pickering the technology dependencies of the London office  related to speeding up   London's information for the corporate DPR   do some planning with you for the February 12 & 13 ASE   discuss the feasibility of utilizing our operational pricing model in London    discuss your ideas and thoughts on CommodityLogic and other ideas around  potential commercialization of  mid and back office services    In addition, I would like to meet with anyone in the London office that you  think would be beneficial.
Through Nicki Scott, I understand that Michael  Brown would like to meet with me so we are setting that up.
I will also  spend some time with Beth Apollo and Ted Murphy while I am there.
And I plan  to meet with Fernley as well.
Any other suggestions on topics or people to see?
I think that we have lunch already on the calendar for Wednesday.
",Topics for next week,"[수신자]님,

글쎄요, 저는 어젯밤에 퇴근하기 전에 이걸 당신에게 말하지 않았어요.
저는 [시간]까지 보너스 정보를 계속 살펴보았고, 그때 그만두기로 했습니다.

다음 주에 제가 하고 싶은 몇 가지 일은 다음과 같습니다. 장부의 마감과 공식화를 같은 날로 옮기기 위한 행동 계획을 검토하고, 필요한 경우 담당자를 위한 운영 위험 정보 세션을 재현합니다.
(당신과 저는 주 초에 무엇을 하는지 검토하고, 관련 정보를 수정할 수 있습니다).
특정 프로세스에 대해 논의하고, 적절하다고 생각되면 관련 부서와 함께 검토하여 개선 사항을 제시합니다.
기술 종속성을 [이름]과 논의하여 관련 정보의 속도를 높입니다.
[날짜1]과 [날짜2]에 대한 계획을 세웁니다.
운영 모델을 활용하는 것의 타당성에 대해 논의합니다.
기타 아이디어에 대한 당신의 의견을 듣고 논의합니다.
중간 및 백오피스 서비스의 잠재적 상용화에 대해서도 논의할 예정입니다.

[이름1]을 통해 [이름2]이 저를 만나고 싶어한다는 것을 알고 있으므로, 그 일정을 잡고 있습니다.
또한 그곳에 있는 동안 [이름3]와 [이름4]와도 시간을 보낼 것입니다.
그리고 [이름5]와도 만날 계획입니다.
다른 주제나 만날 사람에 대한 제안이 있습니까?

수요일에는 이미 점심 식사 일정이 있어요.

감사합니다.

[발신자]"
"I hope that your holidays were wonderful.
I thoroughly enjoyed the week of  vacation that I took before Christmas.
It was fun to be home with the  children, although I certainly worked hard -- up every night until very late
",Visit to London,"[수신자]님,

휴가가 즐거웠으면 좋겠어요.
[휴가 기간] 전에 보낸 휴가는 정말 즐거웠어요.
아이들과 집에 있는 건 즐거웠지만, 매일 밤 늦게까지 깨어있을 정도로 육아한 것 같아요.

감사합니다.

[발신자]
"
"I hope that each one of you will arrange your schedules tomorrow to make the  time to vote.
Also, please encourage everyone on your staff to take the time  to vote tomorrow.
For those employees who typically work later hours,  please suggest that they take the time to vote before coming to the office.
Everyone should feel that they have sufficient time to make their vote  count.
It should be interesting to watch the returns tomorrow evening.
Hopefully, we will have all played a part in the outcome.
",Time for Voting,"[수신자]님,

저는 여러분 각자가 내일 일정을 조정하여 투표할 시간을 낼 수 있기를 바랍니다.
또한, 모든 직원에게 내일 투표할 시간을 내도록 격려해 주십시오.
일반적으로 늦은 시간에 일하는 직원의 경우, 사무실에 오기 전에 투표할 시간을 갖도록 제안해 주십시오.
모든 사람이 자신의 투표를 가치 있게 만들기에 충분한 시간이 있다고 느껴야 합니다.
내일 저녁에 결과를 보는 것도 흥미로울 것입니다.
바라건대, 우리 모두가 결과에 기여했기를 바랍니다.

감사합니다.

[발신자]"
"I plan to work out of the London office during the week of January 15.
I  will leave Houston on Sunday and will be in the London office starting around  noon on Monday.
I will be back in the Houston office on Monday, January 22.
The primary goals of the trip are:    to work with Mike Jordan on an action plan to move the close and  officialization of London books to same  day,   to replicate an Operational Risk information session for London counterparts  (we are doing this in Houston  on January 11 per my e:mail to you for  managers and above within Operations),   to hold a training session for business controllers in the London office who  will participate in Doorstep   reviews this year (outside EEL),    to discuss with Mark Pickering the technology dependencies of the London  office related to speeding up  London's information for the corporate DPR   Patti Thompson (x39106) will have a detailed itinerary in hand if you need  to reach me at any time next week.
",London - Week of January 15th,"[수신자]님,

저는 [날짜1] 주에 [지역] 사무실에서 일할 계획입니다.
[요일]에 출발하여 [시간]경에 [지역] 사무실에 있을 예정입니다.
[날짜2] 월요일에 [지역] 사무실로 돌아올 예정입니다.

이 여행의 주요 목표는 다음과 같습니다. [이름]과 함께 장부의 마감 및 공식화를 같은 날로 옮기기 위한 행동 계획을 수립하고, 담당자를 대상으로 운영 위험 정보 세션을 재현합니다.
올해 검토에 참여할 비즈니스 컨트롤러를 대상으로 교육 세션을 개최합니다.
[이름1]과 [부서]의 기술 종속성을 논의하여 관련 정보 속도를 높이는 것과 관련하여 다음 주에 언제든지 연락하면 자세한 일정을 알려드리겠습니다.

감사합니다.

[발신자]"
"Right now, I am booked at 47 Park for next week.
I would love to be closer  to the office, but I don't know if there is anything that makes sense.
Any  suggestions?
If not something close to the office, would you suggest another  spot besides 47 Park?
",London Hotel,"[수신자]님,

지금은 다음 주에 [주소1]에 예약이 되어 있습니다.
사무실에 더 가까이 있고 싶지만, 어떤 것이 합리적인지 잘 모르겠습니다.
혹시 제안이 있으신가요?
사무실에 가까운 곳이 아니라면 [주소1] 외에 다른 장소를 추천해 주실 수 있을까요?

감사합니다.

[발신자]
"
"I will be out of town on January 19, so Brenda Herod has agreed to make the  presentation for Rick Causey.
Please replace my name with hers for all  communication regarding this Analyst Orientation.
Thanks.
",Change in Presenter - Analyst Orientation,"[수신자]님,

저는 [날짜]에 출장을 가게 되어 [이름]가 [이름1]에게 프레젠테이션을 하기로 했습니다.
이 분석가 오리엔테이션과 관련된 모든 커뮤니케이션은 제 이름을 그녀의 이름으로 바꿔주세요.

감사합니다.

[발신자]
"
"Please join me on Thursday, January 11 from 1:00 to 4:00 pm for a special  information session for the Operations Management teams supporting Enron  Americas, Enron Global Markets and Enron Industrial Markets.
We will focus  on assessing, managing and mitigating operational risk.
Details on the  location for the meeting will be sent to you early this week.
I look forward to seeing everyone at this meeting on the 11th.
The things  that we will discuss will be important for each and every one of you as you  carry out your roles in 2001.
I hope that you will make every effort to  attend.
Please let me know as soon as possible if you have a conflict that  will keep you from attending the meeting.
",January 11 - Managing Operational Risk,"[수신자]님,

1월 [날짜] 목요일 오후 [시간]부터 오후 [시간]까지 [부서명] 및 [부서명1], [부서명2]를 지원하는 운영 관리 팀을 위한 특별 정보 세션에 저와 함께해 주십시오.
운영상의 위험을 평가, 관리 및 완화하는 데 중점을 둘 것입니다.
회의 장소에 대한 자세한 내용은 이번 주 초에 보내드리겠습니다.
[날짜]에 열리는 이 회의에서 여러분을 뵙기를 기대합니다.
논의할 내용은 [연도]년에 각자의 역할을 수행하는 여러분 각자에게 중요할 것입니다.
참석하기 위해 최선을 다해 주시기 바랍니다.
회의에 참석할 수 없는 갈등이 있는 경우 최대한 빨리 알려주십시오.

감사합니다.

[발신자]
"
"I just composed a somewhat lengthy e:mail about the anniversary trip, and  then closed out Lotus Notes and checked discard changes.
So it is gone - but  not sent!!
Can you e:mail me back your office phone number and if it is  convenient for you, I will give you call and use old fashioned technology.
",Operator Error,"[수신자]님,

저는 방금 기념일 여행에 대한 다소 긴 이메일을 작성했고, 변경 사항 삭제를 체크했습니다.
그러니까 사라졌지만 전송되지는 않았습니다!!
사무실 전화번호를 이메일로 다시 보내주시겠어요?
전화가 더 편하시면 전화 드리도록 하겠습니다.

감사합니다.

[발신자]"
"I am sure that you are enjoying your break from school.
It is always great  to have finals behind you and several weeks of vacation stretching in front  of you.
No doubt you are spending time thinking about your next step after  graduation.
I would be glad to answer any questions that you may have about  your offer while you are going through that process.
Enron had a fantastic  year in 2000, and we are excited about what we will accomplish in 2001.
We  hope that you will be a part of that.
",Enron Offer,"[수신자]님,

당신이 학교 휴가를 즐기고 있을 거라고 확신합니다.
언젠가는 기말고사가 끝나고 몇 주 동안의 휴가가 앞에 펼쳐지는 건 항상 좋은 일입니다.
의심할 여지 없이 당신은 졸업 후 다음 단계에 대해 생각하는 데 시간을 보내고 있을 겁니다.
그 과정을 거치는 동안 제안에 대해 궁금한 점이 있으면 기꺼이 답변해 드리겠습니다.

[기업명]은 [연도]년에 환상적인 한 해를 보냈고, 우리는 [연도]년에 무엇을 이룰지에 대해 기대하고 있습니다.
당신이 그 일에 참여하기를 바랍니다.

감사합니다.

[발신자]"
"I hope that you are enjoying your break from school, and am sure that it is  even more enjoyable with that Number 1 ranking decided!
My husband (an OU  grad) and I were at Orange Bowl, and it was really exciting to be there and  see the team absolutely stop FSU.
If you have any questions regarding your job offer from Enron while you are  on vacation, please give me a call.
2000 was a banner year for us at Enron,  and we were excited about what we will accomplish in 2001.
I hope that you  will join us and be a part of that.
My office number is 713-853-5926.
If it is more convenient for you, feel  free to call me at home as well.
That number is 281-370-8568.
Boomer Sooners!!!
Sally Beck sally.beck@enron.com
",Sooners and Enron,"[수신자]님,

학교에서 벗어나 휴식을 즐기고 계시기를 바라며, 1위가 결정되어 더욱 즐거울 것이라고 확신합니다!
휴가 중에 [기업명]에서 제안한 취직 제안에 대해 궁금한 점이 있으면 전화 주세요.
[연도]년은 [기업명]에서 우리에게 중요한 한 해였고, [연도]년에 무엇을 이룰지 기대가 컸습니다.
저희와 함께 그 일에 참여해 주시기를 바랍니다.

저의 사무실 전화번호는 [전화번호]입니다.
집 전화번호로 전화주셔도 괜찮아요. 전화번호는 [전화번호1]입니다.

감사합니다.
[발신자]
[이메일 주소]"
"I would like to invite each of you to participate in a brainstorming session  with me on Friday, January 12 from 8:30 am through lunch.
The purpose of  this meeting will be to surface and capture ideas around the potential  commercialization of mid and back office services that we provide.
I know  that many of you have ideas about services and/or products that could be  marketed and some of you have been involved in arrangements where we have or  are currently providing services to outside parties.
While there are efforts  underway with certain modules under CommodityLogic, I want this session to be  used to take a broader look at how we might market mid and back office  services.
I hope that you will be able to attend.
Details on location of the meeting and more exact timing will be sent to you  on Monday when Patti returns from vacation.
","Brainstorming Session - Friday, January 12","[수신자]님,

[월] [날짜] [요일] [시간]부터 점심시간까지 저와 함께 브레인스토밍 세션에 참여해 주시기 바랍니다.
이 회의의 목적은 우리가 제공하는 중간 및 백오피스 서비스의 잠재적 상업화에 대한 아이디어를 표면화하고 포착하는 것입니다.
저는 여러분 중 많은 분들이 마케팅할 수 있는 서비스 및/또는 제품에 대한 아이디어를 가지고 계시고, 일부는 우리가 외부 당사자에게 서비스를 제공했거나 현재 제공하고 있는 계약에 참여했다는 것을 알고 있습니다.
[부서명]에서 특정 모듈에 대한 노력이 진행 중이지만, 이 세션을 통해 중간 및 백오피스 서비스를 마케팅하는 방법을 보다 광범위하게 살펴보고 싶습니다.
참석해 주시기 바랍니다.

회의 장소와 더 정확한 일정에 대한 세부 정보는 [이름]가 휴가에서 돌아오는 [요일]에 보내드리겠습니다.

감사합니다.

[발신자]"
"I will be out of the office on Wednesday, January 3.
I am married to an OU  graduate, so we are headed to the Orange Bowl to hopefully see Oklahoma hang  onto their number 1 ranking.
I will be back in the office after lunch on  Thursday, January 4.
My assistant, Patti Thompson (x39106), has phone numbers where I can be  reached.
Please contact Bob Hall at x36956 with any questions while I am  out.
","Orange Bowl Bound on Wednesday, January 3","[수신자]님,

저는 [날짜]에 졸업식에 참석해야 해 사무실을 비울 것입니다.
저는 [날짜]에 점심 식사 후 사무실로 돌아올 예정입니다.

제 비서인 [이름]은 저에게 연락할 수 있는 전화번호를 가지고 있습니다.
제가 없는 동안 질문이 있으면 [전화번호1]으로 [이름1]에게 연락하세요.

감사합니다.

[발신자]
"
"Patti delivered to Sharron's desk this week a copy of my 2000  accomplishments.
You should find that when you return to the office.
Let  me know if for some reason you do not have that copy, and I will have another  delivered.
Have a happy new year!
I will be at the Cotton Bowl watching Meagan's drill  team perform - and also watching some of the game.
Thankfully, no emotional  attachment to either team in that game!
I just hope that we don't freeze.
",2000 Accomplishments,"[수신자]님,

[이름]가 이번 주에 [이름1]의 책상에 내 [자료명] 사본을 전달했습니다.
사무실에 돌아오면 찾을 수 있을 겁니다.
만약 그 사본이 없다면 알려주세요. 다른 사본을 전달해 드리겠습니다.

새해 복 많이 받으세요!

[발신자]"
"I have completed internal feedback forms through the PEP system for Brent  Price, Bob Hall and Peggy Hedstrom.
Those appeared to be the only names that  you included for which you wanted my input.
Somehow, from Andrea's voice  mail message last week, I had anticipated responding to more requests - I  thought perhaps input in working with Wes within ENA or Melissa on SAP.
Those weren't  on my list within the PEP system, so I just wanted you to know  that I have responded to the three that were there.
If there was intent for  me to respond to any others, they weren't accessible in the system.
(Believe  me, I am not asking for more - just wanted to be sure that what I saw in PEP  as a request matched your expectations in terms of my response).
--Sally
",Internal Feedback for PRC,"[수신자]님,

저는 PEP 시스템을 통해 [이름1], [이름2], [이름3]에 대한 내부 피드백 양식을 작성했습니다.
그것들은 당신이 제 의견을 원했던 유일한 이름인 듯합니다.
어떻게 된 일인지, 지난주 [이름4]의 음성 메일 메시지를 통해 저는 더 많은 요청에 응답할 것으로 예상했습니다. 아마도 ENA에서 [이름5]와 함께 일하거나 SAP에서 [이름6]과 함께 일하는 데 대한 의견이 있을 것이라고 생각했습니다.
그들은 PEP 시스템 내의 제 목록에 없었기 때문에, 저는 거기에 있던 세 가지에 응답했다는 것을 알려드리고 싶었습니다.
제가 다른 사람에게 응답할 의도가 있었다면, 그들은 시스템에서 접근할 수 없었습니다.
(저를 믿으십시오, 저는 더 많은 것을 요구하지 않습니다. 단지 PEP에서 요청으로 본 것이 제 응답 측면에서 당신의 기대에 부합하는지 확인하고 싶었을 뿐입니다.)

감사합니다.
[발신자]
"
"I should have included you on this contact list.
I will remember to do so  next time.
I will be in the office all of this week, so please call me  directly on any information needs you or team may have this week.
",Holiday Key Contacts List for Energy Operations - Enron Americas,"[수신자]님,

이 연락처 목록에 당신을 포함했어야 했어요.
다음에 그렇게 하도록 기억할게요.
이번 주 내내 사무실에 있을 테니 이번 주에 당신이나 팀에 필요한 정보가 있으면 직접 전화해 주세요.

감사합니다.
[발신자]"
"Unfortunately, I will miss your farewell at Slick Willie's on January 3rd.
I  am sorry that I won't be able to drink a beer with you as a send off, but  perhaps we can have one in London later in January as your welcome to  London.
I will be in Miami on January 3rd, hopefully celebrating an Oklahoma  win in the Orange Bowl earlier that day.
David found us tickets to the  game.
Not great seats, but they are in the stadium.
Hey, it's not UT, but  it should still be fun to go.
I will miss you and your wit and constructive cynisism in Houston.
But I  know that I can count on you to be just as vocal from London!
I plan to be  there at least quarterly in 2001, and will definitely welcome your first hand  observations on operational areas that may need attention.
Hopefully between  e:mail and voice mail we can definitely keep in touch.
Tell Ann that I hope that this will be a great adventure for her and the  whole family.
I think that it is a wonderful time in your children's lives  to give them this experience.
Have fun -- and set them straight!
!
",Slick Willie's,"[수신자]님,

불행히도 [날짜]에 [장소]에서 작별 인사를 드리지 못할 것 같습니다.
저는 당신과 함께 맥주 한 잔을 마실 수 없어 죄송합니다. 하지만 [날짜]에 [장소]에서 환영 인사를 드리면서 맥주 한 잔을 마실 수 있을지도 모릅니다.
저는 [날짜]에 [도시명]에 갈 예정인데, 그날 일찍 [장소]에서 [경기팀]이 이긴 것을 축하하고 싶습니다. [이름]가 경기 티켓을 줬는데, 좋은 자리는 아니지만 가보는 게 좋을 것 같아서요.

[도시명]에서 보여준 당신의 재치와 건설적인 냉소주의가 그리울 겁니다.
하지만 [도시명]에서도 당신이 똑같이 목소리를 낼 것이라는 걸 알고 있어요!
[연도]년에는 최소한 분기별로 갈 계획이고, 주의가 필요한 운영 분야에 대한 당신의 직접적인 의견을 환영합니다.
이메일과 음성 메일을 주고받으면 연락을 계속할 수 있을 겁니다.
[이름]에게 이번 일이 그녀에게 큰 모험이 되기를 바란다고 전해주세요.
저는 자녀들에게 이런 경험을 주는 것이 자녀의 삶에서 멋진 시간이라고 생각합니다.
재미있게 보내세요!

감사합니다.
[발신자]"
"Thanks for including me in the invitation to Slick Willie's.
Unfortunately,  I will not be able to attend.
I will be at the Orange Bowl in Miami and will  not return until the morning of the 4th.
",Ted's Farewell,"[수신자]님,

[장소] 초대장에 저를 포함시켜 주셔서 감사합니다.
불행히도, 저는 참석할 수 없을 겁니다.
저는 [도시명]의 [이벤트명]에 있을 것이고 [날짜] 아침까지는 돌아오지 않을 겁니다.

감사합니다.
[발신자]
"
"The following schedule has been distributed as noted regarding publishing the  DPR over the next two weeks.
I know that books run in Calgary, Houston, and  Portland will be calculated and officialized on Friday, December 22nd for  trading that day.
The current plan is not to publish the DPR for December  22nd on Tuesday, December 26th, but to wait until the first Enron official  business day to do so (i.e.
Wednesday, December 27th).
That will work as  long as trading results for Friday, December 22nd are not dramatic.
Please leave a voice mail message after calcing the books on Friday, December  22nd for Chris Abel (x33102) to give him trading results by commodity for  December 22nd.
If there are dramatic results, Chris may produce a  preliminary and rough DPR on Tuesday, December 26th with the information that  you provide.
For locations that will not calc and officialize books on  Friday, December 22nd, you will still need to contact Chris to give him your  best estimate of trading results.
",Publication Schedule for DPR During Holiday Period,"[수신자]님,

다음 일정은 다음 2주 동안 [자료명]을 게시하는 것과 관련하여 공지된 대로 배포되었습니다.
[도시명1], [도시명2], [도시명3]에서 운영되는 장부는 [날짜] 금요일에 그날 거래를 위해 계산되고 공식화될 것임을 알고 있습니다.
현재 계획은 [날짜] 금요일 DPR을 [날짜] 화요일에 게시하지 않고 첫 번째 [기업명] 공식 영업일(즉, [날짜] 수요일)까지 기다려서 게시하는 것입니다.
[날짜] 금요일 거래 결과가 극적으로 나타나지 않는 한 이 방법은 통할 것입니다.
[날짜] 금요일에 장부를 계산한 후 이름에게 음성 메시지를 남겨 [날짜] 상품별 거래 결과를 알려주십시오.
극적으로 결과가 나타나면 [이름]가 귀하가 제공한 정보를 사용하여 [날짜] 화요일에 예비적이고 대략적인 [자료명]을 생성할 수 있습니다.
[날짜] 금요일에 장부를 계산하고 공식화하지 않는 지역의 경우에도 [이름]에게 연락하여 귀하의 거래 결과에 대한 최상의 추정을 할 수 있도록 해주세요.

감사합니다.
[발신자]
"
"Please note the following schedule for risk book reporting during the holiday  period:     Trade Date Enron Status NYMEX  Equity Market Consolidated Risk Reporting   Fri, 12/22 Open Early Close Open DPR published for 12/21 results (a)   Mon, 12/25 Holiday (b) Closed Closed DPR not published    Tues, 12/26 Holiday (b) Open Open DPR not published (c)  Wed, 12/27 Open Open Open DPR published separately for 12/22 & 12/26      results  Thurs, 12/28 Open  Open Open DPR published for 12/27 results  Fri, 12/29 Open Early Close Open DPR published for 12/28 results (a)  Mon, 1/1 Holiday (b) Closed Closed DPR not published       Tues, 1/2 Open Open Open DPR published for 12/29.
Normal month     end schedule applies.
(d)   (a) Trader P&L and Position reports will be produced for traded products at  close of business  (b) US, Canadian & London holiday (c) Logistics and risk personnel will be in the office on this holiday to  support trading activity (d) Monthly close procedures require that changes or adjustments to risk  books for month-end be submitted by 5:00 pm Houston time on the first  business day following the end of the month.
The DPR published on 1/2 for  12/29 results will be preliminary.
The final DPR for 12/29 should be  published on 1/3, assuming that all month-end adjustments have been received  on 1/2.
",Publication Schedule for DPR During Holiday Period,"[수신자]님,

휴일 기간 동안 위험 장부 보고에 대한 다음 일정을 참고하세요.
- [요일1], [날짜1]: [일정1]
- [요일2], [날짜2]: [일정2]
- [요일3], [날짜3]: [일정3]
- [요일4], [날짜4]: [일정4]
- [요일5], [날짜5]: [일정5]

일반 월말 일정이 적용됩니다.
1. 트레이더 거래된 상품에 대한 손익 및 포지션 보고서는 영업 종료 시 작성됩니다.
2. 미국, 캐나다 및 런던 공휴일
3. 물류 및 위험 담당자가 이 공휴일 동안 사무실에 상주하여 거래 활동을 지원합니다.
4. 월 마감 절차에 따라 월말 위험 장부에 대한 변경 또는 조정은 휴스턴 시간으로 월말 다음 영업일 오후 5시까지 제출해야 합니다.

[날짜5]에 발표된 [날짜3] 결과에 대한 DPR은 예비적인 것입니다.
[날짜3]에 대한 최종 DPR은 모든 월말 조정이 1/2에 수신되었다고 가정하고 [날짜6]에 발표되어야 합니다.

감사합니다.
[발신자]
"
"Mike,  This memo has not been distributed yet.
First, Sally wanted me to forward to  you to make sure you are aware of and can meet timelines listed.
When done,  please forward back to me for distribution.
Sally is on vacation this week &  will return to the office Dec. 27.
Thanks,
",Publication Schedule for DPR During Holiday Period,"[수신자]님,

이 메모는 아직 전달되지 않았습니다.
먼저, [이름]가 제가 당신에게 전달해서 당신이 나열된 일정을 알고 있고 그것을 지킬 수 있는지 확인하라고 했습니다.
완료되면 배포를 위해 다시 저에게 전달해 주세요.
[이름]는 이번 주에 휴가를 보내고 [날짜]에 사무실로 돌아올 것입니다.

감사합니다.
[발신자]"
"Got your most recent message.
Your observation is correct that the Enron  Americas staff member on Shawn's team has not been involved to date with  Doorstep reviews or planning.
Although Shawn made an offer to Michelle some  time ago, there was a long lead time for her arrival.
She did not start with  the company until after Thanksgiving.
Since she started a couple of weeks  ago, Wes and I have asked her to look into several specific findings from the  most AA internal audit projects and to work with our staffs to provide some  solutions to issues that were raised.
There simply has not been the time to  date to expose her to Doorstep.
After Shawn and I meet (see below), I will briefly summarize for you the  roles that all groups will play in the Doorstep Review process.
Before we  move forward I want to be sure that all parties agree on the purpose,  methodology, participants and execution plan for this on-going project.
",Plans for 2001 Doorstep Reviews,"[수신자]님,

최근 메시지를 받았습니다.
[팀명]의 [기업명] 직원이 프로젝트 검토나 계획에 지금까지 관여하지 않았다는 귀하의 관찰이 맞습니다.
[이름]이 얼마 전 [이름1]에게 제안을 했지만 그녀가 도착하기까지 오랜 시간이 걸렸습니다.
그녀는 [특정 시기]에 회사에 들어왔습니다.
그녀가 몇 주 전에 일을 시작한 이후로, 저는 그녀에게 대부분의 내부 감사 프로젝트에서 몇 가지 구체적인 결과를 살펴보고 직원들과 협력하여 제기된 문제에 대한 몇 가지 해결책을 제공해 달라고 요청했습니다.
지금까지 그녀를 프로젝트에 노출시킬 시간이 없었습니다.

[이름]과 만난 후(아래 참조), 프로젝트 검토 프로세스에서 모든 그룹이 수행할 역할을 간략하게 요약해 드리겠습니다.
계속 진행하기 전에 모든 당사자가 이 진행 중인 프로젝트의 목적, 방법론, 참여자 및 실행 계획에 동의했는지 확인하고 싶습니다.

감사합니다.
[발신자]"
"I understand from Shona that you and she have discussed our plans for  Doorstep Reviews in 2001.
I am asking via this note for my assistant to set  up a meeting for the two of us to spend some time reviewing the timeline,  methodology, Andersen's involvement and the involvement of your team.
I will  be on vacation the week of December 18.
I will be working the week between  Christmas and New Year's, so if you are in the office we can plan on getting  together that week.
",Plans for 2001 Doorstep Reviews,"[수신자]님,

[이름]로부터 [년도]에 당신과 그녀가 [프로젝트명]에 대한 계획을 논의했다는 것을 들었습니다.
이 메모를 통해 제 비서에게 저희 둘이 일정, 방법론, [이름1]의 참여, 그리고 당신 팀의 참여를 검토할 시간을 갖도록 회의를 설정해 달라고 요청드립니다.
저는 [날짜] 주에 휴가를 갈 것입니다.
크리스마스와 새해 사이의 주에 일할 예정이므로, 당신이 사무실에 있다면 그 주에 함께 모일 계획을 세울 수 있습니다.

감사합니다.
[발신자]
"
"Patti will send you on Monday a draft of a memo regarding publishing the DPR  during the holidays.
Please review it and make sure that the commitments we  are making can be met by London.
Let me know if anything needs to be changed  or if there is further clarification needed in the notes, keeping in mind  that with the audience on the memo that I want it to be short and easy.
Your  comments/suggestions are welcomed and needed before I send this out later  next week.
Thanks.
--sally
",DPR Holiday Schedule,"[수신자]님,

[이름]가 월요일에 휴일 동안 [자료명]을 게시하는 것과 관련된 메모 초안을 보내드리겠습니다.
이를 검토하여 [지역명]에서 우리가 하는 약속을 지킬 수 있는지 확인하십시오.
메모에 변경해야 할 사항이나 추가 설명이 필요한 사항이 있으면 알려주십시오.
메모에 대한 청중을 염두에 두고 짧고 쉽게 작성하고 싶습니다.
다음 주 후반에 이것을 보내기 전에 여러분의 의견/제안을 환영하며 필요합니다.

감사합니다.
[발신자]"
"I left Mike a message telling him that I was forwarding this to you and that  someone on your team would verify this information and get  back to him.
His  note asks for info back by Friday the 17th - Friday is the 15th and I assume  that is the deadline that he intends.
Thanks.
--Sally
","Perry Gas Companies, Inc.","[수신자]님,

저는 [이름]에게 메시지를 남겼는데, 제가 이것을 당신에게 전달하고 당신 팀의 누군가가 이 정보를 확인하고 그에게 다시 연락할 것이라고 말했습니다.
그의 메모에는 [날짜] [요일]까지 정보를 돌려달라고 요청했습니다. 금요일은 [날짜]이고, 그가 의도한 마감일은 그 날인 듯합니다.

고맙습니다.
[발신자]"
"I will interviewing on campus for the Analyst Program on Monday and Tuesday,  October 30 and 31.
My assistant, Patti Thompson (x39106), will have  telephone numbers where I can be reached.
I will have my cell phone with me  (713-417-1591) and I will check messages as we have breaks in the interview  schedule during the day.
I will be back in the office on Wednesday,  November 1.
In my absence, please contact the following persons regarding trading  operations issues:  Gas Operations  Jeff Gossett  x37306     Bob Hall  x36956     Leslie Reeves x37962  Power Operations Stacey White x31870     Leslie Reeves x37962  DPR    Shona Wilson x39123      MPR    David Maxwell x36983
",Out of the Office on October 30 and October 31,"[수신자]님,

저는 [날짜1]과 [날짜2] [요일1]과 [요일2]에 캠퍼스에서 분석가 프로그램 면접을 볼 예정입니다.
제 조수인 이름은 저에게 연락할 수 있는 전화번호를 알려줄 것입니다.
저는 휴대전화([전화번호1])를 지참하고 면접 일정이 하루 종일 중단되므로 메시지를 확인할 것입니다.
저는 [날짜3] [요일3]에 사무실로 복귀할 예정입니다.

제가 없는 동안 거래 운영 문제에 대해서는 다음 담당자에게 문의하세요:

가스 운영: [이름1], [이름2], [이름3]

전력 운영: [이름4], [이름5], [이름6], [이름7]

감사합니다.
[발신자]"
"Thanks for the call.
Brenda Herod is the operations controller for EIM.
(Brenda and Brent in their roles over EIM and EGM, respectively, are both  direct reports of mine.)
Brenda is out of the country through the end of  this week on vacation, touring Europe with her mom.
If there is a need to  address this issue this week, let me know and I can start down that road  until Brenda returns.
Let me know.
I did hear an unsubstantiated rumor this week that Clickpaper.com is set to  go live in London within 5 days.
I am trying to find out if that is true.
If it is, it would be a repeat of a commercial decision in Houston to do so  this past July without letting anyone in the mid and back office know.
We  had to scramble to set up an infrastructure to support that in a big hurry.
Not ideal.
I hope that history has not repeated itself.
Let me know if you  have heard anything on this.
",EIM Resources,"전화 주셔서 감사합니다.
[이름]는 EIM의 운영 관리자입니다.
([이름]와 [이름1]는 각각 EIM과 EGM을 담당하며, 둘 다 제 직속 보고자입니다.)
[이름]는 이번 주 말까지 휴가를 보낼 예정입니다.
이번 주에 이 문제를 해결해야 할 경우 알려주세요. [이름]가 돌아올 때까지 그 일을 시작할 수 있습니다.

이번 주에 [웹사이트명]이 5일 이내에 [장소]에서 라이브로 전환된다는 근거 없는 소문을 들어서 사실인지 알아보려고 합니다.
사실이라면 지난 7월에 [도시명]에서 중간 및 백오피스의 누구에게도 알리지 않고 라이브로 전환한 상업적 결정을 반복하는 셈이 됩니다.
우리는 매우 서둘러 이를 지원하는 인프라를 구축해야 했습니다.
이상적이지 않습니다.
역사가 반복되지 않았으면 좋겠습니다.

이에 대한 소식을 들으셨다면 알려주세요.

감사합니다.
[발신자]
"
"I would like to formulate the breakout groups prior to the forum.
I would  like your input on likely persons to put together in these breakout  sessions.
Let's talk tomorrow.
",Input on Breakout Groups,"[수신자]님,

저는 포럼에 앞서 분과 그룹을 구성하고 싶습니다.
저는 이 분과 세션에 참여할 가능성이 있는 사람들에 대한 의견을 듣고 싶습니다.
내일 이야기합시다.

감사합니다.
[발신자]"
"I believe that all of you have met Frank (whose last name I can't remember),  the HR generalist who is currently working with Hector to serve the HR needs  for Energy Operations in ENA.
Frank is working on a contract basis at this  time, and Sheila Walton is seeking feedback on his performance to date in  order to evaluate the duration of his work as a contractor and the  feasibility of bringing him in as an employee.
I have given Sheila my  feedback, but suggested to her that you may have had more contact with Frank  than I have had.
Please take the time to send Sheila an e:mail message or  voice mail to let her know what your experiences have been in working with  Frank.
Your input will be very valuable to Sheila.
Thanks for taking the  time to do this.
",Input for Sheila Walton on HR Personnel,"[수신자]님,

저는 여러분 모두가 [이름]를 만났을 것이라고 생각합니다. 그는 현재 [부서명]의 에너지 운영을 위한 [부서] 요구 사항을 처리하기 위해 [이름1]와 함께 일하고 있는 [부서] 전문가입니다.
[이름]는 현재 계약 기반으로 일하고 있으며 [이름2]은 계약자로서의 그의 업무 기간과 그를 직원으로 영입하는 것의 타당성을 평가하기 위해 지금까지의 그의 성과에 대한 피드백을 구하고 있습니다.
저는 [이름2]에게 피드백을 주었지만, 당신이 저보다 [이름]와 더 많이 접촉했을 수도 있다고 그녀에게 제안했습니다.

[이름2]에게 이메일 메시지나 음성 메일을 보내 [이름]와 함께 일하면서 어떤 경험을 했는지 알려주시기 바랍니다.
당신의 의견은 [이름2]에게 매우 귀중할 것입니다.

이렇게 시간을 내주셔서 감사합니다.

감사합니다.
[발신자]
"
"I will be out of the office for most of the day on Friday.
My dad is  experiecing serious health problems, and he will be in Houston on Friday for  an appointment with a specialist that I have arranged.
I will be going to  the doctor's appointment with my dad.
Depending upon waiting room time, I  may not be in the office for the 1:30 meeting in EB3305 to discuss the  findings from the recent internal audit projects.
I have asked Shona Wilson  to attend in my place.
Please continue with the meeting, as I know that this  is a difficult meeting to schedule.
I will get an update from Shona when I  get back to the office.
",October 20 Meeting re: Internal Audit Projects for September,"[수신자]님,

저는 [요일] 대부분 사무실에 없을 것입니다.
저희 아버지의 심각한 건강 문제 때문에 전문의와의 약속을 잡아놔서 금요일에 [도시명]에 있을 것입니다.
대기실 시간에 따라, 저는 최근 내부 감사 프로젝트의 결과를 논의하기 위해 [회의실]에서 [시간]에 열리는 회의에 사무실에 없을 수도 있습니다.
저는 [이름]에게 제 대신 참석해 달라고 요청했습니다.
이 회의는 일정을 잡기 어렵다는 것을 알고 있으므로 회의를 계속 진행해 주십시오.
사무실에 돌아오면 [이름]로부터 업데이트를 받을 것입니다.

감사합니다.
[발신자]"
"Attached - still not quite final - waiting for confirmation from Tom Gros and  Philippe Bibi.
Can we add an Enron logo to the top of the first page?
Thanks.
I also sent this version to Mike Jordan, Fernley Dyson and Shona for their  input.
Can you e:mail a copy to Tom Hopwood?
Thanks.
",Revised Agenda,"[수신자]님,

첨부 파일은 아직 완전히 완성되지는 않았지만, [이름]와 [이름1]의 확인을 기다리고 있습니다.
첫 페이지 상단에 [기업명] 로고를 추가할 수 있습니까?

감사합니다.
또한 이 버전을 [이름2], [이름3], [이름4]에게 보내 의견을 구했습니다.
[이름5]에게 사본을 이메일로 보내줄 수 있습니까?

감사합니다.
[발신자]
"
"Thanks in advance for agreeing to speak at the Global Operations Controller  Forum.
Dress for the forum is casual, so feel free to do the same.
There  will be approximately 30 Enron business controllers present at the meeting.
All have responsibility for mid and back office operations for the following  Enron entities:  Enron North America, Enron Europe, Enron South America,  Enron Global Markets, Enron Industrial Markets, Enron Broadband Services and  Enron Energy Services.
Attendees will be here from Houston, Calgary, Tokyo,  Sydney, London and New York (metals business).
Attached for your reference is the agenda.
There may be some slight changes  before the forum begins, but this will give you a good idea of the topics to  be covered and the other speakers who will address the group.
You and I talked about Monday or Tuesday afternoon, October 23 or 24.
I have  tentatively put you on the agenda over lunch on Tuesday as detailed below.
I hope that you can join us for lunch and address the group either before or  after you eat - your choice on that.
I will call Peggy to check on your  schedule, and if this does not work we can rearrange.
",Speaking Engagement for Operations Controller Forum,"[수신자]님,

[포럼명]에서 연설을 해주셔서 미리 감사드립니다.
포럼에 참석하실 때는 캐주얼한 복장을 하시기 바랍니다.
약 30명의 [기업명] 사업부 관리자가 회의에 참석할 예정입니다.
모두 [부서1], [부서2], [부서3], [부서4], [부서5]의 중간 및 백오피스 운영을 담당합니다.
[도시1], [도시2], [도시3], [도시4], [도시5], [도시6]에서 참석하실 예정입니다.

참고로 일정을 첨부했습니다.
포럼이 시작되기 전에 약간의 변경 사항이 있을 수 있지만, 이를 통해 다룰 주제와 그룹에 연설할 다른 연사에 대한 좋은 아이디어를 얻을 수 있습니다.
저는 [날짜1] 또는 [날짜2] 월요일 또는 화요일 오후에 대해 이야기했습니다.
아래에 자세히 설명된 대로 화요일 점심 식사 시간에 여러분을 일정에 포함시켰습니다.
저는 점심 식사 전이나 후에 그룹에 연설을 하실 수 있기를 바랍니다.
저는 [이름]에게 전화해서 당신의 일정을 확인하겠습니다. 만약 이게 안 된다면 우리는 다시 조정할 수 있습니다.

감사합니다.
[발신자]
"
"As promised, although a little later than expected, a draft agenda is  attached at the end of my memo to Mike.
The memo will walk you through the  agenda.
Please let me know if you have any comments or suggestions.
Again,  I an sorry that you will not be able to join us, but I am pleased that so  many others from the London office will be in attendance.
--Sally
",Draft Agenda,"[수신자]님,

약속대로, 예상보다 조금 늦었지만, [이름]에게 보낸 메모의 끝에 초안 일정을 첨부했습니다.
메모에서 일정을 안내해 드리겠습니다.
의견이나 제안 사항이 있으면 알려주세요.
다시 한 번 말씀드리지만, 참석하실 수 없어서 죄송합니다. 하지만 [부서명]의 다른 많은 분들이 참석해 주셔서 기쁩니다.

감사합니다.
[발신자]
"
"In cleaning up e:mails, I ran across this one that I had not yet read.
Has  James called and talke with you about Enpower?
Are his concerns in the memo  accurate?
Let me know.
--Sally
",Enpower,"[수신자]님,

이메일을 정리하던 중, 아직 읽지 않은 이메일을 발견했습니다.
[이름]가 전화해서 [프로젝트]에 대해 이야기했나요?
메모에 적힌 그의 우려 사항이 정확한가요?
알려주세요.

감사합니다.
[발신자]
"
"Today's Associates PRC meeting that was to begin at 1:30 has been cancelled  and will be rescheduled for a date yet to be determined.
Both the morning  Analyst PRC meeting and the Associates PRC meeting were scheduled for the  same location and with Joe Sutton as chair.
The Analysts PRC meeting is  apparently running very long, so someone from the program office called to  cancel the Associates PRC meeting for this afternoon.
I will let you know as  soon as I know a rescheduled date.
In preparation for today's PRC meeting, I was able to meet in person with  most of your supervisors to get input on your job responsiblities,  accomplishments and performance.
For those that were unavailable for a  meeting, we managed a phone call or at least a series of voice mails to  accomplish the same thing.
I also have any materials that you may have  provided to your supervisor for the mid-year review process, as well as  copies of the internal feedback that was gathered through the PEP system.
With this delay in the meeting date, I have the time to ask for a copy of  your resume.
The PRC process clearly focuses on your performance  specifically from January through June 2000.
However, it would be helpful to  me in representing you to at least be familiar with your backgrounds.
Please  e:mail a copy to me or you can send a hard copy to EB3015.
A couple of you  have come by my office to meet with me.
I would also be happy to put a name  and face together for others of you or to talk by phone if you are not in  Houston.
My extension is 35926.
",Associates PRC Meeting - To Be Rescheduled,"[수신자]님,

오늘 [시간]에 시작될 예정이었던 [프로젝트] 회의가 취소되었으며 아직 결정되지 않은 날짜로 일정이 변경됩니다.
오전 [프로젝트1] 회의와 [프로젝트] 회의는 모두 같은 장소에서 [이름]을 의장으로 하여 예정되었습니다.
[프로젝트1] 회의가 길어지는 것 같아서 프로그램 사무실에서 오늘 오후 [프로젝트] 회의를 취소해 달라고 전화를 했습니다.
일정이 변경되는 대로 알려드리겠습니다.

오늘 [프로젝트] 회의를 준비하면서 대부분의 상사를 직접 만나 직무 책임, 업적, 성과에 대한 의견을 들었습니다.
회의에 참석할 수 없었던 분들을 위해 전화 통화나 최소한 음성 메일을 통해 동일한 내용을 전달했습니다.
또한 중간 검토 프로세스를 위해 상사에게 제공했을 수 있는 자료와 PEP 시스템을 통해 수집된 내부 피드백 사본도 있습니다.

회의가 이렇게 지연되면서 날짜, 저는 귀하의 이력서 사본을 요청할 시간이 있습니다.
[프로젝트] 프로세스는 분명히 [연도]년 [월1]부터 [월2]까지의 귀하의 성과에 초점을 맞춥니다.
그러나 귀하를 대신하여 귀하의 배경을 적어도 잘 알고 있다면 도움이 될 것입니다.
사본을 이메일로 보내주시거나 [전화번호]로 인쇄본을 보내주세요.

여러분 중 몇몇이 저를 만나러 제 사무실을 방문했습니다.
또한 다른 분들을 위해 이름과 얼굴을 함께 적어드리거나 [도시명]에 계시지 않다면 전화로 이야기해 드리겠습니다.
제 내선번호는 [전화번호1]입니다.

감사합니다.
[발신자]"
"Today's Enron-wide Associates PRC meeting has been cancelled.
It was  scheduled to start at 1:30 today, following the Analysts PRC.
Apparently,  the Analysts PRC is running long.
Since both meetings were scheduled for the  same location and with Joe Sutton as the chair, the Associates PRC has been  cancelled.
I do not yet have a rescheduled date.
I will let you know when I  do.
I am also sending an e:mail message to the Associates that I am  representing so that they will informed of the cancellation.
Thanks for taking the time to meet or talk with me about the performance of  your respective associate in preparation for the PRC.
",Associates PRC Meeting Cancelled,"[수신자]님,

오늘의 [기업명] 전체 [프로젝트] 회의는 취소되었습니다.
오늘 [시간]에 [프로젝트1]에 이어 시작될 예정이었습니다.
분명히 [프로젝트1] 회의가 오래 걸리는 것 같습니다.
두 회의 모두 같은 장소에서 예정되었고 [이름]이 의장이었기 때문에 [프로젝트]는 취소되었습니다.
일정이 변경되면 알려드리겠습니다.

또한 제가 대표하는 [프로젝트]에 취소 사실을 알리기 위해 이메일 메시지를 보내고 있습니다.
시간을 내어 저를 만나거나 [프로젝트]를 준비하기 위한 각 관련 업체들의 성과에 대해 이야기해 주셔서 감사합니다.

감사합니다.
[발신자]
"
"I will serve as a representative to the  Associates PRC meeting that will  take place on July 19.
As a PRC rep, I have been assigned the Associates to  represent in the meeting as indicated on the attachment.
The Associates  Program has provided me  with your name as the PRC supervisor of the  associate as listed.
Please provide me with the following by Friday, July 14:     Associate's accomplishments for the first half of 2000 (prepared by the  associate or summarized by you)   Description of associate's current responsibilities/assignment (and any  additional rotational assignments during this first six months of the year)   Pre-ranking of the associate from your business unit PRC , or your suggestion  on ranking if no business unit PRC process has been completed (Superior,  Excellent, Strong, Satisfactory, Needs Improvement or Issues)   Any other information that you believe will be helpful in accurately  representing the associate in the PRC process  Recommendation for promotion, if any   I will receive a copy of the Consolidated Supervisor Feedback from the PEP  system through the Associates Program.
I will be on vacation until Monday, July 17.
My assistant, Patti Thompson,  will be contacting you next week to ask if you would like to meet with me for  a few minutes on Monday or Tuesday, July 17 and 18 (or phone call) to discuss  your associate and his/her performance in more detail.
Thanks for your attention to this.
If you are not the appropriate PRC  supervisor for the associate listed on the attachment,  please reply by  e:mail as soon as possible and my assistant will research where I should go  next for this input.
",Associate PRC - Input Needed,"[수신자]님,

저는 [날짜]에 열리는 회의에 대표로 참석할 것입니다.
회사의 대표로서 저는 첨부 파일에 명시된 대로 회의에서 대표할 [임직원]를 지정받았습니다.
프로그램]에서 나열된 [임직원]의 감독자로서 귀하의 이름을 알려주었습니다.

[날짜] [요일]까지 다음 사항을 제공해 주십시오.
1. 상반기 [임직원]의 업적([임직원]가 작성하거나 귀하가 요약)
2. [임직원]의 현재 책임/과제에 대한 설명(및 상반기 동안의 추가 로테이션 과제)
3. 사업부에서 [임직원]의 사전 순위 또는 사업부 프로세스가 완료되지 않은 경우 순위에 대한 제안(우수, 우수, 강력, 만족스럽고, 개선이 필요하거나 문제가 있음)
4. 프로세스에서 [임직원]를 정확하게 대표하는 데 도움이 될 것이라고 생각되는 기타 정보
5. 승진에 대한 권장 사항(있는 경우)

PEP 시스템에서 통합 감독자 피드백 사본을 받게 됩니다.

저는 [날짜] 월요일까지 휴가를 갈 것입니다.
저의 비서가 다음 주에 연락하여 [날짜] 월요일 또는 화요일(또는 전화 통화)에 몇 분간 저와 만나서 귀하의 [임직원]와 그의/그녀의 성과에 대해 더 자세히 논의할 것인지 묻겠습니다.

이 점에 주의를 기울여 주셔서 감사합니다.
첨부 파일에 나열된 [임직원]에 대한 적절한 감독자가 아니라면 가능한 한 빨리 이메일로 답장해 주시면 저의 비서가 이 입력을 위해 제가 다음으로 어디로 가야 할지 조사할 것입니다.

감사합니다.
[발신자]"
"I hope that your holiday was wonderful.
Nikki told me that you would be  working from home today, but I decided not to bother you there.
I will try  to have Patti connect me with you during my commute on Tuesday morning.
I  start with a 7:30 meeting (Houston time), so I should be in my car from 6:30  to about 7:15.
I let Nikki know about a rescheduled date from Rick's PRC last week.
I don't  think that there had been any widespread communication about the new date of  June 27.
Will you still plan to come to Houston next week?
I have scheduled  dinner for us on Wednesday evening, assuming that you will still make the  trip.
Just let me know.
Will you also be back for the meeting on June 27?
Before you left for vacation I had tried to reach you regarding the MG  acquisition.
That should make life fun for you!
I wanted to talk about  resources and how I might be able to help in both the further due diligence  efforts and longer term in the assimilation.
As in my voice mail, I believe  that a doorstep review of trading locations would be critical, both from a  controls perspective and from the perspective of an up close view of how they  run their business.
It seems that might help jump start the plans around how  best to assimilate the business.
I had suggested my new hire, Shona Wilson,  as a potential resource and then there are several of us who have already  been involved in doorstep reviews that could be involved both in the US and  in other locations.
Brent has forwarded a memo to me from Naomi Connell  who  seems to be formulating a plan for the doorstep reviews.
I don't know the  names that she mentions (other than Tani Nath), and I am sure that she is  unaware of additional resources from Houston that could be used.
We can  hopefully talk about that tomorrow morning.
",Various Topics,"[수신자]님,

휴가가 즐거웠기를 바랍니다.
[이름]가 오늘 재택근무를 하실 거라고 해서 귀찮게 하지 않기로 했습니다.
[요일] 아침 출근길에 [이름1]가 연락해 드리겠습니다.
저는 [시간1]에 회의를 시작해서 [시간2]쯤까지 차에 타야 합니다.

지난주 [이름]에게 [이름2]의 [프로젝트]에서 일정이 변경되었다고 알렸습니다. [새로운 날짜]라는 새로운 날짜에 대한 광범위한 의사소통은 없었던 것 같습니다.
다음 주에도 [지역명]에 오실 계획이신가요?
오실 거라고 생각해서 [요일2] 저녁에 저녁 식사를 예약했어요. 저에게 알려주세요.
[새로운 날짜2] 회의에도 돌아오실 예정이신가요?

휴가를 떠나기 전에 [기업명] 인수에 관해 연락을 드렸습니다.
저는 리소스에 대해 이야기하고 싶었고, 앞으로 어떻게 도울 수 있을지에 대해 이야기하고 싶었습니다.
음성 메일에서처럼 거래 장소에 대한 현장 검토가 통제 관점에서나 사업을 운영하는 방식에 대한 면밀한 관점에서 모두 중요하다고 생각합니다.
이를 통해 사업을 동화하는 가장 좋은 방법에 대한 계획을 시작하는 데 도움이 될 것 같습니다.
저는 신입 직원인 [이름3]을 잠재적인 리소스로 제안했고, 이미 다른 지역에서 현장 검토에 참여한 사람들이 있습니다.
[이름4]는 현장 검토에 대한 계획을 수립하고 있는 것처럼 보이는 [이름5]의 메모를 저에게 전달했습니다.
우리는 내일 아침에 그것에 대해 이야기할 수 있기를 바랍니다.

감사합니다.
[발신자]
"
"Hope your long weekend was a good one, uneventful on Monday, at least.
Got  your message last Friday.
It seems as if Kristin is more and more interested  in the EBS role, especially after her continuing discussions with Jim  Fallon.
The timing of her trip to London is somewhat up in the air.
May be  the end of this week, may be next week.
I think it will still be good for  you and Kristin to talk in person.
Kristin and Todd are both very qualified  and you would love working with both.
Kristin's established working  relationship with Jim Fallon would definitely be a plus.
I don't want to  lose both of them from ENA, however, at the same  time.
So I would suggest that we make it an either or propostion.
I got your message on housing/location in Houston.
I am headed out of the  office soon for an offsite meeting hosted by ENA's Office of the Chairman.
I  will call you on Friday when I am back in the office and talk through some  options on housing.
",Update,"[수신자]님,

긴 주말이 잘 지나셨기를 바랍니다. 적어도 월요일에는 별다른 일이 없으셨기를 바랍니다.
지난 [요일]에 메시지를 받았습니다.
[이름]이 [이름1]과 계속 논의한 이후로 EBS 역할에 점점 더 많은 관심을 갖고 있는 것 같습니다.
[지역명]으로의 그녀의 여행 시점은 아직 다소 불확실합니다.
이번 주 말일 수도 있고, 다음 주일 수도 있을 것 같습니다.
[이름]과 직접 대화하는 것이 여전히 바람직할 것 같습니다.
[이름]과 [이름2]는 둘 다 매우 유능하며, 둘 다 함께 일하는 것을 좋아할 것입니다.
[이름]이 [이름1]과 확립된 업무 관계는 확실히 긍정적인 요소가 될 것입니다.
그러나 ENA에서 두 사람을 동시에 잃고 싶지 않으므로, 둘 중 한 사람을 선택하는 것이 바람직할 것 같습니다.

[지역명]의 주택/위치에 대한 메시지를 받았습니다.
곧 ENA 회장실에서 주최하는 사외 회의에 참석하기 위해 사무실을 떠날 예정입니다.
[요일2]에 사무실로 돌아오면 전화로 몇 가지 옵션에 대해 논의드리겠습니다.

감사합니다.
[발신자]
"
"Would you ever be interested in helping us with recruiting at OU?
As you are  probably aware, the analyst programs have been combined into one program, so  we are searching for top candidates to bring in for all rotations within the  analyst program.
Upcoming interviews are for summer interns.
We will be on  campus on Monday, October 30 (just after the OU - Nebraska game).
Let me  know if you are interested or if you have any questions, and we can get you  formally added to the team that is recruiting at OU.
Hope that all is going well in Chicago.
--Sally
",OU Update,"[수신자]님,

[기업명]에서 채용을 돕는 데 관심이 있으신가요?
아마도 아시겠지만, 분석가 프로그램은 하나의 프로그램으로 통합되었으므로 분석가 프로그램 내의 모든 로테이션에 참여할 최고의 후보자를 찾고 있습니다.
다가올 면접은 여름 인턴을 위한 것입니다.
[날짜] [요일]에 캠퍼스에 있을 예정입니다.
관심이 있거나 궁금한 사항이 있으면 알려주세요. [기업명]에서 채용하는 팀에 공식적으로 합류하도록 도와드리겠습니다.

[지역명]에서 모든 것이 잘되기를 바랍니다.

감사합니다.
[발신자]
"
"I am forwarding a message from a Wellesley student which includes her  resume.
Let's make sure that she is on our interview schedule for our return  visit in November.
I talked with her quite a bit before the presentation,  and was impressed with her.
She has followed up with phone calls and this  e:mail.
I am sending her some additional information on Enron at her request  to help familiarize her with the company.
Her work experience to date has  been with more traditional energy companies.
--Sally
",From Wellesley,"[수신자]님,

저는 [이름] 학생의 이력서가 포함된 메시지를 전달합니다.
[날짜]에 다시 방문할 때 그녀가 면접 일정에 포함되도록 합시다.
저는 프레젠테이션 전에 그녀와 꽤 많은 이야기를 나누었고, 그녀에게 깊은 인상을 받았습니다.
그녀는 전화 통화와 이 이메일로 후속 조치를 취했습니다.
저는 그녀가 회사에 익숙해지도록 돕기 위해 그녀의 요청에 따라 [기업명]에 대한 추가 정보를 그녀에게 보냅니다.
지금까지 그녀의 업무 경험은 보다 전통적인 에너지 회사에서였습니다.

감사합니다.
[발신자]
"
"I hope that you got my reminder message that I was attending Wes Colwell's  PRC meeting today, which kept me from attending the ENW staff meeting over  lunch today.
My remaining PRC obligations are as follows:   Friday, Dec. 8   Energy Operations PRC   8:00 am until ?
(ENA, EGM, EIM)   Monday, Dec. 11 `  Enron Wholesale Services PRC  8:00 - 9:30 am   Wednesday, Dec. 13  Associates       7:30 am until ?
The Enron Americas Management Team Offsite scheduled for Las Vegas December  13-16 had been cancelled, so I will be in the office all of next week.
",Update on Schedule,"[수신자]님,

오늘 [이름]의 [프로젝트] 회의에 참석한다는 알림 메시지를 받았기를 바랍니다.
그래서 오늘 점심시간에 ENW 직원 회의에 참석하지 못했습니다.
나머지 [프로젝트] 의무는 다음과 같습니다.

- [날짜1] [요일1] [안건1]
- [날짜2] [요일2] [안건2]
- [날짜3] [요일3] [안건3]

[날짜4]-[날짜5]에 라스베이거스에서 예정된 회의가 취소되어서 다음 주 내내 사무실에 있을 것입니다.

감사합니다.
[발신자]"
"Hector:  The key employees that Jeff has identified are senior specialists,  with the exception of Will Kelly.
If you remember, these are the risk  employees that I was concerned about when Steve Jackson tendered his letter  of resignation.
Steve will be taking a similar role with a competitor, and  it is not inconceivable that he might approach some Enron employees to join  him and help ensure his success with his new employer.
We don't want this to  happen.
Waiting until the end of November to implement an effective  retention plan does not make sense.
Please call me tomorrow and let's talk  about how we can jump start this.
Thanks.
--Sally
",Retention plan for four managers,"[수신자]님,

[이름]가 지적한 핵심 직원은 [이름1]를 제외한 고위 전문가입니다.
기억하시겠지만, [이름2]이 사직서를 제출했을 때 제가 우려했던 위험 직원들이 바로 이들입니다.
[이름2]는 경쟁사에서 비슷한 역할을 맡을 것이고, [기업명] 직원 중 일부에게 접근하여 새로운 고용주와의 성공을 보장하도록 도울 가능성이 있습니다.
우리는 이런 일이 일어나기를 바라지 않습니다.

효과적인 유지 계획을 구현하기 위해 [월] 말까지 기다리는 것은 말이 되지 않습니다.
내일 전화해서 어떻게 하면 이를 바로 시작할 수 있을지 이야기해 보겠습니다.

고맙습니다.
[발신자]
"
"Save the date!
October 22-24  has been reserved for the Enron-wide  Operations Controller Forum to be held in Houston at the Warwick Hotel.
To  accommodate the desired travel schedule of our attendees outside the Houston  office, the forum will kick-off the evening of Sunday, October 22.
We will  have a full day and evening on Monday, October 23, and the forum will  conclude mid-afternoon on Tuesday, October 24.
Many key Enron players will join us for portions of the forum.
Speakers  confirmed to date are Jeff Skilling, Rick Causey, Ted Murphy and Bill  Bradford.
Details will follow in the next few days.
All hotel accommodations will be  arranged by Patti and charges for these will be absorbed by my cost center.
Please make your own airline reservations.
I look forward to seeing you at the forum.
This will be a unique opportunity  to get know your counterparts from the wholesale, retail, and broadband  segments of Enron, with contingents from the U.S., Canada, England,  Australia, and Japan.
Sally
",Global Operations Controller Forum,"[수신자]님,

[날짜]에 [장소]에서 열리는 [기업명] 전체 운영 관리자 포럼을 위해 예약되었습니다.
사무실 밖에서 참석자들의 원하는 여행 일정을 수용하기 위해 포럼은 [날짜] 일요일 저녁에 시작합니다.
[날짜] 월요일에는 하루 종일 저녁을 보내고, 포럼은 [날짜] 화요일 오후 중반에 끝납니다.

[기업명]의 주요 임원 여러 명이 포럼 일부에 참석합니다.
현재까지 확정된 연사는 [이름], [이름1], [이름2], [이름3], [이름4]입니다.
자세한 내용은 며칠 안에 알려드리겠습니다.

모든 호텔 숙박은 [이름5]가 마련해 드리고, 이에 대한 비용은 저의 비용 센터에서 부담합니다.
항공편은 직접 예약해 주세요.

포럼에서 뵙기를 기대합니다.
이것은 [기업명]의 미국, 캐나다, 영국, 호주, 일본에서의 도매, 소매, 광대역 부문의 담당자를 알 수 있는 특별한 기회가 될 것입니다.

감사합니다.
[발신자]"
"It is with regret that I have accepted Steve Jackson's letter of resignation  from Enron.
Steve has made a choice to leave Enron and to join another  company in the industry.
I know that you will join me in thanking him for  his many years of service to Enron and the contributions that he has made.
His risk expertise and his knowledge of ENA transactions will be missed, as  will his leadership on the gas team.
Although Steve's official last day with  the company is in two weeks, today is his last day in the office.
He will be  available by phone over the next two weeks if there are questions that you  may have on any open items that you were covering with Steve.
Patti has his  home number if you need that.
We will also plan a happy hour for Steve and  we will let you know when and where that will take place.
Effective tomorrow, Jeff Gossett will assume leadership of the gas risk  group, reporting to me.
Jeff will join Bob Hall and Leslie Reeves as  business controllers for Natural Gas, to continue to work together to provide  leadership for the processes, controls, people and systems that support all  aspects of this key business for North America.
Please join me in  congratulating Jeff on his new responsibilities.
",ENA Personnel Changes,"[수신자]님,

[이름]의 [기업명] 사임서를 유감스럽게 수락합니다.
[이름]는 [기업명]을 떠나 업계의 다른 회사에 합류하기로 결정했습니다.
저는 여러분이 [기업명]에 대한 그의 오랜 봉사와 기여에 대해 저와 함께 감사를 표할 것이라는 것을 알고 있습니다.
그의 위험 전문성과 ENA 거래에 대한 지식은 그리울 것이고, 가스 팀에서의 그의 리더십도 그리울 것입니다.

[이름]가 공식적으로 회사에서 일하는 마지막 날은 [날짜]이지만, 오늘이 그의 사무실에서의 마지막 날입니다.
그는 [이름]와 함께 다루고 있는 미결 항목에 대해 질문이 있을 경우 앞으로 2주 동안 전화로 연락할 수 있습니다.
필요하다면 [이름1]가 그의 집 전화번호를 알려드릴 것입니다.

또한 [이름]를 위한 해피 아워를 계획하고 언제 어디에서 열릴지 알려드리겠습니다.

내일부터 [이름2]이 가스 위험 그룹의 리더십을 맡아 저에게 보고할 것입니다.
[이름2]는 [이름3]과 [이름4]와 함께 Natural Gas의 비즈니스 컨트롤러로 합류하여 함께 일할 것입니다. 북미의 이 핵심 사업의 모든 측면을 지원하는 프로세스, 통제, 인력 및 시스템에 대한 리더십을 제공합니다.

[이름2]의 새로운 책임을 축하해 주세요.

감사합니다.
[발신자]
"
"I will be recruiting at Wellsley College for the Analyst Program on Thursday,  September 28.
I will fly back from Boston on Friday, September 29 and I  should be back in the office between 11:30 and 12:00.
My assistant, Patti  Thompson (x39106) has numbers where I can be reached.
While I am out of the  office, the following persons will serve as key contacts:   Gas Operations  Bob Hall  x36956      Leslie Reeves x37962      Steve Jackson x37070   Power Operations Jenny Latham x33982      Leslie Reeves x37962    DPR    Mike Moscoso x35242   MPR    David Maxwell x36983
",Analyst Recruiting: Out of Office 9/28/00,"[수신자]님,

저는 [날짜] 목요일에 [장소]에서 분석가 프로그램을 모집할 예정입니다.
[날짜] 금요일에 [지역명]에서 돌아올 예정이며, [시간1]에서 [시간2] 사이에 사무실로 돌아올 예정입니다.
제 비서인 이름이 저에게 연락할 수 있는 번호를 알려드릴 것입니다.

제가 사무실에 없는 동안 다음 사람들이 주요 연락처 역할을 할 것입니다.

가스 운영: [이름] [전화번호], [이름1] [전화번호1], [이름2] [전화번호2]
전력 운영: [이름3] [전화번호3], [이름4] [전화번호]
DPR: [이름5] [전화번호5]
MPR: [이름6] [전화번호6]

감사합니다.
[발신자]
"
"Hope are things in London?
I have seen Beth Apollo at two meetings in Texas  recently, one in Dallas and one in San Antonio.
We have been making the  Texas circuit -- not quite as exciting as your travels.
",Stephanie is coming to Houson!,"[수신자]님,

[지역명1]에서는 희망이 있나요?
최근 [지역명2]에서 열린 두 회의에서 [이름]를 봤습니다. 하나는 [도시명]에서, 하나는 [도시명]에서였습니다.
우리는 [지역명2] 순회를 했습니다. 여러분의 여행만큼 신나는 것은 아니었습니다.

감사합니다.
[발신자]
"
"I can never tell from these things what they are asking to be approved.
Since Gregory's address looks as if he is at Corp., just let me know who he  is and what I am being asked to approve.
Please reply with history  attached.
Thanks.
--Sally
",Your approval please,"[수신자]님,

저는 이런 것들로 그들이 무엇을 승인해 달라고 요청하는지 알 수 없습니다.
[이름]의 주소가 Corp.에 있는 것처럼 보이니, 그가 누구이고 무엇을 승인해 달라고 요청하는지 알려주세요.
이력을 첨부해서 답장해 주세요.

고맙습니다.
[발신자]
"
"Fernley:  I think that you are right about easy access to the standards.
In  fact, at the Global Operations Controllers gathering in Houston in October,  we are going to roll out a website created for Global Risk Operations.
The  global standards will be one of the items included, as well as contact lists  for Operations Controllers worldwide, calendars for all Enron offices  worldwide, a ""what time is it there if I am here"" page, etc.
I would like  for this to be introduced at the offsite as surprise (just a little bang out  of the announcement) , so I would appreciate your not sharing this plan  widely at this point.
However, I thought that I would let you know so that  we would not duplicate any efforts.
",Further note on access of operating standards,"[수신자]님,

[수신자] 표준에 쉽게 접근할 수 있다는 말씀이 맞는 것 같습니다.
사실, [날짜]에 [지역명]에서 열리는 [직접 입력] 모임에서 [직접 입력1]를 위해 만든 웹사이트를 공개할 예정입니다.
글로벌 표준은 포함되는 항목 중 하나이며, 전 세계 [직접 입력]의 연락처 목록, 전 세계 모든 [기업명] 사무실의 일정, ""내가 여기 있는 동안 몇 시인가"" 페이지 등이 포함됩니다.
이것을 깜짝 선물로 오프사이트에서 소개하고 싶습니다(발표에서 약간 튀어나온 것일 뿐). 그래서 지금 이 시점에서 이 계획을 널리 공유하지 않으셨으면 합니다.
하지만 중복되는 작업을 하지 않도록 알려드려야겠다고 생각했습니다.

감사합니다.
[발신자]"
"Invitations have been mailed to all VP's and above for the annual Enron  Management Conference to be held at the Hyatt Hill Country in San Antonio  November 15-17.
Hopefully, you have received your invitation (more to save  the date than to provide any detail at this point).
If you have not received  your invitation, please let me know.
",Enron Management Conference,"[수신자]님,

[날짜]일 [장소명]에서 열리는 연례 [직접 입력]에 대한 초대장이 모든 부사장 이상에게 우편으로 발송되었습니다.
여러분은 초대장을 받았기를 바랍니다(이 시점에서 자세한 내용을 제공하기보다는 날짜를 저장하기 위한 것입니다).
초대장을 받지 못했다면 알려주십시오.

감사합니다.
[발신자]"
"It was good to see you in Norman earlier this week.
As always, I appreciated  your attendance at the presentation and at Coach's afterwards.
I am sure  that it is rewarding for you to see former students such as Jody and Nate  participating on the other side of the recruiting table.
You have done a  great job in changing and promoting the program.
I am pushing Lexi to resolve the question around interview dates for summer  interns ASAP.
I have also left Mike McConnell a message to make him aware of  the issue.
I should be able to get back with you next week, hopefully with a  change in our strategy!
If you do become aware of five OU /Texas tickets, please let me know.
We  will certainly purchase them, I just made the assumption that all tickets may  already be sold.
On another note, David has worn his OU shirt to work and has gotten lots of  compliments.
He has a number of people that have asked him about school  shirts, caps, etc.
Do you have a list of the schools that you can get  merchandise for and the types of merchandise that you can get?
Let me know
",Oklahoma Trip,"[수신자]님,

이번 주 초에 [장소]에서 여러분을 뵙게 되어 기뻤습니다.
언제나 그렇듯이 프레젠테이션과 그 후 코치에 참석해 주셔서 감사합니다.
[이름]와 [이름1]와 같은 전 학생들이 모집 테이블 반대편에서 참여하는 것을 보는 것이 보람 있을 것이라고 확신합니다.
프로그램을 변경하고 홍보하는 데 훌륭한 일을 했습니다.

저는 [이름2]에게 여름 인턴 면접 날짜에 대한 질문을 최대한 빨리 해결하도록 촉구하고 있습니다.
또한 [이름3]에게 이 문제를 알리는 메시지를 남겼습니다.
다음 주에 전략을 변경하여 다시 연락드리겠습니다!

[지역명1] / [지역명2] 티켓 5장을 받게 되면 알려주세요. 이미 티켓이 매진되었을 것이라고 생각하기는 하지만, 꼭 사고 싶어요.
다른 이야긴데, [이름4]가 학교 셔츠를 입고 출근했을 때, 옷에 대한 칭찬이 많더라고요. [이름4]가 입었던 학교 셔츠, 모자 등에 대해 묻는 사람이 많습니다.
상품을 구매할 수 있는 사이트가 있습니까? 상품들은 아직 구매할 수 있나요?
알려주시면 감사하겠습니다.

감사합니다.
[발신자]"
"Please put this on my calendar.
I don't know if I will make it there, but I  would like for it to be on my calendar.
Thanks.
",Enron All-Employee Meeting Notice,"[수신자]님,

제 일정에 이걸 적어주세요.
제가 거기에 갈 수 있을지 모르겠지만, 일정에 적어 주시면 좋겠습니다.

고맙습니다.
[발신자]"
"I updated that systems matrix recently, in preparation for our much  rescheduled meeting with AA on risk controls.
That is on my calendar for  Friday morning this week, so I will bring copies with me to that meeting.
I have been publishing an ENA operations report monthly since June.
To date,  I have been reviewing it with Dave Delainey, fine-tuning each month the types  of information and format that he likes.
I will bring you a copy tomorrow  and would like your input on content and format as well.
With the recent  reorganization, I am working with EGM and EIM to create the same report.
After we have mastered that here in Houston over the next month or so, I plan  to share the format with London so that all of our wholesale businesses can  use the same format.
In addition to these monthly operating reports, we are working on a daily  report to be operational by the end of the fourth quarter that will track  compliance with our fundamental operating standards.
We are in the phase of  determining the source of reporting (systematic or manual) and the frequency  of reporting (daily, weekly, monthly) for all commodities and locations  against the operating standards.
As we get this to a first draft stage, I  will share this with you, as well as the timeline for full implementation.
",Global Systems Matrix,"[수신자]님,

저는 최근에 [기업명]와의 위험 관리에 대한 회의를 크게 연기하기 위해 시스템 매트릭스를 업데이트했습니다.
이번 주 금요일 아침 일정에 포함되어 있으므로 그 회의에 사본을 가져갈 것입니다.

저는 [월]부터 매달 ENA 운영 보고서를 발행하고 있습니다.
지금까지 저는 [이름]와 함께 검토하면서 매달 그가 좋아하는 정보 유형과 형식을 미세 조정했습니다.
저는 내일 사본을 가져갈 것이고 내용과 형식에 대한 의견을 듣고 싶습니다.

최근 재편을 통해 EGM과 EIM과 협력하여 동일한 보고서를 만들고 있습니다.
다음 달 정도 [지역명]에서 이를 마스터한 후 [지역명]과 형식을 공유하여 모든 도매 사업에서 동일한 형식을 사용할 수 있도록 계획하고 있습니다.

이러한 월별 운영 보고서 외에도 4분기 말까지 운영될 일일 보고서를 작성하여 기본 운영 표준 준수 여부를 추적하고 있습니다.
저희는 보고 출처(체계적 또는 수동)와 보고 빈도(일일, 주간, 모든 상품과 위치에 대해 매월) 운영 기준에 따라.
초안 단계로 넘어가면, 이것을 여러분과 공유하고, 전체 구현 일정도 알려드리겠습니다.

감사합니다.
[발신자]
"
"This approval request is incomplete - it does not include the name of this  employee's manager.
I do not know the employee, and without the name of the  manager I can't possibly approve this.
Please get someone to complete this  request.
",Your approval is requested,"[수신자]님,

이 승인 요청은 불완전합니다. 이 직원의 관리자 이름이 포함되어 있지 않습니다.
저는 직원을 모르고, 관리자 이름 없이는 승인할 수 없습니다.
누군가에게 이 요청을 완료해 달라고 부탁하세요.

감사합니다.
[발신자]"
"I am not trying to twist any arms with this question, but is there anything  we can do so that Jody can make the presentation at OU?
Since he was the top  graduate from the Energy Management Program at OU, it would be great for him  to be at the presentation next Tuesday night.
I know that recruiting events  can be a drain on staffing, but it is also time well spent.
I do know that  Jody is in a role that has real day-to-day commitments, so if there is not a  feasible way to have someone calc a book for him I will understand.
I just  wanted you to take a look at this.
Thanks.
",Recruiting,"[수신자]님,

이 질문으로 누군가를 꼬시려는 것은 아니지만, [이름]가 OU에서 프레젠테이션을 할 수 있도록 우리가 할 수 있는 일이 있을까요?
그는 OU의 에너지 관리 프로그램을 최우수 졸업생으로 졸업했기 때문에 다음 [요일] 밤 프레젠테이션에 참석하면 좋을 것 같습니다.
채용 행사가 인력을 고갈시킬 수 있다는 것은 알지만, 시간을 잘 보내는 것도 중요합니다.
[이름]가 매일매일의 약속이 있는 직책에 있다는 것은 알고 있습니다. 따라서 누군가가 그를 위해 계산서를 작성할 수 있는 실행 가능한 방법이 없다면 이해하겠습니다.
이걸 한번 살펴보셨으면 합니다.

감사합니다.
[발신자]
"
"I have asked ENA's Compensation team within HR to conduct a compensation  study for me for all positions from Manager level through Vice President.
This analysis will include employees who are dedicated to ENA, EIM and EGM.
It had been the plan to complete our compensation analysis by focusing on the  Manager level and above, following the market analysis for Senior Specialists  and below that was completed by Yvonne Land.
I learned recently that Yvonne  has left the Company and that she had not begun the analysis for Managers and  above.
Todd Burke, who recently joined Enron, will be conducting the market survey  and compensation analysis.
I met with Todd recently.
He has had wonderful  experience with Towers Perin and Watson Wyatt, and I feel that we are  fortunate to have him devoted to this project.
Please give sufficient  thought and attention to requests from Todd.
The quality and timeliness of  your responses will directly impact the quality and timeliness of the  analysis that I will receive from Todd.
I think that you should each have a  vested interest in the success of this project!
Todd also plans to resurvey market information for Senior Specialists and  below so that his view of compensation will be complete and timely for all of  Energy Operations.
Since we recently took action on compensation levels for  key players at the Senior Specialist level and below, I would not anticipate  further adjustments for those levels as a result of Todd's review.
You should receive a message from Todd in the next day or so in which he will  detail steps in the compensation analysis and what your role will be.
Sally
",Compensation Analysis,"[수신자]님,

저는 [부서명] 내 보상 팀에 대해 매니저부터 부사장까지의 직책에 대한 보상 분석을 요청했습니다.
이 분석에는 [부서명]에 전념하는 직원들이 포함됩니다.
[이름]가 완료한 [직급명] 이하의 시장 분석에 이어, 매니저 레벨 이상에 대한 보상 분석을 마무리할 계획이었습니다. 그러나 [이름]이 회사를 떠난 사실을 최근에 알게 되었고, 매니저 이상 직책에 대한 분석은 시작되지 않았습니다.

이후 [기업명]에 입사한 [이름1]이 시장 조사와 보상 분석을 담당할 예정입니다.
[이름1]은 [업계명1]과 [업계명2]에서 많은 경험을 쌓았고, 이번 프로젝트에 기여하게 되어 매우 기쁩니다.
[이름1]의 요청 사항에 대해 신중히 고려하고 주의를 기울여 주시기를 부탁드립니다.
귀하의 답변이 [이름1]이 제공할 분석의 질과 시기적절성에 중요한 영향을 미칠 것입니다.

[이름1]은 또한 [직급명] 이하에 대한 시장 정보를 재조사하여, [부서명] 전체에 대한 보상 분석을 보다 완전하고 시기적절하게 진행할 계획입니다.
최근 [직급명] 이하 직원들에 대한 보상 수준에 조정이 이루어졌기 때문에, [이름1]의 검토 결과로는 해당 수준에 추가 조정이 필요하지 않을 것으로 예상됩니다.

[이름1]은 하루나 이틀 내로 보상 분석 단계 및 귀하의 역할에 대한 자세한 정보를 담은 메시지를 보내드릴 것입니다.

감사합니다.
[발신자]"
"Great job on discussing status and next steps with the group this afternoon  on OPM.
The presentation and your comments were direct and concise.
And  your delivery of the information was very well done -- you were poised,
",OPM Presentation,"[수신자]님,

오늘 오후 [부서명]에서 그룹과 현황 및 다음 단계에 대해 논의한 것이 대단했습니다.
프리젠테이션과 귀하의 의견은 직접적이고 간결했습니다.
그리고 귀하의 정보 전달은 매우 잘 이루어졌습니다. 당신은 침착했습니다.

귀하의 노력에 감사드리며, 계속해서 훌륭한 작업을 이어가기를 기대합니다.

감사합니다.
[발신자]"
"I heard today that Curtis Smith has resigned.
I am sure that both ot you  know that Curtis and Jeremy Wong were viewed by users as critical resources  for ERMS support.
Even at a stand still, my team had great concern over the  rumored loss of Curtis and/or Jeremy.
And with the assumption that Sitara  will not go forward for valuation, then ERMS really has become repositioned  as one of our key, strategic systems.
There is much to do to ""catch up"", if  you will, with changes and enhancements that were put on hold for several  years during the Sitara development stage.
And our business continues to  grow and change rapidly, requiring responsive enhancements on an on-going  basis.
I would like to get together to discuss the staffing plan for support of ERMS  as soon as possible.
We need to understand how day-to-day production  support will be managed and how development work will be effectively  handled.
I will ask my assistant to set up a meeting as soon as possible.
",ERMS Resources,"[수신자]님,

오늘 [이름]의 사임 소식을 들었습니다.
[이름]와 [이름2]가 사용자들에게 ERMS 지원에 중요한 리소스로 여겨졌다는 사실을 여러분 모두 알고 계실 겁니다.
제 팀은 멈췄지만, [이름]와/또는 [이름2]의 손실에 대한 소문에 대해 큰 우려를 품고 있었습니다.
그리고 [이름3]가 평가를 위해 진행되지 않을 것이라는 가정 하에, ERMS는 정말로 우리의 핵심 전략 시스템 중 하나로 재편되었습니다.
[이름3] 개발 단계에서 몇 년 동안 보류되었던 변경 및 개선 사항을 따라잡기 위해 해야 할 일이 많습니다.

감사합니다.
[발신자]"
"Here are the home games when Meagan will be dancing in the half-time routine:   Friday, September 15  7:00 pm   Saturday, October 14  7:00 pm   Friday, October 20  7:00 pm  (homecoming)   There is a chance that she could be added to two other home games if  alternates are needed.
Nothing definitive on that, of course.
She did get  put into a routine last year as an alternate, but you never know.
We would love for you to come for a visit this fall, and it would be fun if  it would work around one of these games.
I have also given this schedule to  Cindy, as she and Brigeda were interested in making it to a game.
I am headed to Dallas early tomorrow morning.
Patti has sent you a copy of  my itinerary.
",Bearkadette Schedule,"[수신자]님,

다음은 [이름]이 하프타임 루틴에서 춤을 출 홈 경기 일정입니다.

[날짜1] [요일1] [시간1]
[날짜2] [요일2] [시간2]
[날짜3] [요일3] [시간3] (홈커밍)

대체 선수가 필요한 경우 다른 두 홈 경기에 추가될 가능성이 있습니다.
물론 이에 대한 확실한 것은 없습니다.
그녀는 작년에 대체 선수로 루틴에 포함되었지만, 알 수 없습니다.

올 가을에 방문해주시면 감사하겠습니다. 이 경기 중 하나를 중심으로 일정이 조정되면 재미있을 것입니다.
또한 [이름1]에게도 이 일정을 주었습니다. 그녀와 [이름2]가 경기에 참가하는 데 관심이 있었기 때문입니다.

저는 내일 아침 일찍 [지역명]로 향합니다.
[이름3]가 제 일정 사본을 보내드렸습니다.

감사합니다.
[발신자]"
"I will be in Dallas from Tuesday, August 29 through Thursday, August 31 at an  offsite session hosted by Rick Causey to review the SAP implementation and  next steps.
The linkage of Unify and our Global Databases to SAP is a  critical one, and decisions around next steps can impact these operating  systems and our processes.
Therefore, Rick has asked that I attend.
Patti  Thompson, my assistant (x39106), has telephone numbers where I can be reached  if needed.
In my absence, please contact the following persons in Houston  with questions.
Peggy Hedstrom is the appropriate contact in Calgary.
Natural Gas Operations  Steve Jackson   x37070  Power Operations   Stacey White  x31870    DPR      Mike Moscoso  x35242  MPR      David Maxwell  x36983  I will be back in the office on Friday, September 1.
",Out of Office August 29-31 - Key Contacts,"[수신자]님,

저는 [날짜1] [요일1]부터 [날짜2] [요일2]까지 [이름]가 주최하는 오프사이트 세션에 참석하여 SAP 구현과 다음 단계를 검토할 예정입니다.
Unify와 글로벌 데이터베이스를 SAP에 연결하는 것은 매우 중요하며, 다음 단계에 대한 결정은 이러한 운영 체제와 프로세스에 영향을 미칠 수 있습니다.
따라서 [이름1]은 제가 참석하기를 요청했습니다.

제 비서([전화번호])인 [이름2]는 필요할 경우 저에게 연락할 수 있는 전화번호를 가지고 있습니다.

제가 없는 동안 [지역명]에 있는 다음 사람에게 문의하세요.
[지역명1]의 적절한 연락처는 [이름3]입니다.
[부서명1] 운영: [이름4] [전화번호4]
[부서명2] 운영: [이름5] [전화번호5]
DPR: [이름6] [전화번호6]
MPR: [이름7] [전화번호7]

[날짜3] [요일3]에 사무실로 복귀합니다.

감사합니다.
[발신자]"
"RSVP:  Yes, I will attend.
I will arrive in San Antonio in time for the  dinner on Tuesday evening.
Count me out for golf on Wednesday - I don't  think they would want me to play!
Breakout Sessions:  SAP Reporting Issues         Analyst/Associates Program         (I will be glad to participate in any of the sessions, if there are  needs to move anyone around)   Top 4 Objectives for Accounting Group:  Streamline close process (from a Non-Accountant!!)
Implement data warehouse for flexible reporting         Increase visible participation in Analyst and Associate recruiting  and          rotations         Asssure efficient service from COE (or its replacement),          providing timely, creative solutions and an extremely high           degree of excellence  Dietary/Special Needs:    Something chocolate for dessert!!
!
",Info for Accounting Offsite,"[수신자]님,

메일 잘 받고 확인했습니다. 저도 참석하겠습니다.
[요일] 저녁 식사에 맞춰 [지역명]에 도착하겠습니다.
[요일2] 골프는 빼주세요. 제가 골프를 치는 것을 원하지 않을 것 같아요!

분과 세션: SAP 보고 문제 분석가/연관 프로그램(누군가를 옮겨야 할 필요가 있다면 기꺼이 세션에 참여하겠습니다)
회계 그룹의 4대 목표: 마감 프로세스 간소화(비회계사로부터!!)
유연한 보고를 위한 데이터 웨어하우스 구현, 분석가 및 연관 직원 채용과 로테이션에서 눈에 띄는 참여 증가, COE(또는 대체자)의 효율적인 서비스 보장, 시기적절하고 창의적인 솔루션 제공 및 높은 수준의 식단 제공

디저트로 초콜릿을 준비해주실 수 있을까요!!

감사합니다.
[발신자]"
"In cleaning up e:mails, I can across this one from Sheila.
Is this one of  the corrections that was made to the June information?
Any update on July?
Thanks.
",June Operating Report,"[수신자]님,

이메일을 정리하다가 [이름]에게서 온 이메일을 발견했습니다.
이게 [월1]월 정보에 대한 수정 사항 중 하나인가요?
[월2]월 업데이트는 있나요?

고맙습니다.
[발신자]"
"The Enron-wide PRC meeting to review the mid-year performance for all Vice  Presidents has been rescheduled several times.
Currently, this meeting is  set for September 11 and 12.
Per David Oxley, performance reviews for Vice  Presidents should be conducted after this PRC process is completed.
Assuming  that the meeting takes place as now planned in September, I will schedule  your reviews sometime after September 12.
(Bob, I will assume that your  review will be given by Rock, but I will keep you informed on this process  along with Peggy and Brent.)
On another note, Enron hosts an annual management conference each year for  Vice President level and above.
You should all receive invitations to this  event.
In recent years, it has been held in San Antonio.
I do not know the  location for this year, but I do have the dates for you to hold on your  calendars:  November 15-17.
Let me know if you have any questions on either one of these.
",VP PRC,"[수신자]님,

모든 부사장의 연중 실적을 검토하기 위한 [기업명] 전체 [프로젝트] 회의가 여러 차례 연기되었습니다.
현재 이 회의는 [날짜1]과 [날짜2]로 예정되어 있습니다.
[이름]에 따르면 부사장의 실적 검토는 이 [프로젝트] 프로세스가 완료된 후에 실시해야 합니다.
회의가 현재 계획대로 [월]에 진행된다고 가정하면 [날짜2] 이후에 검토 일정을 정하겠습니다.
([이름1], [이름2]이 검토를 할 것이라고 가정하지만 [이름3]와 [이름4]와 함께 이 프로세스에 대해 알려드리겠습니다.)

다른 사항으로, [기업명]은 매년 부사장 이상에 대한 연례 경영 컨퍼런스를 개최합니다.
모두 이 행사에 대한 초대장을 받으실 것입니다.
최근 몇 년 동안은 [지역명]에서 개최되었습니다.
올해 장소는 모르겠지만 일정에 [날짜3]으로 표시되어 있습니다.
두 가지 중 하나에 대해 궁금한 사항이 있으면 알려주세요.

감사합니다.
[발신자]
"
"I received the note about the Wellesley recruiting team meeting on Thursday.
I will look forward to seeing you there.
Will you be in Dallas next week for the ASE?
I will be there.
I did let  Melissa know when the dates were announced that I will quietly slip out about  mid afternoon on Thursday.
Amanda's school open house is Thursday at 7:00,  and parents will follow their children's schedules and meet all of the  teachers.
With this being Amanda's   first year in junior high, it is  important for me to meet the teachers and understand their expectations so  that I can best support her in school.
Mary Solmonson and Brent from my team  will be there for the duration.
I look forward to seeing you there, too!
",Wellesley and ASE meetings,"[수신자]님,

[요일]에 [모임명] 회의에 대한 메모를 받았습니다.
그곳에서 만나 뵙기를 기대하겠습니다.
다음 주에 회의를 위해 [지역명]에 오실 예정이신가요?
저는 거기에 있을 것입니다.
저는 날짜가 발표되었을 때 [요일2] 오후 중반쯤에 조용히 빠져나갈 것이라고 [이름]에게 알렸습니다.

[이름1]의 학교 개방일은 [요일3] 오후 7시이고, 학부모는 자녀의 일정을 따르고 모든 교사를 만날 것입니다.
[이름1]가 중학교에 처음 입학하는 해이기 때문에 교사를 만나고 그들의 기대를 이해하는 것이 중요합니다. 그래야 학교에서 그녀를 가장 잘 지원할 수 있습니다.

저희 팀의 [이름2]과 [이름3]가 그 기간 동안 거기에 있을 것입니다.
저도 여러분을 만나 뵙기를 기대합니다!

감사합니다.
[발신자]"
"Beth Perlman tells me that you are in charge on this system.
It does not  work.
I thought that this was going to be corrected last week.
I am  confused about why we are using a system that does not work.
I understand  that there are bugs in the system.
Was the system tested before being put  into production?
I tried to reach you by phone.
You were unavailable and I could not leave a  voice mail because that was full.
I talked with Torey Hayden and verbally  okayed the access for Bob Hall.
Please call me and let me know when the system will be working correctly and  how you are going to manage these approvals in the interim while the system  is not functioning.
You might at least put a contact name and number on  these things if you are going to continue to send these out before the system  is fixed.
My number is 35926.
I look forward to hearing from you on solutions and  timing.
",Request Submitted: Access Request for bob.m.hall@enron.com,"[수신자]님,

[이름]이 당신이 이 시스템을 책임지고 있다고 말했습니다.
시스템이 작동하지 않습니다.
지난주에 이 문제가 해결될 줄 알았습니다.
작동하지 않는 시스템을 사용하는 이유가 궁금합니다.
시스템에 버그가 있다는 건 알고 있습니다.
실행하기 전에 시스템을 테스트했나요?

전화로 연락하려고 했습니다.
당신에게 연락이 닿지 않았고, 음성 메일이 가득 찼다며, 음성 메일도 남길 수 없었습니다.
[이름1]과 통화하고 [이름2]의 접근을 구두로 승인했습니다.

전화해서 시스템이 제대로 작동할 때와 시스템이 작동하지 않는 동안 이러한 승인을 어떻게 관리할 것인지 알려주세요.
시스템이 수정되기 전에 이러한 내용을 계속 보내려면 최소한 연락처 이름과 번호를 적어두는 게 좋습니다.
제 번호는 [전화번호]입니다.

해결책과 시기에 대한 소식을 듣기를 기대합니다.
[발신자]
"
"I met with Karen Marshall today.
She is in the Community Relations group and  is organizing the dinner on September 7th.
I suggested that she add to the  invitation list the other interviewers this year for the scholarships (Roger  Ondreko and Gene Humphrey), Brent Price and Loftis Fitzwater (one of last  year's scholarhip recepients who started with us as an Associate this  summer).
I have also volunteered to coordinate with the University on  appropriate attendees, as some of Karen's info is dated and she does not know  people at the school.
I will keep you posted.
--Sally
",Enron MBA Excellence Fund Scholars Dinner,"[수신자]님,

오늘 [이름]을 만났습니다.
그녀는 커뮤니티 관계 그룹에 속해 있으며 [날짜1]에 저녁 식사를 조직하고 있습니다.
저는 그녀에게 올해 장학금을 위한 다른 인터뷰어([이름3]와 [이름4]), [이름1]와 [이름2](작년 장학금 수혜자 중 한 명으로 이번 여름에 준회원으로 우리와 함께 시작했습니다)를 초대 목록에 추가하라고 제안했습니다.
저는 또한 [이름]의 정보 중 일부가 오래되었고 그녀는 학교에 아는 사람이 없기 때문에 적절한 참석자에 대해 대학과 협력하기로 자원했습니다.

저는 계속 알려드리겠습니다.
감사합니다.
[발신자]"
"Please print the attachment for me in color ( I have to put that burnt orange  on my bulletin board), put this event on my calendar and research flight  information for me.
I would fly over on the afternoon of the 7th and back on  the morning of the 8th.
Check with Karen to see if she is handling hotel  reservations, or if we should make those.
Thanks.
",Add to Calendar-Enron MBA Excellence Fund Scholars Dinner,"[수신자]님,

첨부 파일을 컬러로 인쇄해 주세요(게시판에 그 짙은 주황색을 넣어야 해요).
일정에 이 이벤트를 추가하고 항공편 정보를 조사해 주세요.
[날짜1] 오후에 가서 [날짜2] 아침에 돌아올 거예요.
[이름]에게 호텔 예약을 처리하고 있는지, 아니면 우리가 해야 하는지 물어보세요.

고맙습니다.
[발신자]"
"This was sent for my approval.
The manager listed below does not work in  Energy Operations.
This should be sent to someone else for approval.
",Your approval is requested,"[수신자]님,

이것은 내 승인을 위해 전송되었습니다.
아래에 나열된 관리자는 [부서명] 부서에서 일하지 않습니다.
이것은 승인을 위해 다른 사람에게 전송해야 합니다.

감사합니다.
[발신자]
"
"If you absolutely can not find enough of the right players to go on the  cruise, let me know.
My husband is scheduled for a baseball game on  Wednesday night.
If I could find some Diamond level tickets for another day  for him, he might consider giving up his tickets for Wednesday night.
This  is a last resort sort of measure, however, so I hope that you find success in  response from others.
But do let me know...
",If you are stuck...,"[수신자]님,

크루즈에 갈 적절한 선수를 충분히 찾을 수 없다면 알려주세요.
제 남편은 [요일] 밤에 야구 경기에 갈 예정입니다.
제가 그를 위해 다른 날 다이아몬드 레벨 티켓을 찾을 수 있다면, 그는 [요일] 밤 티켓을 포기하는 것을 고려할 수도 있습니다.
하지만 이것은 마지막 수단이므로 다른 사람들의 반응에서 성공하기를 바랍니다.

하지만 알려주세요…

감사합니다.
[발신자]"
"I am resending this memo regarding the information that I need from you as  Cheryl Ingstad's supervisor as I prepare to represent her in the Associates  PRC meeting next week.
I am tied up in other PRC meetings on December 7, 8  and 11, so I am doing my homework earlier rather than later this week.
Please note the bullet points in the memo below which outline the information  that I need.
I do have copies of the internal feedback forms and Cheryl's  self-evaluation.
Let me know if you have any questions.
I know that things  are very busy right now, but it is important to the Associates that their  reps in the PRC process are well prepared.
Your input will help me with  that.
Thanks.
--Sally
",I Need Your Info on Cheryl Ingstad for Year End Associate PRC  Meeting,"[수신자]님,

다음 주에 열리는 [프로젝트] 회의에서 [이름]를 대신하여 준비하면서 [이름]의 감독자로서 필요한 정보에 대한 이 메모를 다시 보냅니다.
저는 [날짜1], [날짜2], [날짜3]에 열리는 다른 [프로젝트] 회의에 얽매여 있어서 이번 주 후반보다는 일찍 숙제를 하고 있습니다.
아래 메모에서 필요한 정보를 간략하게 설명한 요점을 참고해 주세요.
저는 내부 피드백 양식과 [이름]의 자체 평가 사본을 가지고 있습니다.

궁금한 사항이 있으면 알려주세요.
지금은 매우 바쁘다는 것을 알고 있지만, Associates가 PRC 프로세스에서 담당자를 잘 준비하는 것이 중요합니다.
귀하의 의견이 도움이 될 것입니다.

감사합니다.
[발신자]"
"Sorry that I missed you this morning.
I attended that last Financial Council  meeting on SAP this morning just prior to my lunch meeting with Mark Frevert  and Rick Causey.
Nothing substantial came up on Helsinki, so it was fine  that we didn't get to talk today.
I had wanted to be prepared on how to  address out current activities there.
So I can get an update on that when we  talk tomorrow.
I have a meeting on the analyst and associates program from 9:00 to 10:00  tomorrow.
I will call you around 10:00 when I get back from that meeting.
",Phone Call,"[수신자]님,

오늘 아침에 당신을 놓친 것에 대해 죄송합니다.
오늘 아침 [이름]와 [이름1]와의 점심 모임 직전에 SAP에 대한 마지막 재무 위원회 회의에 참석했습니다.
[지역명]에서는 중요한 일이 없었기 때문에 오늘 이야기하지 못해도 괜찮았습니다.
저는 그곳에서 현재 진행 중인 활동을 어떻게 다룰지 준비하고 싶었습니다.
그래야 내일 이야기할 때 업데이트를 받을 수 있을 겁니다.

내일 오전 [시간1]부터 [시간2]까지 애널리스트 및 어소시에이트 프로그램에 대한 회의가 있습니다.
그 회의에서 돌아오면 오전 [시간3]경에 전화드리겠습니다.

감사합니다.
[발신자]
"
"As we said before, I would like to be able to utilize Todd Hall for special  projects from time to time.
I had mentioned to Mike Jordan that once Todd  completed his CommodityLogic role that I thought that we could take some of  his time to follow up on Continental Power issues, which could fit nicely  with some work he could do on Weather in Europe.
I don't know about the one  month timeframe.
I would prefer that Todd review the initiatives and  determine the best way to proceed.
It might mean a couple of weeks over  there for starters, and then a follow up, shorter trip a few weeks later.
I  don't think that Todd is keen on any elongated stays in Europe, particularly  without the family.
Can we still use Todd ?
",Todd Hall,"[수신자]님,

앞서 말했듯이, 저는 때때로 [이름]을 특별 프로젝트에 활용하고 싶습니다.
저는 [이름1]에게 [이름]가 [역할명] 역할을 마치면 [프로젝트명] 문제를 후속 조치하는 데 시간을 할애할 수 있을 것이라고 말했습니다. 이는 그가 [지역명]의 날씨에 대해 할 수 있는 작업과 잘 맞을 수 있습니다.
[기간] 기간은 모르겠습니다.

저는 [이름]가 이니셔티브를 검토하고 진행하는 가장 좋은 방법을 결정하기를 바랍니다.
시작으로 몇 주 동안 그곳에 머물다가 몇 주 후에 후속 조치로 짧은 여행을 하는 것을 의미할 수 있습니다.
[이름]가 특히 가족 없이 [지역명]에 오래 머무르는 것을 좋아하지 않는다고 하던데, 그래도 여전히 [이름]를 프로젝트에 사용할 수 있습니까?

감사합니다.
[발신자]
"
"Cathy:  slight wording change from Rick Causey:  add words at beginning of  third sentence in italics and drop the phrase ""on accounting issues and  reporting earnings"" at the end of that third sentence.
Thanks.
Clear as  mud?
--Sally
",Incorporating comments from Rick Causey,"[수신자]님,

[자료명]에서 약간 문구를 변경했습니다.
세 번째 문장의 시작 부분에 기울임체로 단어를 추가하고, 세 번째 문장의 끝에 있는 ""회계 문제 및 수익 보고""라는 문구를 삭제했습니다.

고맙습니다.
[발신자]"
"Rick:  This is a draft of the language to be used in a McConnell/Shankman  memo to go out on their new organization.
I worked with Mike on the language  for this paragraph.
Any comments or suggested changes?
Mike would like to send this out ASAP, ideally this afternoon.
Thanks for  taking a look.
draft  Brent Price will be joining Enron Global Markets as Vice President of  Operations and Chief Accounting Officer.
He will report to the EGM Office of  the Chairman, and to Sally Beck, Vice President of Global Risk Management  Operations.
He will coordinate with Rick Causey, Executive Vice President  and Chief Accounting Officer for Enron Corp., on accounting issues and  reporting earnings.
Reporting to Brent in his new position will be Sheila  Glover, business controller for Global Financial Products;  Todd Hall,  business controller for Weather; and Scott Earnest, business controller for  Global Products and Coal.
In addition, Tom Myers has joined Brent's  management team as Director of Accounting.
Brent and his team are  responsible for all accounting, risk reporting and trading operations for all  the businesses within EGM.
",Language in McConnell's memo on Global Markets,"[수신자]님,

이것은 [이름]이 새로운 조직에 대해 발표할 메모에 사용할 언어 초안입니다.
저는 이 문단의 단어에 대해 [이름1]와 함께 작업했습니다.
다른 의견이나 제안 사항이 있습니까?
[이름1]가 가능한 한 빨리, 이상적으로는 오늘 오후에 이것을 보내고 싶어합니다. 보내주셔서 감사합니다.

초안:
[이름2]가 [기업명]에 합류하여 운영 부사장 겸 최고 회계 책임자가 됩니다. 그는 회장의 [부서명] 사무실과 글로벌 위험 관리 운영 부사장인 [이름3]에게 보고할 것입니다.
그는 [기업명]의 전무 이사 겸 최고 회계 책임자인 [이름4]와 회계 문제 및 수익 보고에 대해 협력할 것입니다.
새로운 직책에서 [이름5]에게 보고할 사람은 글로벌 금융 상품의 사업 관리자인 [이름6], 날씨의 사업 관리자인 [이름7], 글로벌 상품 및 석탄의 사업 관리자인 [이름8]입니다.
또한 [이름9]가 [이름4]의 경영 팀에 회계 이사로 합류했습니다.
[이름4]와 그의 팀은 [부서명] 내 모든 사업의 모든 회계, 위험 보고 및 거래 운영을 담당합니다.

감사합니다.
[발신자]"
"I have been able to move up the meeting with Mark Frevert regarding  responsibility for operations for ENA, EGM and EEL to Thursday, August 17  instead of August 28.
I will keep you posted.
I met with Brent's direct reports yesterday afternoon and announced Brent's  new role.
I will have three persons leading the natural gas team:  Steve  Jackson, Leslie Reeves and Bob Hall.
I am confident that this will work  well.
",Meeting with Frevert on Wholesale Operations,"[수신자]님,

저는 ENA, EGM 및 EEL 운영에 대한 책임에 관한 [이름]와의 회의를 [날짜1]이 아닌 [날짜2] 목요일로 앞당길 수 있었습니다.
계속해서 알려드리겠습니다.

저는 어제 오후 [이름1]의 직속 보고자들과 만나 [이름1]의 새로운 역할을 발표했습니다.
저는 천연가스 팀을 이끌 세 사람을 둘 것입니다: [이름2], [이름3], [이름4]
저는 이것이 잘 될 것이라고 확신합니다.

감사합니다.
[발신자]"
"FYI:  Rick agreed with the attached note that I sent him.
By voice mail, I  suggested Ted Murphy as a substitute for Rick Buy for the meeting.
We are  set for next Thursday, August 17 at 11:45 in Rick Causey's office over  lunch.
I am meeting with Ted this afternoon to fill him in on the purpose of  the meeting and to be certain that I have his support.
Rick Causey suggested  citing some of the items in my memo to him when we get with Frevert.
Any  words of wisdom or suggestions for the meeting?
Hope that everything is fun and relaxing in Maine.
--Sally
",Meeting with Mark Frevert - Should We Move It Up?,"[수신자]님,

FYI: [이름]은 내가 보낸 첨부된 메모에 동의했습니다.
음성 메일로 [이름] 대신 [이름1]를 회의에 참석시킬 것을 제안했습니다.
다음 [요일] [날짜1] [시간1]에 [이름]의 사무실에서 점심을 먹으러 가기로 했습니다.
오늘 오후 [이름1]와 만나 회의의 목적을 설명하고 그의 지지를 확실히 받을 수 있도록 하겠습니다.

[이름]는 [이름2]와 만날 때 내가 그에게 보낸 메모의 몇 가지 항목을 인용하자고 제안했습니다.
회의에 대한 지혜로운 말이나 제안이 있나요?

[지역명]에서 모든 것이 즐겁고 편안하기를 바랍니다.

감사합니다.
[발신자]"
"The employee for whom access if requested is not an employee of Energy  Operations.
I would assume that with his supervisor listed as Ed Baughman,  that he is in a commercial origination group.
Someone else should be  reviewing and approving this.
",Your approval is requested,"[수신자]님,

요청 시 접근 권한을 부여받는 직원은 에너지 운영의 직원이 아닙니다.
그의 상사가 [이름]으로 나열되어 있으므로 그는 상업적 기원 그룹에 속한다고 가정합니다.
따라서 다른 사람이 이를 검토하고 승인해야 합니다.

감사합니다.
[발신자]
"
"Not surprisingly, the organization is moving faster than Rick Buy's vacation  schedule.
Our meeting is set with Mark Frevert, Rick Buy, you and me on  August 28 -- two weeks from next Monday, dictated by Rick Buy's schedule.
I
",Meeting with Mark Frevert - Should We Move It Up?,"[수신자]님,

당연히 조직은 [이름]의 휴가 일정보다 더 빨리 움직이고 있습니다.
우리 회의는 [날짜]에 [이름1], [이름], 당신과 저로 정해졌습니다. 다음 [요일]으로부터 2주 후이며 [이름]의 일정에 따라 결정됩니다.

감사합니다.
[발신자]"
"I don't know Mog Hue.
Please return this request to the person who  originated it so that the Manager section can be completed.
By including the  manager's name, that will help me to identify who this person is, what job  they perform and whether or not the request makes sense.
I have over 400  people in my group, so without more detail on these requests it is not worth  taking my time to approve these.
--Sally
",Your approval is requested,"[수신자]님,

저는 [이름]를 모릅니다.
이 요청을 처음 만든 사람에게 반환하여 관리자 섹션을 완료할 수 있도록 해주세요.
관리자 이름을 포함하면 이 사람이 누구인지, 어떤 일을 하는지, 요청이 타당한지 여부를 식별하는 데 도움이 됩니다.
저는 그룹에 400명이 넘는 사람이 있으므로 이러한 요청에 대한 자세한 내용이 없으면 이를 승인하는 데 시간을 할애할 가치가 없습니다.

감사합니다.
[발신자]
"
"To all Energy Operations employees:  ENA has experienced extraordinary growth thus far in 2000.
I am especially  proud of the accomplishments of Energy Operations in supporting this growth.
I wanted to express my appreciation for all the hard work and dedication that  you have demonstrated.
We have done great work and I want to recognize you  for that.
Although we have done much, we have additional goals to accomplish within ENA  and Energy Operations this year.
Therefore, as we go forward, I want to make  sure that you have all the necessary tools to do the best possible job, and  that any barriers that may impede your work are removed.
To help in this effort, I have asked a consulting organization -- S.J.
Bashen
",Note from Sally,"[수신자]님,

저는 [이름]를 모릅니다.
이 요청을 처음 만든 사람에게 반환하여 관리자 섹션을 완료할 수 있도록 해주세요.
관리자 이름을 포함하면 이 사람이 누구인지, 어떤 일을 하는지, 요청이 타당한지 여부를 식별하는 데 도움이 됩니다.
저는 그룹에 400명이 넘는 사람이 있으므로 이러한 요청에 대한 자세한 내용이 없으면 이를 승인하는 데 시간을 할애할 가치가 없습니다.

감사합니다.
[발신자]"
"To my surprise, I was chosen today to sit on a jury to hear a felony charge.
The judge believes that we can conclude the trial by end of the day on  Wednesday or perhaps on Thursday.
I will be back here working after trial  hours in the office and checking voice mail messages during breaks in the  proceedings.
I will be back full time as soon as my civic duty is  fulfilled!
Enron is well presented in the court system over the next few days.
I sat by  Mark Koenig in the jury assembly room today, and he too was chosen to serve  on another jury.
",Jury Duty Continues,"[수신자]님,

놀랍게도, 저는 오늘 중범죄 혐의를 심리하기 위해 배심원으로 선정되었습니다.
판사는 [요일1] 하루 종일 또는 아마도 [요일2]까지 재판을 마무리할 수 있을 것으로 생각합니다.
저는 재판 시간 이후에 사무실로 돌아와서 일하고, 재판이 진행되는 동안 휴식 시간에 음성 메일 메시지를 확인할 것입니다.
저는 시민으로서의 의무를 다하는 즉시 정규직으로 복귀할 것입니다!

[기업명]은 앞으로 며칠 동안 법원 시스템에서 좋은 모습을 보일 것입니다.
저는 오늘 배심원 회의장에서 [이름] 옆에 앉았고, 그도 다른 배심원으로 선정되었습니다.

감사합니다.
[발신자]"
"FYI - I will be out of the office for the two meetings on Wednesday this  week.
I will be working in Chicago Monday and Tuesday next week.
I will be  back in the office on Wednesday of next week.
Todd tells me that a logo has been selected.
Can you e:mail that to me?
If  not available electronically, I will see it when I am back in the office next  Wednesday.
If no one has stepped in to a look at hours spent on the confirmation process  and opportunities that may be presented there, I will do that when I am back  in the office next week.
My first move will be to sit down with Jeff  Sorenson who leads the confirmation group to put some meat around the hours  that James Scribner sent you.
When we look at numbers of confirmations and  compare several months of data we will be better able to identify which  activities were stressed by increased business and which activities seemed   to absorb increased business more easily.
I also think that Jeff will be the  best source of information about ideas on streamlining, opportunities to  simply life at Enron and perhaps create value externally.
All of the  advances made over the last several years (auto-confirm, the DECAF system,  auto-faxing, digitized signatures, document scanning, etc. )
in our confirm  group have been ideas generated by the business group and led by them for  implementation.
No doubt, Jeff has some good ideas on where to go next.
","Key Contacts - Out of Office - July 26-28, July 31 and August 1","[수신자]님,

이번 주 [요일]에 열리는 두 회의 때문에 사무실에 없을 겁니다.
다음 주 [요일1]과 [요일2]에는 [지역명]에서 일할 예정입니다.
다음 주 [요일3]에 사무실로 돌아올 예정입니다.

[이름]가 로고가 선택되었다고 했습니다. 이메일로 보내주시겠어요?
전자적으로 볼 수 없다면 다음 주 [요일3]에 사무실로 돌아오면 볼 수 있을 겁니다.
확인 프로세스에 소요된 시간과 그곳에서 제시될 수 있는 기회를 살펴보는 사람이 아무도 없다면 다음 주에 사무실로 돌아오면 그렇게 할 겁니다.

첫 번째 움직임은 확인 그룹을 이끄는 [이름1]과 함께 앉아 [이름2]가 보낸 시간을 좀 더 구체적으로 설명하는 것입니다.
확인 건수를 살펴보고 몇 달치의 데이터를 비교하면 어떤 활동이 사업 증가로 인해 스트레스를 받았는지, 어떤 활동이 사업 증가를 더 쉽게 흡수했는지 더 잘 파악할 수 있을 것입니다.

또한 [이름1]가 [기업명]에서의 생활을 간소화하고 외부적으로 가치를 창출할 수 있는 기회에 대한 아이디어에 대한 가장 좋은 정보 출처가 될 것이라고 생각합니다.
지난 몇 년 동안 이루어진 모든 발전(자동 확인, [시스템명], 자동 팩스, 디지털 서명, 문서 스캐닝 등)은
우리 확인 그룹에서 비즈니스 그룹이 생성하고 구현을 위해 주도한 아이디어였습니다.
의심할 여지 없이 [이름1]는 다음에 어디로 가야 할지에 대한 좋은 아이디어를 가지고 있습니다.

감사합니다.
[발신자]"
"Please join Sally Beck, Rick Causey, David Haug and all the UT Summer Interns  for lunch this Friday, July 21 at 11:30 AM.
Location will be EB 50M Dining  Room.
Please RSVP to me by email or phone.
We look forward to seeing you!
Thanks,
",Lunch for UT Summer Analysts and Associates,"[수신자]님,

이번 [요일] [날짜] 오전 [시간]에 [이름], [이름1], [이름2] 및 모든 [부서]와 함께 점심 식사를 하세요.
장소는 [장소]입니다.
이메일이나 전화로 회답을 보내주세요.

여러분을 뵙기를 기대합니다!
감사합니다.
[발신자]"
"Today's ENA PRC was a pre-ranking session for VP's.
All VP's will be  reviewed at an Enron-wide PRC scheduled for early August.
Representatives at  that Enron PRC from ENA will be Janet Dietriech, Dave Delainey, John Lavorato  and Greg Piper.
They will use information from today's ENA PRC meeting in  representing you at the Enron-wide VP PRC.
I have provided copies of your  accomplishments and consolidated supervisor feedback forms to Dave Delainey  for reference during that process.
Your reviews will be given after the Enron-wide VP PRC, and will not be  completed before the end of July.
I will schedule an August date with you  for your review as soon as I know the exact date of the final PRC meeting.
Separately, you both should sign up for the Executive Influence and Impact  course that is required of VP's.
I thought that the course was very good.
All VP's are strongly encouraged to complete this course.
It is a 2 or 3 day  course that is offered every month or two here in Houston.
I would contact  Dick Amiable to inquire on how to sign up for this.
",Update on PRC Process for VP's,"[수신자]님,

오늘의 [직접 입력]는 부사장을 위한 사전 순위 결정 세션이었습니다.
모든 부사장은 [날짜1]에 예정된 [기업명] 전체 PRC에서 평가를 받게 됩니다.
ENA의 [기업명] PRC 대표는 [이름], [이름1], [이름2], [이름3]입니다.
그들은 오늘의 [직접 입력] 회의에서 얻은 정보를 사용하여 [기업명] 전체 VP PRC에서 여러분을 대표할 것입니다.

저는 여러분의 업적 사본과 통합된 감독자 피드백 양식을 [이름4]에게 제공하여 그 과정에서 참고할 수 있도록 했습니다.
여러분의 평가는 [기업명] 전체 VP PRC 이후에 제공되며 [날짜2]까지 완료되지 않습니다.
최종 PRC 회의의 정확한 날짜를 알게 되는 대로 [월]에 평가를 위한 일정을 정하겠습니다.

별도로 두 분 모두 부사장에게 필요한 임원 영향력 및 영향 과정에 등록해야 합니다.
저는 과정이 매우 좋다고 생각했습니다.
모든 부사장은 이 과정을 이수하는 것이 강력히 권장됩니다.
[지역명]에서 한 달 또는 두 달마다 제공되는 2~3일 코스입니다.
등록 방법은 [이름5]에게 문의하세요.

감사합니다.
[발신자]"
"I will be hosting a cookout at my home for OU summer interns, recently hired  OU grads and the OU recruiting team on Sunday, July 30th in the late  afternoon.
More details will follow soon, but I wanted to let you know the  date so that you can hold this on your calendar.
I will look forward to hopefully seeing all of you there.
And my husband  will be glad to be surrounded by many fellow Sooners!
",Save the Date - Cookout for OU Summer Interns and OU Grads,"[수신자]님,

[날짜1] 일요일 늦은 오후에 OU 여름 인턴, 최근 채용된 OU 졸업생, OU 채용팀을 위해 집에서 쿠킹아웃을 열 예정입니다.
자세한 내용은 곧 알려드리겠지만, 일정에 넣어두실 수 있도록 날짜를 알려드리고 싶었습니다.
여러분 모두 뵙기를 바랍니다.
그리고 제 남편도 많은 동료들과 함께하게 되어 기쁠 겁니다!

감사합니다.
[발신자]"
"Please join us for an informal lunch on Friday, July 21st in the dining room  in EB50M.
Rick Causey, Enron's executive lead for the Analyst Program, and  David Haug, Enron's executive lead for the Associates Program, have been  invited to join us as well.
We are interested in renewing acquaintances with  those of you whom we met on campus and in getting to know those of you whom  we did not see in the interview process.
We hope that you are enjoying your  summer assignments at Enron and we look forward to the opportunity to visit  over lunch.
Please let me know by return e:mail if you will be able to attend the lunch.
",Lunch for UT Summer Analysts and Associates,"[수신자]님,

[날짜] [요일] [시간]에 [장소] 식당에서 비공식적인 점심 식사에 참여해 주세요.
[기업명]의 [프로젝트] 담당 임원인 [이름]와 [기업명]의 [프로제그1] 담당 임원인 [이름1]도 초대되었습니다.

캠퍼스에서 만난 분들과 다시 친분을 쌓고, 면접 과정에서 만나지 못한 분들을 알아가는 데 관심이 있습니다.
[기업명]에서 여름 과제를 즐기고 계시기를 바라며, 점심 식사를 함께할 기회를 기대합니다.

점심 식사에 참석하실 수 있는지 회신 이메일로 알려주세요.

감사합니다.
[발신자]"
"I heard from Andrew regarding the status of a business continuity plan.
Attached is a short presentation that he sent me that I thought you would  like to see.
Any interest in meeting with Andrew to get more detail?
I plan  to get with him.
Let me know and I will be glad to set something up.
",Disaster Recovery/Business Continuity Planning,"[수신자]님,

[이름]로부터 사업 연속성 계획의 상태에 대한 소식을 들었습니다.
그가 보내준 짧은 프레젠테이션을 첨부했는데, 보고 싶으실 것 같습니다.

[이름]와 만나서 더 자세한 내용을 알아보는 데 관심이 있으신가요?
저는 그와 만날 계획입니다.
저에게 알려주시면 기꺼이 무언가를 준비해 드리겠습니다.

감사합니다.
[발신자]"
"Just wanted to let you know where we will be over the next week.
I am still  at the office hoping to get away before dinner so that I can head home and  pack.
I will call when we are back in Houston on Sunday, July 16.
Mom and Dad,  hope that you have fun if you are going on your trip!
Love, Sally   Saturday, July 8, 2000
",Travel Itinerary,"[수신자]님,

다음 주에 어디에 있을지 알려드리고 싶었어요.
저는 아직 사무실에 있는데 저녁 전에 출발해서 집으로 가서 짐을 싸려고 합니다.
[날짜]에 [지역명]에 돌아오면 전화드릴게요.

[이름1]와 [이름2], 여행을 가신다면 즐거운 시간 보내시길 바랍니다!
사랑해요,
[발신자]
[날짜3]
"
"Just a reminder about my being on vacation next week.
I also wanted to let  you know that I gave your names as contacts while I am out!
--Sally
",Vacation Scheduled - Contact List,"[수신자]님,

다음 주에 휴가를 간다는 것을 상기시켜드립니다.
또한, 제가 휴가를 가는 동안 여러분의 이름을 연락처로 제공했다는 것을 알려드리고 싶었습니다!

감사합니다.
[발신자]"
"As mentioned, I will be out on vacation next week.
This contact list should  be helpful if you need anything while I am out.
--Sally
",Vacation Scheduled - Contact List,"[수신자]님,

언급했듯이, 저는 다음 주에 휴가를 갈 겁니다.
이 연락처 목록은 제가 없는 동안 무언가 필요하면 도움이 될 겁니다.

감사합니다.
[발신자]
"
"Attached are my accomplishments for the first half of 2000.
I will also ask  my assistant to deliver a hard copy to you on Wednesday, July 5.
Let me know if you have any questions or need more information.
Thanks.
",Accomplishments - First Half of 2000,"[수신자]님,

[년도]년 상반기의 제 업적을 첨부합니다.
또한 제 조수에게 [날짜] [요일]에 인쇄본을 전달해 달라고 부탁하겠습니다.
궁금한 사항이 있거나 추가 정보가 필요하면 알려주세요.

감사합니다.
[발신자]
"
"Attached is Bob Superty's summary of the impact on the late noms today.
We  do not anticipate any pipeline penalties.
On those pipes where the nom type  is ""Intraday"", there may be some pipeline imbalance created for us to work  through.
The logistics staff will have a lot of work to do on Thursday  morning to contact customers asking them to renom on the pipes where our noms  were late.
Overall, these pipelines worked well with us today.
Let me know if you have any questions.
--Sally
",System outage nomination impact,"[수신자]님,

오늘 늦은 지명에 대한 영향에 대한 [이름]의 요약이 첨부되어 있습니다.
우리는 파이프라인 페널티를 예상하지 않습니다.
명명 유형이 ""당일""인 파이프의 경우, 우리가 해결해야 할 파이프라인 불균형이 발생할 수 있습니다.
물류 직원은 [요일] 아침에 고객에게 연락하여 지명이 늦은 파이프에 대한 재명명을 요청해야 할 일이 많습니다.
전반적으로, 이 파이프라인은 오늘 우리에게 잘 맞았습니다.

궁금한 사항이 있으면 알려주세요.
[발신자]"
"There are five summer interns and six recent full-time hires from OU that I  will invite to the cookout at my house on Sunday, July 30th.
I asked Jody's  opinion on whether or not they would like to bring along a guest, and his  answer was yes.
So I will invite all to bring a spouse/guest.
I thought that I would also include Lexi Elliott, the recruiter from the  Analyst Program that will be covering OU.
Have you decided on the make-up of  the recruiting team at OU in the fall?
If so, this might be a good event in  which to include them as well.
I left you a voice mail message about James  Scribner as a potential good member of the team.
Let me know your thoughts  and I can include anyone else that you would like.
I plan to get invitations out to everyone by July 7.
",July 30th Cookout for OU Interns and Full-time Hires,"[수신자]님,

[날짜] [요일]에 제 집에서 열리는 야외 파티에 [조직명]에서 온 여름 인턴 5명과 최근 정규직으로 채용된 6명을 초대할 예정입니다.
저는 [이름]에게 게스트를 데려올 것인지에 대한 의견을 물었고, 그의 대답은 '예'였습니다.
그래서 저는 모든 사람에게 배우자/게스트를 데려오도록 초대할 것입니다.

저는 [부서명]의 채용 담당자 [이름1]도 포함시키고 싶었습니다.
가을에 [조직명]의 채용팀 구성을 결정하셨나요?
그렇다면, 이 행사에 그들을 포함시키는 것이 좋을 것입니다.

저는 [이름2]가 팀의 잠재적인 좋은 멤버라고 음성 메시지를 남겼습니다.
저에게 여러분의 생각을 알려주세요. 여러분이 원하시는 다른 사람을 포함시킬 수 있습니다.

저는 [날짜2]까지 모든 사람에게 초대장을 보낼 계획입니다.

감사합니다.
[발신자]
"
"Since receiving your e:mail message last Monday on your needs in power, I  have spent three (!!!)
full days in PRC meetings since then.
I have shared  your needs with both Todd Hall and Kristin Albrecht (my power business  controller here in Houston) and have gotten their thoughts on how we could be  of help.
Sorry that I keep missing your calls.
I will be meeting with  Fernley, but I will also try to reach you by phone tomorrow.
",Resources for Power,"[수신자]님,

지난 [요일]에 귀하의 전력에 대한 필요성에 대한 이메일 메시지를 받은 이후로, 저는 그 이후로 [일수]일 동안 [프로젝트] 회의에 참석했습니다.
저는 귀하의 필요성을 [이름]과 [이름1]([지역명]에 있는 저의 전력 사업 관리자)에게 전달했고, 저희가 어떻게 도울 수 있을지에 대한 그들의 생각을 들었습니다.

저는 계속 귀하의 전화를 놓치게 되어 죄송합니다.
저는 [이름2]와 회의할 예정이지만, [내일/요일]은 전화로 귀하에게 연락하려고 노력할 것입니다.

감사합니다.
[발신자]
"
"It is too late in the day in London for me to catch you by phone today.
I  will call you tomorrow and would like to throw out an idea regarding an  on-going resource for operations in London.
If you are comfortable with my  idea, then I can discuss it in person with Fernley while he is here this  week.
We have time on the calendar plus dinner this week.
",London Resources,"[수신자]님,

오늘 [지역명]에서는 너무 늦어서 전화로 연락드릴 수 없습니다.
내일 전화해서 [지역명]에서 운영을 위한 지속적인 리소스에 대한 아이디어를 말씀드리고 싶습니다.

제 아이디어에 동의하신다면, 이번 주에 [이름]가 여기 있는 동안 [이름]와 직접 상의할 수 있습니다.
이번 주에는 일정에 시간도 있고 저녁 식사도 있습니다.

감사합니다.
[발신자]"
"Bruce,  Just a reminder, this Wednesday (Dec 13) is the Associate PRC meeting in  which Sally will be representing Cheryl Ingstad.
She really needs your input  in order to properly represent Cheryl.
Please email information to her ASAP  or call Sally with information Tuesday between 9:00 - 9:30 AM (3:00 - 3:30 PM  London time).
Thanks for your assistance,
",Info on Cheryl Ingstad,"[수신자]님,

상기시켜드리자면, 이번 요일은 [이름]가 [이름1]을 대신해 PRC 준회원 회의를 하는 날입니다.
그녀는 [이름1]을 제대로 대신하기 위해 여러분의 의견이 정말 필요합니다.

최대한 빨리 그녀에게 이메일로 정보를 보내거나, [요일2] 오전 [시간1][시간2]([지역명1] 시간 [시간3][시간4]) 사이에 [이름]에게 전화해 정보를 알려주세요.

도움을 주셔서 감사합니다.
[발신자]"
"I had to report for jury duty today (along with 500 others from Harris   County), and to my surprise I was selected to be a juror in a felony case.
The case will continue on Wednesday, so our scheduled time for a conference  call may not work.
I will try to reach you from my car while I am on my way  in for jury duty - probably around 8:30 or 9:00 Houston time.
",Conference Call on Wednesday morning,"[수신자]님,

저는 오늘 배심원 의무를 위해 보고해야 했습니다([기업명]의 다른 [숫자]명과 함께).
그리고 놀랍게도 저는 중범죄 사건의 배심원으로 선정되었습니다.
이 사건은 [요일]에 계속 진행되므로 컨퍼런스 콜에 대한 예약된 시간이 맞지 않을 수 있습니다.

저는 배심원 의무를 위해 가는 길에 차에서 연락을 드리도록 하겠습니다. 아마 [지역명] 시간으로 오전 [시간1]이나 [시간2]경일 겁니다.

감사합니다.
[발신자]"
"I would like to invite you as University of Oklahoma summer interns to join  me for lunch on Friday, June 30.
I have made reservations for 11:45 am at  Nino's on West Dallas.
I hope that you will be able to attend and can meet  me in the Enron lobby at 11:30.
We will provide transporation to and from  lunch.
Please call me at x35926 as soon as possible to let me know if you  can attend.
Mike McConnell, Vice Chairman and Chief Operating Officer of Enron NetWorks,  will join us for lunch.
Many of you may have met Mike, a fellow OU grad.
He  will serve as the Executive Lead for our continuing recruiting efforts at  OU.
Two other Enron employees will join us for lunch.
James Scribner, a Senior  Director in ENA Energy Operations, recently joined Enron after seven plus  years with a Fortune 500 company in Edmond, Oklahoma.
James will be helping  us with our OU recruiting efforts.
Lexi Elliott, a new recruiter with  Enron's Associates and Analysts Program, will be coordinating Enron's  recruiting efforts in the future at OU.
","Lunch Invitation - Friday, June 30","[수신자]님,

[날짜] [요일]에 [조직명] 여름 인턴 여러분을 저와 함께 점심 식사에 초대하고자 합니다.
저는 [지역명]에 있는 [장소]에서 오전 [시간1]에 예약을 했습니다.
여러분이 참석하실 수 있기를 바라며 [시간2]에 회사 로비에서 저를 만나러 오시기 바랍니다.
저희는 점심 식사 장소까지 왕복 교통편을 제공하겠습니다.

가능한 한 빨리 [전화번호]으로 전화하여 참석 가능 여부를 알려주시기 바랍니다.

[기업명]의 부회장 겸 최고운영책임자인 [이름]이 점심 식사에 참석합니다.
여러분 중 많은 분이 [지역명] 동문인 [이름1]를 만났을 것입니다.
그는 [지역명]에서 계속되는 채용 활동을 위한 임원 책임자로 일할 것입니다.

다른 두 명의 [기업명] 직원이 점심 식사에 참석합니다.
[기업명]의 상무 이사인 [이름2]는 [지역명]의 [기업명]에서 7년 이상 근무한 후 최근 [기업명]에 입사했습니다.
[이름2]는 [프로젝트명] 채용 노력을 도울 것입니다.

[기업명]의 [프로젝트명]의 새로운 채용 담당자인 [이름3]은 앞으로 [기업명]의 채용 노력을 조정할 것입니다.

감사합니다.
[발신자]"
"Looks as if this date will work for Mike McConnell and his wife, too.
I  thought that I might also invite Ted Jacobs if he plans to be in  Houston  that weekend.
Do you have an e:mail address for him?
Thanks.
",Further Follow Up,"[수신자]님,

이 날짜가 [이름]과 [이름1]에게도 적합할 듯합니다.
[이름1]가 그 주말에 [지역명]에 올 계획이라면 그를 초대할 수도 있을 것 같습니다.
그의 이메일 주소가 있나요?

고맙습니다.
[발신자]
"
"I have heard through the grapevine that you produce a weekly status report on  the MG aquisition and assimilation.
Would you please include me on that  distribution list effective this week?
I believe that it is assumed that  Fernley Dyson will have day-to-day responsibility for this business once the  aquisition is completed.
However, in my role over Global Risk Management  Operations, I find myself fielding questions regarding our assessment of  operations and any issues surrounding assimilation.
Brent Price, who reports  to me and is on temporary assignment in the London office, has been keeping  me updated on progress to date.
His return soon to Houston, however, will  create a potential information gap that the weekly status report may help to  fill.
Thanks in advance to your attention to this.
",Weekly Update on MG Aquisition and Assimilation,"[수신자]님,

저는 소문을 통해 [프로젝트명] 인수 및 동화에 대한 주간 상태 보고서를 작성한다는 소식을 들었습니다.
이번 주부터 배포 목록에 저를 포함시켜 주시겠습니까?

인수가 완료되면 [이름]이 이 사업에 대한 일상적인 책임을 맡을 것으로 추정합니다.
하지만 [기업명]에서 제 역할은 운영 평가와 동화와 관련된 모든 문제에 대한 질문을 받는 것입니다.
저에게 보고하고 [지역명] 사무실에서 임시로 근무하는 [이름1]가 지금까지의 진행 상황을 계속 알려주고 있습니다.
하지만 그가 곧 [지역명]으로 돌아오면 주간 상태 보고서가 메우는 데 도움이 될 수 있는 잠재적인 정보 격차가 생길 것입니다.

이 점에 대해 미리 감사드립니다.

감사합니다.
[발신자]
"
"Our mid year PRC meeting will be held Monday, June 19, at the Doubletree's  Grainger ""B"" room.
Please plan to be there to start the meeting at 8:00 AM,  with a continental breakfast available starting at 7:30.
We will take the  time necessary to do a good job, but will also try to be time efficient.
Patti has lunch and snacks ordered, so I would hope to be finished sometime  in the afternoon.
I am broadening the Energy Operations PRC committee beyond my direct reports  to also include all directors in the organization.
I look forward to everyone's participation and will be sending out more  information later.
Included below are the attendees for the meeting.
PRC Attendees Energy Operations	HR 	Outside  Kristin Albrecht	Sheila Walton	Wes Colwell - Business Analysis & Reporting Scott Earnest	Norma Villarreal	David Oxley - Human Resources Sheila Glover	Hector McLoughlin	Jim Bouillion - Global Risk Markets (Insurance) Todd Hall	Toni Graham	Brad Blesie - Global Risk Markets (Origination) Susan Harrison	Janet De La Paz (to run computer)	 Peggy Hedstrom		 Brenda Herod		 Steve Jackson		 Scott Mills		 Mike Moscoso		 Eugenio Perez		 Brent Price		 Leslie Reeves		 Stephen Schwarz		 James Scribner		 Mary Solmonson		 Bob Superty		 Sheri Thomas		 Steve Venturatos
",Mid Year Energy Operations PRC Meeting,"[수신자]님,

저희 연중 [프로젝트] 회의는 [날짜] [요일] [시간]에 [장소] [회의실] 룸에서 열립니다.
오전 [시간1]에 회의를 시작하고, 오전 [시간2]부터 유럽식 조식을 제공하니 참석해 주시기 바랍니다.
저희는 좋은 일을 하기 위해 필요한 시간을 갖지만, 시간 효율성도 유지하려고 노력할 것입니다.
[이름]가 점심과 간식을 주문했으므로 오후 어느 때쯤이면 마칠 수 있기를 바랍니다.

저는 직속 보고자 외에 조직의 모든 이사를 포함하도록 [부서명] PRC 위원회를 확대하고 있습니다.
저는 모든 분들의 참여를 기대하며, 나중에 더 많은 정보를 보내드리겠습니다.

아래는 회의 참석자입니다.
PRC 참석자: [부서명1] [이름], [이름1], [이름2]
사업 분석 및 보고: [이름3], [이름4], [이름5]
인사: [이름6], [이름7], [이름8]
글로벌 리스크 마켓(보험): [이름7], [이름8]
Global Risk Markets (Origination): [이름9], [이름10], [이름11]
De La Paz (컴퓨터를 실행): [이름12], [이름13], [이름14], [이름15], [이름16], [이름17]

감사합니다.
[발신자]"
"I apologize for the late notice, but Sally has just been notified that a  cross-functional PRC meeting w/ Rick Causey has been set for this Friday,  December 1.
She will need a compilation of your accomplishments by  Thursday.
If you have directors reporting to you, please request that they  also have data in to Sally by Thursday.
Thanks for your help,
",Accomplishments for 2000,"[수신자]님,

늦은 통보에 대해 사과드립니다.
[이름]에게 이번 [요일]인 [날짜]에 [이름1]와의 [프로젝트] 회의가 예정되었다는 통보가 왔습니다.
그녀는 [요일2]까지 귀하의 업적을 모아야 합니다.

귀하에게 보고하는 이사가 있다면 [요일2]까지 [이름]에게 데이터를 보내 달라고 요청해 주십시오.

도와주셔서 감사합니다.
[발신자]
"
"I interviewed Analyst/Associate candidates in the office on Saturday, as did  four other directors/senior directors from Energy Operations.
I completed  the evaluations of the four candidates that I interviewed and submitted  those, but was unable to stay for the decision meeting after lunch due to  commitments to attend a funeral.
I talked with Ted Bland this morning and he  suggested that I provide you with a list of candidates that could be a fit in  Energy Operations.
Analysts  Tara Piazze - potential fit in one of my risk management operations teams  Joseph Piotrowski - AA consulting background; would be a good fit for my  operations team focused on EOL (these are ENA employees) -- I need to add
",June 3 Candidates,"[수신자]님,

[요일]에 사무실에서 분석가/연관 후보자와 [부서명]의 다른 4명의 이사/수석 이사를 면접했습니다.
면접한 4명의 후보자에 대한 평가를 완료하여 제출했지만, 장례식에 참석해야 하기 때문에 점심 식사 후 결정 회의에 참석할 수 없었습니다.
오늘 아침 [이름]와 이야기를 나누었고, 그는 [부서명]에 적합할 수 있는 후보자 목록을 제공해 달라고 제안했습니다.

분석가:
[이름1] - 제 위험 관리 운영 팀 중 하나에 적합할 가능성이 있음
[이름2] - AA 컨설팅 배경; [부서명]에 집중하는 제 운영 팀에 적합할 것임 ([이름2]는 [조직명] 직원임)
-- 추가해야 할 사항

감사합니다.
[발신자]"
"I got the memo from Naomi that you sent.
First, who is Doug Imrie?
Does he  have a strong background in trading operations?
Will he be  able to  coordinate effective reviews from a controls perspective, and will he be able  to be the front-runner on how MG runs its business so that we will get a jump  start on how best to assimilate the business?
I think that this effort  should be much broader than deal testing.
It should encompass assessing  people, processes, controls, systems support, etc.
To do this quickly and  effectively will require persons who are knowledgeable about daily trading  operations.
I don't know Naomi's background, but I wonder if she will be  the right person to lead one of these efforts since she does not work in  operations on a daily basis.
Patrick Conner left me a message today to be certain that we are plugged in  with an appropriate team from ENA to review the Chicago and New York  offices.
From the sound of Naomi's memo, it looks as if Andy Cornfield is  assume to have the US responsibility.
Again, I don't know Andy.
Should we circle the wagons and develop a plan for doorstep reviews that  includes some others in the process, particularly those that have been  involved in some doorstep reviews to date and those that have daily  operational experience?
I have also mentioned Shona as a good resource as  well.
",Merlin Doorstep Reviews,"[수신자]님,

[이름]가 보낸 메모를 받았어요.
먼저, [이름1]는 누구인가요?
그는 거래 운영에 대한 강력한 배경을 가지고 있나요?
그는 통제 관점에서 효과적인 검토를 조정할 수 있을까요? 그리고 [프로젝트명]가 사업을 운영하는 방식에 대한 선두 주자가 되어 우리가 사업을 가장 잘 동화시키는 방법을 미리 알아낼 수 있을까요?

저는 이러한 노력이 거래 테스트보다 훨씬 광범위해야 한다고 생각합니다.
사람, 프로세스, 통제, 시스템 지원 등을 평가하는 것을 포함해야 합니다.
이를 빠르고 효과적으로 수행하려면 일상적인 거래 운영에 대한 지식이 있는 사람이 필요합니다.
저는 [이름]의 배경을 모르지만, 그녀가 매일 운영을 하지 않기 때문에 이러한 노력 중 하나를 이끌 적임자일지 궁금합니다.

[이름2]가 오늘 저에게 메시지를 남겼는데, [지역명]과 [지역명] 사무실을 검토하기 위해 ENA의 적절한 팀과 연결되도록 했습니다.
[이름]의 메모를 들어보면 [이름1]가 [지역명]을 맡을 것으로 추정됩니다.
다시 말하지만, 저는 [이름1]를 모릅니다.

우리는 수레를 돌고 그 과정에 다른 사람들, 특히 지금까지 일부 [프로젝트명] 리뷰에 참여했던 사람들과 일상적인 운영 경험이 있는 사람들을 포함하는 [프로젝트명] 리뷰 계획을 개발해야 할까요?
저는 [이름3]도 좋은 리소스라고 언급했습니다.

감사합니다.
[발신자]"
"Scott Earnest announced in the staff meeting today that in a meeting he had  earlier today with Jeff Shankman and Vince Kaminiski that Jeff announced that  he had gotten the nod from Mark Frevert to manage the LNG book of business.
(This sentence structure is bad, but you get the drift.)
That is probably  what Shankman has alluded to in terms of increased responsibility.
I will  assume that is in addition to gas, but I don't know that for sure.
Scott has been working on setting up the risk books for LNG, working closely  over the last several weeks with Vince Kaminski.
We need to talk about this  business and the best way to support it.
Have you had any conversations with  Jeff on this?
",LNG,"[수신자]님,

[이름]는 오늘 직원 회의에서 [이름1]과 [이름2]와 오늘 일찍 가진 회의에서 [이름3]가 [이름4]로부터 [부서명]을 관리하라는 승인을 받았다고 발표했다고 발표했습니다.
(이 문장 구조는 나쁘지만 요점은 알 수 있을 겁니다.)
이것이 [이름1]이 책임 증가 측면에서 암시한 내용일 것입니다.
저는 그것이 [부서명]에 추가된 것이라고 생각하지만, 확실히는 모르겠습니다.

[이름5]은 [부서명]에 대한 위험 관리 책정을 설정하기 위해 노력해 왔으며, 지난 몇 주 동안 [이름2]와 긴밀히 협력했습니다.
우리는 이 사업과 이를 지원하는 가장 좋은 방법에 대해 이야기해야 합니다.

이 문제에 대해 [이름3]와 대화를 나누었습니까?

감사합니다.
[발신자]"
"I didn't know that you were talking to Jennifer.
I had put her on the list  of attendees at last Thursday's meeting with Tom Gros.
He had asked about  someone being included that had been involved with Enron Online, I felt that  she might be perfect to be involved in Networks with her exposure to EOL.
I  don't know whether or not you realized that she was in the room for that  conference call.
What is she going to do for you in gas?
We may be  hardpressed to find another strong candidate for the Networks project who has  been as involved with EOL.
--Sally
",Aghh!,"[수신자]님,

[이름]와 통화한다는 걸 몰랐어요.
저는 지난 [요일] [이름1]와의 회의에 참석자 명단에 그녀를 포함시켰었어요.
그는 [기업명] 온라인에 관여했던 사람을 포함시키는 것에 대해 물었고, 저는 그녀가 [프로젝트명]에 대한 노출로 인해 네트워크에 관여하기에 완벽할 것이라고 생각했습니다.

그녀가 그 컨퍼런스 콜에 참석했다는 걸 당신이 알았는지 모르겠어요.
그녀는 [부서명]에서 당신을 위해 무엇을 할 건가요?
우리는 [프로젝트명]에 관여했던 다른 강력한 네트워크 프로젝트 후보를 찾는 데 어려움을 겪을 수도 있습니다.

감사합니다.
[발신자]
"
"I assume that granting access for someone for whom Lorraine Becker is the  supervisor should be approved by you.
I get hundreds of these, many for  employees outside Energy Operations.
Thanks.
--Sally
",Your approval is requested,"[수신자]님,

[이름]가 감독하는 사람에게 접근 권한을 부여하는 것은 귀하의 승인을 받아야 한다고 생각합니다.
저는 이런 요청을 수백 건 받았고, 그 중 많은 수가 [부서명]가 아닌 직원을 위한 것이었습니다.

고맙습니다.
[발신자]
"
"FYI - I believe that Shona will prove to be a great asset to Enron.
We are  following up on her leads for talent.
--Sally
",People to consider recruiting,"[본문]

[수신자]님,

저는 [이름]가 [기업명]에 큰 자산이 될 것이라고 믿습니다.
우리는 그녀의 인재에 대한 리드를 추적하고 있습니다.

감사합니다.
[발신자]"
"I will be out of the office for one vacation day on Monday, May 22.
My  assistant, Patti Thompson, has home and cell phone numbers where I can be  reached throughout the day, if needed.
Primary operations contacts while I am out are as follows:   DPR   Mike Moscoso   x35242   MPR   David Maxwell   x36983   Gas Operations  Susan Harrison   x33960   Power Operations Leslie Reeves   x37962    Financial Products  Sheila Glover   x33210
","Vacation Day - Monday, May 22","[수신자]님,

저는 [날짜] [요일]에 휴가로 하루 동안 사무실을 비울 것입니다.
제 비서인 [이름]은 집과 휴대전화 번호를 가지고 있어서 필요할 경우 하루 종일 연락할 수 있습니다.

제가 없는 동안 주요 운영 연락처는 다음과 같습니다:
DPR: [이름1] [전화번호1]
MPR: [이름2] [전화번호2]
가스 운영: [이름3] [전화번호3]
전력 운영: [이름4] [전화번호4]
금융 상품: [이름5] [전화번호5]

감사합니다.
[발신자]
"
"According to records from the Analysts Program, the following interns will be  working within Energy Operations during the summer.
The assignment stated  below is as reflected in the program's spreadsheet.
Name   School   Start Date Assignment  Luna Carlson  University of Florida  July 5  ENA - Risk Reporting and Analysis  Joshua Koenig  University of Florida  May 22  Energy Operations - Gas  Operations Management  Jolly Jose  University of Houston  June 5   Energy Operations - Gas  Operations Management  Michael Taylor  LSU    May 22  Central Desk Logistics   Daniel Graham  Morehouse   May 15  ENA - Financial Settlements  Angelique Woods University of Texas  May 22  ENA - Risk Management    First, please respond to me today and let me know to whom the analyst will be  reporting and what their responsibilities will be for the summer.
Hopefully  none of this is a surprise and the appropriate arrangements have been made  for desk, phone and computers for all.
Secondly, please make a point of seeking out these interns and welcoming them  to Enron.
Finally, after I know where these analysts are placed, we will have a brief  meeting with the analysts' managers and any of you under whom they will be  working to discuss ideas on making the analysts assignments meaningful this  summer.
I welcome ideas on this from any of you.
",Please Respond Promptly re: Summer Analysts,"[수신자]님,

분석가 프로그램의 기록에 따르면, 다음 인턴들은 여름 동안 [부서명]에서 일할 예정입니다.
아래에 명시된 과제는 프로그램 스프레드시트에 반영된 대로입니다.

이름 | 학교 | 시작 날짜 | 과제
[이름1] | [학교명] | [날짜] | [과제명]
[이름2] | [학교명] | [날짜] | [과제명]
[이름3] | [학교명] | [날짜] | [과제명]
[이름4] | [학교명] | [날짜] | [과제명]
[이름5] | [학교명] | [날짜] | [과제명]

먼저 오늘 저에게 답장을 보내주시고 분석가가 누구에게 보고할지, 여름에 어떤 책임을 맡을지 알려주시기 바랍니다.

둘째, 이 인턴들을 찾아서 [기업명]에 환영해 주시기 바랍니다.
마지막으로, 이 분석가들이 어디에 배치되는지 알게 된 후, 분석가 관리자와 그들이 함께 일하게 될 여러분과 간단한 회의를 갖고 이번 여름에 분석가의 업무를 의미 있게 만드는 방법에 대한 아이디어를 논의할 것입니다.

여러분 중 누구라도 이에 대한 아이디어를 환영합니다.

감사합니다.
[발신자]"
"Sally has changed the time of her Thursday morning meeting to 8:30 - 10:30 AM  (previously scheduled 8:00 - 10:00 AM).
Please let me know if you can't make  this new time.
Topic for meeting:  information from her ENA Executive  Offsite and also a brainstorming session.
Thanks,
",Sally's Thursday morning meeting moved to 8:30 - 10:30 AM,"[수신자]님,

[이름]는 [요일] 오전 회의 시간을 오전 [시간1]~[시간2]로 변경했습니다(이전에는 오전 [시간3~[시간4]로 예정되어 있었습니다).
이 새로운 시간에 참석할 수 없다면 알려주세요.

회의 주제: [프로젝트명]에서 얻은 정보와 브레인스토밍 세션.

감사합니다.
[발신자]"
"Congratulations on your added role of CEO for Enron Europe.
I look forward  to continuing to work with you and the staff in London on risk management  operations initiatives.
I talk with Brent Price several times a week.
I know that Fernley has  appreciated his participation in London, and I hope that you have found his  involvement to be beneficial as well.
We are almost at the half way mark on  his assignment, so I will talk with you next week when I return from Calgary  to get your input on his role to date.
",Added Role,"[수신자]님,

[기업명]의 CEO 역할을 추가하게 되어 축하드립니다.
저는 [지역명]에서 [프로젝트명] 이니셔티브에 관해 귀하와 직원들과 계속 협력할 수 있기를 기대합니다.
저는 [이름]와 일주일에 여러 번 통화합니다.
[이름1]가 [지역명]에서의 그의 참여를 감사히 여긴다는 것을 알고 있으며, 귀하도 그의 참여가 유익하다고 생각하시기를 바랍니다.

우리는 그의 임무의 절반에 거의 도달했으므로 [다음 주]에 [지역명]에서 돌아와서 지금까지의 그의 역할에 대한 귀하의 의견을 듣기 위해 귀하와 통화하겠습니다.

감사합니다.
[발신자]
"
"I have been summoned for jury duty onTuesday, November 28 at 8:00 am.
While  wanting to fulfill my civic duty, I am also hoping to be an unlikely juror  this time around so that I can be back in the office sometime on Tuesday.
I  will call in and let Patti know my status.
",Jury Duty - November 28,"[수신자]님,

저는 [날짜] [요일] 오전 [시간]에 배심원 임무를 위해 소환되었습니다.
시민으로서의 의무를 다하고 싶지만, 이번에는 예상치 못한 배심원이 되어 [요일] 어느 때쯤 사무실로 돌아갈 수 있기를 바랍니다.

전화해서 [이름]에게 제 상태를 알려드리겠습니다.

감사합니다.
[발신자]
"
"Congratulations on your new role as Chief Strategy Officer.
Your  leadership in ENA was appreciated and I will miss your active participation  in ENA's business.
However, I hope that we will have opportunities to work  together in the future.
--Sally
",New Role,"[수신자]님,

최고 전략 책임자로서의 새로운 역할을 축하합니다.
[기업명]에서의 당신의 리더십은 감사했고 [기업명] 사업에 대한 당신의 적극적인 참여가 그리울 것입니다.
하지만 앞으로 함께 일할 기회가 있기를 바랍니다.

감사합니다.
[발신자]
"
"I will be in the Calgary office from Wednesday afternoon, May 10 through noon  on Friday, May 12.
I can most easily be reached through Peggy Hedstrom,  whose phone via tie line is 820-6753.
My assistant, Patti Thompson, has a  copy of my itinerary and phone and fax numbers at my hotel, if needed.
Primary operations contacts in Houston while I am in Calgary are as follows:   DPR   Mike Moscoso   x35242   MPR   David Maxwell   x36983   Gas Operations  Susan Harrison   x33960   Power Operations Leslie Reeves   x37962    Financial Products  Sheila Glover   x33210
",Trip to Calgary Office - May 10-12,"[수신자]님,

저는 [날짜1] [요일] 오후부터 [날짜2] [요일] 정오까지 [지역명] 사무실에 있을 예정입니다.
저는 [이름]을 통해 가장 쉽게 연락할 수 있으며, 전화번호는 [전화번호]입니다.
제 비서인 [이름1]이 제 일정과 호텔 전화번호, 팩스 번호 사본을 가지고 있습니다(필요한 경우).

[지역명]에 있는 동안 [지역명]의 주요 운영 연락처는 다음과 같습니다:
DPR: [이름] [전화번호]
MPR: [이름1] [전화번호1]
가스 운영: [이름2] [전화번호2]
전력 운영: [이름3] [전화번호3]
금융 상품: [이름4] [전화번호4]

감사합니다.
[발신자]"
"Laura,  I am attaching resume of Mark Mixon that Sally left you a voicemail regarding  on Monday.
If you are going to be in town and would like to see Mark, please  let me know and I would be happy to make arrangements.
Thanks,
",Mark Mixon Resume,"[수신자]님,

[이름]가 [요일]에 음성 메일로 남긴 [이름1]의 이력서를 첨부합니다.
만약 당신이 [지역명]에 와서 [이름1]를 만나고 싶다면, 저에게 알려주세요. 제가 기꺼이 일정을 조정해 드리겠습니다.

고맙습니다.
[발신자]
"
"FYI - Let's talk.
I am already booked for Tuesday AM - could you attend and  would you want to?
Let's talk before getting back to Margaret.
--Sally
",MEETING ON GLOBAL INFO COMMUNICATION,"[수신자]님,

이야기해 봅시다.
저는 이미 [요일] 오전에 예약이 되어 있습니다. 참석하실 수 있나요? 참석하실 의향이 있으신가요?
[이름]에게 돌아가기 전에 이야기해 봅시다.

감사합니다.
[발신자]"
"I understand that Ashley Worthing has been hired by Enron to start work this  summer.
I think that she is graduating from Texas A&M.
She is my cousin's  daughter, so I am just curious whether or not she is coming in as an  analyst.
Please let me know if that is the case.
Thanks.
",New Analyst,"[수신자]님,

[이름]이 이번 여름에 [기업명]에서 일하기 위해 고용되었다는 것을 알고 있습니다.
그녀는 [학교명]을 졸업할 것 같습니다.
그녀는 제 사촌의 딸이므로 그녀가 분석가로 들어오는지 궁금합니다.
그렇다면 알려주세요.

고맙습니다.
[발신자]"
"Barry sent me a copy of the draft memo announcing his role within EBS.
Since  Scott Pleus is currently in that role and does have people reporting to him  in EBS that are in trading operations, I would suggest that the memo contain  a mention of the transition:  Example:   Scott Pleus is currently Director of trading operations for EBS.
He will be  transitioning to an origination role within EBS in mid May as Barry Pearce  assumes his responsibilities for EBS.
The current trading staff for EBS will  report to Barry effective with his start date in May.
I also heard from Barry today that Todd Lindholm let him know that he is out  of the picture with regard to commercial support for bandwidth trading  operations and that Barry will report to John Echols.
So sounds as if that  is clarified.
",Announcement on Barry Pearce's role,"[수신자]님,

[이름]가 [부서] 내에서의 역할을 알리는 초안 메모 사본을 보내줬어요.
[이름1]가 현재 그 역할을 맡고 있고 [부서]에서 거래 운영을 담당하는 사람들이 그에게 보고하고 있기 때문에 메모에 전환에 대한 언급이 포함되어야 한다고 제안하고 싶어요. 예: [이름1]는 현재 [부서]의 거래 운영 책임자입니다.

[이름]가 [부서]의 책임을 맡으면서 그는 [날짜]에 [부서] 내에서 발주자 역할로 전환할 예정입니다.
[부서]의 현재 거래 직원은 [날짜]에 시작하는 날짜에 [이름]에게 보고할 것입니다.

오늘 [이름]에게서 [이름2]이 대역폭 거래 운영에 대한 상업적 지원과 관련하여 자신이 그림에서 벗어났으며 [이름]가 [이름3]에게 보고할 것이라고 말했다는 소식도 들었습니다.
그러니 그게 명확히 된 것 같습니다.

감사합니다.
[발신자]
"
"I read the applications, letters of recommendation and resumes on the plane  to Austin and in the hospital this weekend.
Below are my suggested seven  appointees to the Analyst Advisory Board.
I made the selections based on  their answers to the application questions, plus I attended to get a mix of  male and female, commercial and merchant service analysts rotations, current  operating company assignments, undergraduate schools, etc.
I am sorry that I will not be able to join you in the meeting today.
Analyst  School  Current Rotation Rationale  Ilan Caplan  UT   CALME Structuring Both MSA and Commercial Analyst rotations  Erin Rice  Trinity   CALME Structuring Vocal; good to be part of the  solution; female minority  Brian Hoskins  Vanderbilt  ENA Trading  I will trust Jeff Shankman on this one  Carrie Southard  Texas A&M  ENA - EOL  Current MSA rotation  Alejandro Veiga Rice   ESA - Venezula  Good ideas; diverse background  Courtney Votaw  Pepperdine  Corp. - PR  Adds interest to the mix with her  rotation & background  Adrian Woolcock Rice   EES   Sounds mature; good ideas
",Suggested Analysts for Board Positions,"[수신자]님,

이번 주말에 [도시명]행 비행기와 병원에서 지원서, 추천서, 이력서를 읽었습니다.
아래는 제가 제안한 분석 자문 위원회 위원 7명입니다.
저는 지원서 질문에 대한 답변을 바탕으로 선정했고, 남성과 여성, 상업 및 상인 서비스 분석가 로테이션, 현재 운영 회사 배정, 학부 과정 등을 혼합하여 참석했습니다.

오늘 회의에 참석할 수 없어 죄송합니다.

감사합니다.
[발신자]
"
"I do know Susan so I could probably approve this request.
However, in my  staff meeting on Monday ( I know that Katherine was there, and not you), one  of the major points that I made centered around my approval of requests for  EOL access.
We can discuss when we get together on Friday morning.
Susan  needs to put her managers name at the bottom of this form, and the manager  should  okay this as well.
--Sally
",Your approval is requested,"[수신자]님,

저는 [이름]을 알고 있으므로 아마 이 요청을 승인할 수 있을 겁니다.
하지만 [요일] 직원 회의에서( [이름1]이 거기에 있었고 당신은 아니었다는 걸 알고 있습니다) 제가 한 주요 요점 중 하나는 EOL 액세스 요청 승인에 관한 것이었습니다.
[요일] 아침에 모일 때 논의할 수 있습니다.

[이름]은 이 양식의 맨 아래에 관리자 이름을 적어야 하고, 관리자도 이를 승인해야 합니다.

감사합니다.
[발신자]"
"I tried to call you back today, but was told that you had left the office.
Tried to leave you a voice mail message, but no one in the office knew how to  transfer my call into voice mail.
They were good about answering your phone,  however!
I will call you tomorrow morning before my first meeting at 8:30.
If I miss  you, I will ask my assistant to interrupt me when you call back.
I will be  in meetings with operations people from London and Sydney tomorrow, but can  easily step out to talk with you.
",Returning your call,"[수신자]님,

오늘 다시 전화하려고 했는데, 사무실을 나갔다고 들었습니다.
음성 메시지를 남기려고 했는데, 사무실에 있는 사람 중에 제 전화를 음성 메일로 전환하는 방법을 아는 사람이 없었습니다.
하지만 전화를 잘 받았습니다!

내일 아침 [시간] 첫 회의 전에 전화드리겠습니다.
만약 전화를 놓치면, 제 비서에게 전화를 끊으라고 부탁해서 다시 전화드리겠습니다.

내일 [지역명]과 [지역명]에서 온 운영진과 회의를 하게 되지만, 쉽게 나가서 이야기할 수 있습니다.

감사합니다.
[발신자]
"
"Per my voice mail message, attached is a draft memo regarding Brent's role in  London.
Any comments would be appreciated.
Fernley and I plan to send this  out sometime next week, prior to Brent's assignment starting on April 10.
",Draft Memo re: Brent's Role in London,"[수신자]님,

내 음성 메시지에 따르면, [지역명]에서 [이름]의 역할에 대한 초안 메모가 첨부되어 있습니다.
의견을 주시면 감사하겠습니다.

[이름1]와 저는 [날짜] 어느 때쯤, [이름]가 [날짜]에 임무를 시작하기 전에 이것을 보낼 계획입니다.

감사합니다.
[발신자]"
"Energy Operations has two sets of season tickets for Astros games this  season.
One set is four tickets in the field box level, and the other set is  two tickets in the terrace level.
I have also purchased one parking spot in  a lot that is a couple of blocks from the stadium.
I have divided the  tickets among you, with my husband's help.
He identified ""good games"" (i.e.
teams that everyone likes to see), and those are distributed equally across  my direct reports.
Tickets for the other games have been distributed based  your percentage of Energy Operations employees.
For most games, you will  receive all six tickets.
You can use these tickets for yourself and for a  small reward for a job well done by someone in your group.
The parking  information will accompany the group of four field box tickets.
Patti is  including a map of downtown with the parking lot pinpointed.
Your tickets  will be distributed to you this week.
I hope that you and your staff will  enjoy these.
I also received over 100 tickets from Cliff Baxter, Greg Whalley and Dave  Delainey for the exhibition game on Saturday, April 1.
I have chosen to  distribute two tickets a piece to all directors and managers in Energy  Operations who are not my direct reports.
SInce you will have first call on  the season tickets going to your group, I thought that it would be nice to  make these tickets available to the next tier of leadership.
I wanted to  make you aware of this before these are distributed tomorrow.
Finally, I have purchased a block of tickets for two upcoming games, one a  weekday afternoon and one a weekend.
I will let you know these dates soon,  as I would like for my direct report group to join me at these games.
",Astros Tickets,"[수신자]님,

[기업명]는 이번 시즌 [팀명] 경기의 시즌 티켓을 두 세트 보유하고 있습니다.
한 세트는 필드 박스 레벨의 티켓 4장, 다른 세트는 테라스 레벨의 티켓 2장입니다.
저는 경기장에서 몇 블록 떨어진 주차장에 주차 공간 한 개를 구매했습니다.
저는 [가족/친구]의 도움으로 티켓을 여러분 사이에 나누었습니다.

감사합니다.
[발신자]"
"I will be out of the office Wednesday through Friday, March 15-17 to be with  my children during part of their spring break.
We will be in town, so I can  be reached either at home (281-370=8568) or on my cell phone (713-417-1591).
I will check voice mail messages during this time period, but probably once  or twice a day.
I will be in the London office next week.
I will be in that office from  about noon on Monday through the end of the day on Thursday.
Patti will have  a schedule of my appointments while I am there, and she will have an  international cell phone number that I will have with me throughout the  trip.
Contact her if you need to speak directly with me.
I will be  responding to voice mail frequently throughout the week.
I will be  travelling back to Houston on Friday, March 24 (leaving my hotel in London  around 1 AM Houston time).
I will see you back in the office on Monday, March 27.
",Days Out of Office,"[수신자]님,

[날짜]일부터 [날짜]까지 [요일]부터 [요일]까지 아이들의 봄방학 기간 동안 사무실을 비울 예정입니다.
우리는 [도시명]에 있을 테니 집([전화번호])이나 휴대전화([전화번호])로 연락할 수 있습니다.
이 기간 동안 음성 메일 메시지를 확인하겠지만, 하루에 한두 번 정도 확인할 겁니다.

다음 주에는 [도시명] 사무실에 있을 겁니다.
[요일] 정오경부터 [요일] 하루 종일 그 사무실에 있을 겁니다.
[이름]가 제가 그곳에 있는 동안 제 약속 일정을 알려줄 것이고, 그녀는 제가 여행 내내 가지고 다닐 국제 휴대전화 번호를 가지고 있을 겁니다.
직접 저와 통화해야 할 경우 그녀에게 연락하세요.
저는 일주일 내내 음성 메일에 자주 답할 겁니다.

[날짜]에 [도시명]에서 [시간]경에 [장소]를 떠나 [도시명1]으로 돌아갈 예정입니다.
다음 주 [요일]에 사무실에서 다시 뵙겠습니다.

감사합니다.
[발신자]"
"Per my earlier e:mail message, I am forwarding to you the draft of the report  on the operations/controls review of Singapore.
(It is an attachment to the  message from Scott Earnest to me.)
The most current drafts of the reports on  Oslo and  Frankfurt were compiled by the AA team in London.
Nick Swingler is  apparently out on vacation this week.
I have asked AA personnel from Houston  to coordinate with their London office to get you a copy of those two draft  reports.
Given the time difference, you should receive thos reports via  e:mail from AA on Wednesday.
--Sally
",Draft of Singapore Office Findings,"[수신자]님,

이전 이메일 메시지에 따라 [지역명] 운영/통제 검토 보고서 초안을 전달드립니다.
([이름]가 저에게 보낸 메시지에 첨부된 내용입니다.)
[지역명]과 [지역명] 보고서의 최신 초안은 [지역명]의 [부서명] 팀에서 편집했습니다.
[이름1]는 이번 주에 휴가를 간 것 같습니다.

[지역명]의 [부서명] 직원에게 [지역명] 사무실과 협력하여 두 초안 보고서 사본을 제공해 달라고 요청했습니다.
시차를 감안하면 수요일에 [부서명]에서 이메일을 통해 보고서를 받으실 수 있을 것입니다.

감사합니다.
[발신자]"
"Attached is the list of PRC meetings that will cover operations for ENA, EIM  and EGM.
Location, times and attendees are listed for each meeting.
There  are five pre-review meetings that will take place starting today through  December 5 in preparation for the Energy Operations PRC meeting that will be  held on Friday, December 8.
I invite you to sit in on any or all of these  meetings if you would like to do so.
The most meaningful meeting will be on  December 8th.
In that meeting, we  will review the results from the pre-review meetings for Senior Specialists  and below.
I would anticipate that if at each pre-review meeting the  preferred distribution is met as instructed, then this portion of the meeting  will not take too long.
We will then review in more detail the managers, who  will have been pre-ranked in the pre-review meetings.
We will also review  and rank the directors and senior directors.
I can also be prepared to  review my suggested rankings for the three VP's who report to me, with you,  Wes Colwell and David Oxley in attendance.
Call me if you have any questions.
--Sally
",Energy Operations PRC Meetings,"[수신자]님,

[프로젝트] 회의 목록이 첨부되어 있습니다.
각 회의의 장소, 시간 및 참석자가 나열되어 있습니다.
오늘부터 [날짜]까지 5개의 사전 검토 회의가 진행되어 [날짜]에 열리는 [프로젝트] 회의를 준비합니다.
원하신다면 이 회의 중 하나 또는 전부에 참석해 주시기 바랍니다.

가장 의미 있는 회의는 [날짜]에 열립니다.
그 회의에서 상급 전문가 이하에 대한 사전 검토 회의 결과를 검토합니다.
각 사전 검토 회의에서 지시된 대로 선호 분배가 충족된다면 이 회의의 이 부분은 그렇게 오래 걸리지 않을 것으로 예상합니다.
그런 다음 사전 검토 회의에서 사전 순위가 매겨진 관리자를 더 자세히 검토합니다.
또한 이사와 상급 이사를 검토하고 순위를 매깁니다.
또한 저에게 보고하는 3명의 부사장에 대한 제안 순위를 검토할 준비가 되어 있습니다. [이름], [이름1], [이름2]가 참석했습니다.

질문이 있으면 전화 주세요.
[발신자]
"
"I didn't get a response from you regarding my e:mail that I sent last week,  but I have heard through the grapevine that you will be making a trip to  Houston next week.
My plans for being in London next week are firm, so it  looks as if we will miss one another.
My offer stands to help you in any way as you take on your new role, so I  trust that you will take me up on that offer as needed.
I will look forward  to working with you as we develop common standards for operations worldwide,  with effective exception reporting.
This is a key initiative for 2000 and  will involve trading operations in all locations for all commodities.
",Trip to London,"[수신자]님,

지난주에 보낸 이메일에 대한 답장은 없었지만, 소문을 통해 다음 주에 [지역명]으로 여행을 간다는 소식을 들었습니다.
다음 주에 [지역명]에 갈 계획은 확실해서, 서로가 그리울 것 같습니다.

제 제안은 새로운 역할을 맡을 때 어떤 식으로든 도움이 될 것이므로, 필요에 따라 제 제안을 수락해 주시기를 바랍니다.
효과적인 예외 보고를 통해 전 세계 운영에 대한 공통 표준을 개발하는 과정에서 여러분과 협력할 수 있기를 기대합니다.
이것은 [년도]의 핵심 이니셔티브이며, 모든 상품에 대한 모든 위치에서 거래 운영을 포함할 것입니다.

감사합니다.
[발신자]
"
"Brent Price and I will be in the London office next week.
Wanted to see if  you, Frank and Mo might be available for dinner one evening.
We arrive on  Monday morning (March 20th) and will return to Houston on Friday morning.
Our Tuesday night is booked, having dinner with Fernley.
But Monday,  Wednesday and Thursday are available.
Does it work for you with the baby to  do evenings?
Let me know.
",Dinner Next Week,"[수신자]님,

[이름]와 저는 다음 주에 [지역명] 사무실에 있을 예정입니다.
당신, [이름1], [이름2]가 어느 날 저녁 식사에 참석할 수 있는지 알아보고 싶었습니다.
우리는 [요일] 아침에 도착하여 [요일] 아침에 [지역명]으로 돌아갈 예정입니다.
[요일] 밤은 예약이 되어 있고, [이름3]와 저녁 식사를 할 예정입니다.
하지만 [요일], [요일], [요일]은 가능합니다.

[이름]를 돌보면서 저녁 식사를 할 수 있을까요?
알려주세요.

감사합니다.
[발신자]
"
"Attached is a referral and resume on an HR professional that I thought might  interest you.
The referral comes from James Scribner, a guy that has just  accepted a job offer from me.
James and I worked together previously at a  bank, and he is very discerning in his evaluation of talent.
When I asked if  he knew of any other talented people at Fleming (his current employer) that  we should know, he immediately suggested Tana.
His read is that she is very  bright, creative, and innovative.
She has worked on many special projects at  Fleming, but James believes that she would certainly consider a generalist  role as she learned Enron and would then ""earn"" her way into managing special  projects.
I thought that I would give ENA a first look at this candidate.
If you are not interested or do not have a need, please pass this referral  along to other HR groups.
FYI - James will start work here on April 3.
",Resume for Tana Cashion,"[수신자]님,

첨부된 것은 관심 있을 법한 인사 전문가에 대한 추천서와 이력서입니다.
추천서는 방금 제게서 구인 제의를 수락한 [이름]라는 사람으로부터 왔습니다.
[이름]와 저는 이전에 [업종명]에서 함께 일했고, 그는 재능을 평가하는 데 매우 분별력이 있습니다.
제가 [이름1](현재 고용주)에서 우리가 알아야 할 다른 재능 있는 사람을 알고 있는지 물었을 때, 그는 즉시 [이름2]를 추천했습니다.
그는 그녀가 매우 똑똑하고 창의적이며 혁신적이라고 읽었습니다.
그녀는 [이름1]에서 많은 특별 프로젝트를 진행했지만 [이름]는 그녀가 [기업명]에서 배우고 특별 프로젝트를 관리하는 ""돈을 벌"" 수 있는 일반직을 고려할 것이라고 생각합니다.
저는 [부서명]에서 이 후보자를 먼저 살펴보기로 했습니다.
관심이 없거나 필요하지 않다면 이 추천서를 다른 인사 그룹에 전달해 주세요.

[이름]는 [날짜]에 여기서 일하기 시작합니다.

감사합니다.
[발신자]
"
"The responsibility for granting access to the DPR and associated reports  available through the Executive Viewer on line is being shifted from Scott  Tholen's team to my operations team.
(This makes a lot of sense, since it  is our group that prepares all of these reports.)
Fernley Dyson has  requested access to this information via the Executive Viewer.
In insuring a  tight distribution list for these reports, please let me know via return  e:mail or voice mail (x35926) that you would like for Fernley to have access  to the Enron-wide DPR.
Thanks.
",Access to DPR for Fernley Dyson,"[수신자]님,

Executive Viewer 온라인을 통해 제공되는 DPR 및 관련 보고서에 대한 액세스 권한을 부여하는 책임이 [이름] 팀에서 제 운영 팀으로 이전됩니다.
(이는 모든 보고서를 준비하는 것이 저희 그룹이기 때문에 매우 타당합니다.)

[이름1]이 Executive Viewer를 통해 이 정보에 대한 액세스를 요청했습니다.
이러한 보고서에 대한 엄격한 배포 목록을 확보하기 위해 회신 이메일이나 음성 메일([전화번호])을 통해 [이름1]가 [기업명] 전체 DPR에 액세스할 수 있기를 원한다고 알려주십시오.

감사합니다.
[발신자]"
"Kevin Sweeney forwarded this message to me.
Fernley may have made you aware  of his decision with Tani when you and he talked yesterday.
If not, I  thought that you might be interested in this.
--Sally
",Organisational Announcement - Tani Nath,"[수신자]님,

[이름]가 이 메시지를 나에게 전달했습니다.
[이름1]는 어제 당신과 이야기할 때 [이름2]와의 결정을 당신에게 알렸을 수도 있습니다.
그렇지 않다면, 당신이 이것에 관심이 있을 것이라고 생각했습니다.

감사합니다.
[발신자]"
"I will be out of the office on vacation on Thursday, Friday and Monday, March  2, 3, and 6th.
My assistant, Patti Thompson (x39106) will have telephone and fax numbers for the hotel where I will be staying.
I will be  at Disneyworld with my family and 90 members of my daughter's high school drill team, so it is not likely that I will be available during the  daytime.
However, I can be contacted at the hotel in the evening, if  needed.
While I am out, please contact the following for any operational needs:    Brent Price   Business Controller for Natural Gas  x37647   Kristin Albrecht *   Business Controller for Power   x34763   *  Kristin will be in the office in the morning only on March 6: she will be  in route to Portland in the afternoon.
I will be back in the office on Tuesday, March 7.
","Vacation - March 2, 3, and 6th","[수신자]님,

[날짜], [날짜], [날짜]에 휴가로 사무실을 비웁니다.
제 비서인 [이름]이 제가 머물 호텔의 전화번호와 팩스 번호를 알려줄 것입니다.
저는 제 가족과 딸의 고등학교 훈련팀 [숫자]명과 함께 [장소]에 있을 것이므로 낮에는 연락이 불가능할 가능성이 큽니다.
하지만 필요한 경우 저녁에 호텔에서 연락할 수 있습니다.

제가 없는 동안 운영상 필요한 사항이 있으면 다음 연락처로 연락하세요.
[이름] 천연가스 사업 관리자 [전화번호]
[이름1] * 전력 사업 관리자 [전화번호1]

[이름2]는 [날짜] 오전에만 사무실에 있을 것입니다. 그녀는 오후에 [지역명]으로 갈 예정입니다.

저는 [날짜]에 사무실로 돌아올 것입니다.

감사합니다.
[발신자]"
"Rick:  Sorry, I should have sent this to you several days ago.
Is the level  of detail correct on these goals as you look to assimilate these with  others?
I have stated the goals, but not the action plan to achieve the  goals.
I am working on those in some detail right now.
--Sally
",Goals for 2000,"[수신자]님,

미안합니다. 며칠 전에 보내야 했어요.
이러한 목표를 다른 목표와 통합하려고 할 때 세부 사항 수준이 맞습니까?
목표는 명시했지만 목표를 달성하기 위한 실행 계획은 명시하지 않았습니다.
지금 세부 사항에 대해 작업하고 있습니다.

감사합니다.
[발신자]
"
"Ted Murphy and I met with the Arther Andersen team this morning that  accompanied us on our trip to Buenos Aires.
We reviewed the observations and  recommendations in written form that we had discussed briefly with you on our  last day your office.
After making a few changes, AA should be forwarding to  you a copy of the draft document later this afternoon.
We would welcome  your comments and your additions on anything that you think we may have  missed.
Ted and I will be meeting with Rick Causey and Rick Buy within the  next couple of days to discuss our operations and control review, so your  responses would be welcomed prior to that meeting.
I look forward to working with you and others in your office in my role over  Global Risk Management Operations.
In addition to overseeing common  standards and controls for opeartional practices, I will work as your  advocate for system and resource needs in order to insure success for your  business plan in Buenos Aires.
",Output from Operations/Control Review in Buenos Aires,"[수신자]님,

[이름]와 저는 오늘 아침 [지역명]으로의 여행에 동행한 [이름1] 팀을 만났습니다.
우리는 귀사 사무실에서 보낸 마지막 날에 간략하게 논의했던 서면 형태의 관찰과 권장 사항을 검토했습니다.
몇 가지 변경 사항을 적용한 후 [부서명]는 오늘 오후에 초안 문서 사본을 귀하에게 전달해야 합니다.
귀하가 놓친 부분에 대한 의견과 추가 사항을 환영합니다.

[이름]와 저는 앞으로 며칠 안에 [이름1]와 [이름2]를 만나 운영 및 통제 검토에 대해 논의할 예정이므로 그 회의 전에 귀하의 응답을 환영합니다.
저는 글로벌 위험 관리 운영에 대한 제 역할에서 귀사와 귀사 사무실에서 다른 사람들과 함께 일할 수 있기를 기대합니다.
운영 관행에 대한 공통 표준 및 통제를 감독하는 것 외에도 [지역명]에서 귀사의 사업 계획이 성공할 수 있도록 귀사의 시스템 및 리소스 요구 사항을 옹호하는 역할을 할 것입니다.

감사합니다.
[발신자]
"
"Ted Murphy and I met this morning with the Arthur Andersen team that  accompanied us to Sao Paulo.
We reviewed a summary of our observations and  recommendations as a result of our visit.
After a few suggested changes, AA  should forward a copy of this draft to you via e:mail later today.
We would  welcome your comments on the document, and input on anything that you think  we may have missed.
Ted and I will be reviewing this information with Rick  Buy and Rick Causey as soon as a meeting can be scheduled, so your prompt  comments or feedback would be welcomed.
",Output from Operations/Controls Review,"[수신자]님,

[이름]와 저는 오늘 아침 [지역명]로 우리를 동행한 [이름1] 팀과 만났습니다.
우리는 방문 결과 관찰과 권장 사항의 요약을 검토했습니다.
몇 가지 제안된 변경 사항 후, [부서명]는 오늘 나중에 이 초안 사본을 이메일로 전달해야 합니다.
우리는 문서에 대한 의견과 우리가 놓친 것에 대한 의견을 환영합니다.

[이름2]와 저는 회의 일정이 정해지는 대로 [이름3]와 [이름4]와 함께 이 정보를 검토할 것이므로, 여러분의 신속한 의견이나 피드백을 환영합니다.

감사합니다.
[발신자]"
"Another FAS 133 Offsite meeting has been scheduled for Tuesday, Feb 29 (all  day).
Sally asked me to forward this to you - would like you to attend if at  all possible.
Scott, this is an FYI for you - I know you will be overseas on  this date.
Patti
",FAS 133 Offsite,"[수신자]님,

또 다른 [회의] 회의가 [날짜] [요일]에 예정되어 있습니다.
[이름]가 이것을 당신에게 전달해 달라고 부탁했습니다. 가능하다면 참석해 주시길 바랍니다.

[이름1], 이것은 당신을 위한 회신입니다. 당신이 이 날짜에 해외에 있을 거라는 걸 알고 있습니다.

감사합니다.
[발신자]"
"Mike & Scott,  Sally asked me to forward this to you & wanted to know if there was any way  possible you could attend.
I apologize for the short notice, but with Sally  going out of the country, things have been really hectic.
Sheila Glover  will also be attending.
Please let me know as soon as possible & I will let Paige know.
Thanks,
",FAS 133 Offsite,"[수신자]님,

[이름]와 [이름1], [이름2]가 이걸 당신들에게 전달해 달라고 부탁했고, 당신들이 참석할 수 있는 방법이 있는지 알고 싶어했습니다.
짧은 통보에 대해 사과드립니다. 하지만 [이름2]가 국외로 나가서 정말 바빴습니다.
[이름3]도 참석할 예정입니다.

가능한 한 빨리 알려주세요. 그러면 [이름4]에게 알려드리겠습니다.

감사합니다.
[발신자]"
"I have asked Patti to send Sharron a list of all employees within Energy  Operations (a BIG list) and another one with managers and above (perhaps a  more manageable list) for this effort.
Since you went to the meeting I  didn't know whether or not you were following up on this.
Just wanted to let  you know that I have asked Patti to do this.
Thanks.
",Celebration,"[수신자]님,

저는 [이름]에게 [부서] 부서의 모든 직원 목록(큰 목록)과 관리자 이상(아마도 더 관리하기 쉬운 목록)을 [이름2]에게 보내달라고 부탁했습니다.
당신이 회의에 갔기 때문에 당신이 이 일을 후속 조치했는지 몰랐습니다.
그저 [이름]에게 이 일을 하라고 부탁했다는 것을 알려드리고 싶었습니다.

고맙습니다.
[발신자]
"
"Please distribute attached memo to all Enron North America employees.
If you  need additional information, please call my assistant, Patti Thompson at ext.
39106.
Thank you,
",Memo to be distributed to Enron North America employees,"[수신자]님,

첨부된 메모를 [기업명] 직원 전원에게 배포해 주십시오.
추가 정보가 필요하면 내 비서인 [이름]에게 전화해 주십시오. 
내선번호 [전화번호]

감사합니다.
[발신자]
"
"Brent & Peggy,  Memo complete with exception of last paragraph write-up of your promotions.
Sally made a beginning stab at it, but would like you to read over your  segment and make any corrections or additions that you see fit (Peggy, in  your case, can you fill in the blank).
When these are received back from  you, I will call her (if it's this afternoon), and final copy will be  distributed.
Thanks for your help.
Patti x39106
",Promotions Memo edit,"[수신자]님,

[이름]와 [이름1], 귀하의 프로모션에 대한 마지막 문단을 제외한 메모는 완성되었습니다.
[이름2]가 처음에 찔렀지만, 귀하가 세그먼트를 읽고 적합하다고 생각되는 수정이나 추가 사항을 추가해 주시기를 바랍니다([이름3]의 경우, 빈칸을 채울 수 있습니까?).
이것들이 귀하에게서 회신되면, 저는 그녀에게 전화할 것입니다(오늘 오후라면), 그리고 최종 사본을 배포할 것입니다.

도와주셔서 감사합니다.
[발신자]
[전화번호]"
"Please join us for a celebration of Energy Operations promotions, hosted by  ENA Energy Operations Management Team.
The following people will be honored  at Irma's (22 N. Chenevert @ Franklin) on Thursday, February 3, 2000 from  5:30 pm - 7:30 pm.
Brent Price  Kristin Albrecht   Brenda Herod  Leslie Reeves  Mary Solmonson  Scott Pleus  Sheri Thomas  Bennett Kaufman  Richard McKeel  John Postlewaite Sylvia Campos   Kam Keiser  Phillip Love  Anthony Campos  Kori Loibl  Trang Le  Donnie Vinson   Imelda Frayre  Amy Degeyter  Michael Nguyen  Sherlyn Schumack  Karie Hastings  Leslie Smith  Please RSVP by Friday, January 31 to Patti at ext.
39106 or e-mail reply.
Directions will be available Monday at Patti's desk (3012f).
Hope to see you there!
",Invitation to Promotions Social,"[수신자]님,

ENA 에너지 운영 관리팀이 주최하는 에너지 운영 승진 기념 행사에 참여해 주세요.
다음 사람들은 [날짜] [요일] 오후 [시간]부터 오후 [시간]까지 장소에서 영예를 안을 것입니다.
[이름], [이름1], [이름2], [이름3], [이름4], [이름5], [이름6], [이름7], [이름8], [이름9], [이름10]

[날짜] [요일]까지 [이름11] [전화번호]으로 회답을 보내거나 이메일로 회신해 주세요.
길 안내는 월요일에 [이름11]의 데스크([장소])에서 받으실 수 있습니다.

여러분을 만나 뵙기를 바랍니다!
[발신자]"
"I liked the new signs for the new hire network this morning, as opposed to  the signs for new hire orientation.
Just wanted to let you know that I  noticed the difference!
I will be curious to hear about changes to the  content as well.
Hope your are doing well.
We will have to have lunch after you get through  January!
--Sally
",New Hire Network,"[수신자]님,

오늘 아침 신입사원 네트워크의 새로운 표지판이 마음에 들었어요. 신입사원 오리엔테이션 표지판과는 달랐어요.
그냥 차이점을 알아챘다는 걸 알려드리고 싶었어요!
내용의 변경 사항도 궁금합니다.

잘 지내시길 바랍니다.
나중에 밥 한 끼 해요!

[발신자]"
"Attached is a memo that Rick plans to send out - I hope that attaching this  makes it easy for you to take care of this.
I am delivering to him a  highlighted copy of the memo so that he will know about a few wording changes  that I have made since the last time that he saw this in draft form.
He is  certainly free to make any other changes before it goes out.
Call me with  any questions.
",Memo for Rick to send,"[수신자]님,

첨부된 메모는 [이름]이 보낼 계획입니다. 이 메모를 첨부하면 처리하기 수월할 것입니다.
저는 그에게 메모의 하이라이트 사본을 전달하여 그가 마지막으로 초안 형태로 본 이후로 제가 한 몇 가지 문구 변경 사항을 알 수 있도록 합니다.
그는 확실히 발송되기 전에 다른 변경 사항을 자유롭게 할 수 있습니다.

질문이 있으면 전화하세요.
[발신자]"
"The industry quote below is interesting.
I have a call in to Bob to ask him  to get you key measurements on EOL business to date.
--Sally
",Press quote,"[수신자]님,

아래의 업계 인용문은 흥미롭습니다.
저는 [이름]에게 전화해서 지금까지의 [기업명] 사업에 대한 주요 측정치를 알려달라고 부탁할 겁니다.

[발신자]
"
"THE ATTACHED IS THE CORRECT VERSION.
Please disregard an earlier version of  this form sent to Chris Shenkman by Dawn Doucet.
That version was not  complete.
",Employee Profile - Peggy Hedstrom,"[수신자]님,

첨부된 내용은 올바른 버전입니다.
[이름]이 [이름1]에게 보낸 이 양식의 이전 버전은 무시해 주십시오.
그 버전은 완전하지 않았습니다.

[발신자]"
"The address list on the memo below contains the names of all ENA Energy  Operations employees who worked in the offices in Houston, Denver and Calgary  on January 1st to test our systems.
Does it work for you to copy and paste  this for Cliff's note?
Let me know if it would be better to provide this to  you in a different way.
Thanks.
--Sally
","Thanks for January 1, 2000","[수신자]님,

아래 메모의 주소록에는 [날짜]에 [도시1], [도시2], [도시3] 사무실에서 일하며 시스템을 테스트한 모든 [기업명] 직원의 이름이 들어 있습니다.
이것을 [이름]의 메모에 복사하여 붙여넣는 것이 효과가 있을까요?
다른 방식으로 제공하는 것이 더 나을지 알려주세요.

감사합니다.
[발신자]"
"Does the info as provided from HR indicate MBA's from UT?
I know that Enron  probably has a number of undergrads from UT.
At this point, I am  specifically interested in UT MBA's, as it is the Houston Chapter of UT's  Graduate Business Network for which I will now serve on the steering  committee.
Thanks!
--Sally
",Alumni List,"[수신자]님,

HR에서 제공한 정보에 [대학교 이름] 출신 MBA가 나와 있나요?
저는 [기업명]에 [대학교 이름] 출신 학부생이 꽤 있을 거라는 걸 알고 있습니다.
[대학교 이름]의 [직접 입력]의 운영 위원회에 참여하게 되어서, [대학교 이름] MBA에 특히 관심이 있습니다. 

고맙습니다!
[발신자]
"
"1) Y2K Team:  Let me know if you would like to send a notes mail message from  you to the individuals that were here on Saturday, January 1 for the Y2K  testing.
I have created an address list that contains those names that I  could forward to Susan Skarness to use for that purpose.
2) Draft Memo from Rick Causey:  Attached is a draft memo that Rick Causey  proposes to send this week that describes a coordination role that I will  play on certain operational policies and procedures that should be  coordinated in all trading locations.
I have left you some comments  regarding this on my voice mail.
I would welcome your comments or  questions.
",Per my voice mail,"[수신자]님,

[직접 입력] 팀: [날짜] [요일]에 [직접 입력] 테스트를 위해 여기 있었던 사람들에게 메모 메일 메시지를 보내고 싶으면 알려주세요.
저는 그 이름이 포함된 주소 목록을 만들어서 [이름]에게 전달해서 그 목적으로 사용할 수 있도록 했습니다.

[이름1]의 초안 메모: [이름1]가 이번 주에 보내려고 제안한 초안 메모를 첨부했는데, 여기에는 모든 거래 장소에서 조정해야 할 특정 운영 정책 및 절차에 대한 조정 역할에 대해 설명되어 있습니다.
저는 음성 메일에 이에 대한 몇 가지 의견을 남겼습니다.

귀하의 의견이나 질문을 환영합니다.
[발신자]"
"I am resending the original message that I sent to Kevin regarding Rick  Causey's memo.
Please refer him to the second point in my e:mail, as well as  the attachment.
Thanks.
",Various Discussion Points,"[수신자]님,

[이름]의 메모에 관해 [이름1]에게 보낸 원래 메시지를 다시 보냅니다.
내 이메일의 두 번째 요점과 첨부 파일을 그에게 알려주시기 바랍니다.

고맙습니다.
[발신자]"
"We are wrapping up several hours in the office and have tested all  commodities front to back.
We found a few minor issues, primarily reports  with report dates that were incorrect.
The content and underlying  calculations in the reports were correct.
These were really just query and  formatting issues.
All were quick fixes of five minutes or less.
So at this  point we feel confident about our system situation.
More will unfold with  counterparties next week, but hopefully all found this as uneventful as have  we.
Hope your new year's celebration was fun.
We saw pictures of the London  festivies on TV as we were cooking our New Year's eve dinner last night at  home.
See you soon.
",Happy New Year - No Y2K Fear!,"[수신자]님,

저희는 사무실에서 몇 시간을 마무리하고 모든 상품을 처음부터 끝까지 테스트했습니다.
저희는 몇 가지 사소한 문제를 발견했는데, 주로 보고서 날짜가 잘못된 보고서였습니다.
보고서의 내용과 기본 계산은 정확했습니다.
이것들은 실제로 쿼리 및 서식 문제였고, 모두 5분 이내에 빠르게 해결할 수 있었습니다.
그래서 이 시점에서 저희는 시스템 상황에 대해 확신을 가지고 있습니다.
다음 주에 상대방과 더 많은 일이 있겠지만, 바라건대 모두가 저희처럼 별 일 없이 지냈으면 좋겠습니다.
새해 축하가 즐거웠기를 바랍니다.
어젯밤 집에서 새해 전날 저녁을 요리하는 동안 TV에서 [도시명] 축제 사진을 보았습니다.
곧 뵙겠습니다.
[발신자]"
"I know that over the past few weeks you have been handling your daily  responsibilities and working on the transition of business from our  aquisition of CES's wholesale business.
I realize that balancing all of this  has been demanding, especially with the holidays, bid week and other end of  year actitivies.
Thank you for the extra effort that you have given to  effectively absorb the CES book of business.
It is noticed and appreciated.
As we look forward to the new year, I thank you for your accomplishments and
",Work on CES Transition,"[수신자]님,

지난 몇 주 동안 여러분이 일상적인 책임을 처리하고 [프로젝트]의 도매 사업 인수에서 사업 전환 작업을 해오셨다는 것을 알고 있습니다.
저는 이 모든 것을 균형 있게 조정하는 것이 힘들었다는 것을 알고 있습니다. 특히 휴일, 입찰 주간 및 기타 연말 활동이 있었기 때문입니다.
[프로젝트] 사업을 효과적으로 흡수하기 위해 기울인 추가적인 노력에 감사드립니다.
그것은 주목되고 감사하게 여겨집니다.
새해를 기대하면서 여러분의 업적에 감사드립니다.
[발신자]
"
"Did you get a copy of this?
It looks as if in September that our=20 intercompany balances were relatively low (EES and ENA), with an increase i= n=20 October with Enron Europe.
Do you have details behind this?
Are EES=20 balances gas only, or gas and power?
How do we have imbalances with=20 ourselves?
What kind of reporting do you get from financial ops on a regul= ar=20 basis that gives you the details behind this?
I am assuming that these=20 imbalances are created from commodity transactions, so that we would really= =20 be closer to the details than would financial ops.
Is that a good=20 assumption?
--Sally=20
",Intercompany Balances,"[수신자]님,

전해드린 사본 받으셨나요? 
[월]월에 우리 회사 간 잔액이 비교적 낮았던 것 같은데 ([부서1]와 [부서2]), 10월에 [기업명]에서 증가했어요.
이것에 대한 자세한 정보가 있나요?
[부서1] 잔액은 가스만인가요, 아니면 가스와 전력인가요?
우리 스스로와 불균형이 생기는 이유는 무엇인가요?
재무 운영 부서에서 정기적으로 어떤 종류의 보고서를 받으면 이 문제에 대한 자세한 정보를 얻을 수 있나요?
이러한 불균형은 상품 거래에서 발생한 것으로 추정하는데, 재무 운영 부서보다 세부 정보에 더 가까이 있을 수 있을 겁니다. 그게 좋은 예측일까요?

[발신자]
"
"FYI:  Effective today, the schedulers for HPL have relocated from the 42nd floor to  the 30th floor.
This team reports to my direct report, Brenda Herod, who is  the Business Controller for the Asset Group and Texas trading region.
They  are on the west side of the building, just outside my office.
While room for  this scheduling team was not available on the 31st floor, this move was made  to improve communications with the Texas desk traders.
By being within the  same elevator bank, we can now employ ""squawk"" boxes between the traders and  this scheduling team.
As we look at space usage on the 32nd floor, this team  should be included in space requirements.
We are working with Liz Taylor on  those requirements.
",Relocation of HPL Schedulers,"[수신자]님,

오늘부터 [팀명] 스케줄러가 [장소1]에서 [장소2]로 이전했습니다.
이 팀은 자산 그룹 및 [지역명] 거래 지역의 사업 관리자인 제 직속 보고자인 [이름]에게 보고합니다.
그들은 건물 서쪽, 제 사무실 바로 밖에 위치해 있습니다.
[층수3]에는 이 스케줄링 팀을 위한 공간이 없었지만, [목표]와의 커뮤니케이션을 개선하기 위해 이 이전을 했습니다.
같은 엘리베이터 뱅크에 있기 때문에 이제 [업무 팀]과 이 스케줄링 팀 사이에 ""squawk"" 상자를 사용할 수 있습니다.
[층수4]의 공간 사용을 살펴보면 이 팀은 공간 요구 사항에 포함되어야 합니다.
저희는 이러한 요구 사항에 대해 [이름1]와 협력하고 있습니다.

[발신자]
"
"Please give Gretel a final list of dates that you plan to be out of the  office from December 20 through the end of the year.
For the dates that you  will be out, please provide the name and number of the key contact person in  your group that will be in the office on the days that you are out.
As I have in past years, I will compile a list of key contacts through the  holiday period that we can use internally within Energy Operations.
I will  also provide this list to others outside Energy Operations who may needa   contact list during this time period.
Please get this info to Gretel by Wednesday at noon, so that I have time to  finalize the contact list before I am out on vacation.
FYI:  I plan to be out of the office the week of December 20.
I will be at  home during that week and can be reached there if necessary.
I will be back  in the office on Monday, December 27 and I will be working through the end of  the year.
",Key Contacts in Your Area - December 20 - 31,"[수신자]님,

[날짜1]일부터 [날짜2]까지 사무실을 비울 예정인 날짜의 최종 목록을 [이름]에게 알려주시기 바랍니다.
비울 날짜에 대해서는, 사무실에 있는 그룹의 주요 연락처의 이름과 번호를 알려주세요.
지난 몇 년 동안 해왔듯이, 에너지 운영부 내부에서 사용할 수 있는 휴일 기간 동안의 주요 연락처 목록을 정리할 것입니다.
또한 이 기간 동안 연락처 목록이 필요한 에너지 운영부 외부의 다른 사람에게도 이 목록을 제공할 예정입니다.
수요일 정오까지 [이름]에게 이 정보를 전달해 주세요. 그러면 휴가를 가기 전에 연락처 목록을 마무리할 시간을 가질 수 있을 것입니다.

추신
저는 [날짜1] 주에 사무실을 비울 계획입니다.
그 주 동안은 집에 있을 것이고, 필요하다면 집에서 연락할 수 있습니다.
[날짜3]에 사무실로 돌아와서 [날짜2]까지 일할 예정입니다.

[발신자]"
"I will be out of town on Thursday.
I think that it would be great if you  could attend this info session on CommodityLogic - it would be good to hear  how this project is being described to a wider audience within Enron.
If you  can make it, please try to attend.
And I would love to have a voice mail  message afterwards with your feedback from the info session.
Thanks.
",Lite Bytz RSVP,"[수신자]님,

저는 목요일에 출장을 가게 됩니다.
[주제]에 대한 이 정보 세션에 참석해 주시면 좋을 것 같습니다. [기업명] 내에서 이 프로젝트가 더 많은 사람들에게 어떻게 설명되는지 들어보는 것도 유익할 것입니다.
만약 참석하실 수 있다면 참석해 주시기 바랍니다.
그리고 정보 세션에 대한 피드백을 음성 메시지로 보내 주시면 감사하겠습니다.

감사합니다.
[발신자]"
"I have put this meeting on my calendar.
You don't need to forward to anyone  else.
Chantelle should handle that for Brent's EGM team.
Thanks.
",EGM All Employee Meeting,"[수신자]님,

이 회의를 제 일정에 넣었습니다.
따로 다른 사람에게 전달할 필요는 없습니다.
[이름]이 [이름1]의 [부서] 팀을 대신하여 처리해야 합니다.

고맙습니다.
[발신자]"
"As a follow up to our discussion earlier this week on commercialization of  mid and back office services and managing those responsibilities for EWS, I  will have a timeline for your review on Monday that will pinpoint key dates:   Unify conversion, EES absorption, HPL sale, commercialization, Todd Busby's  arrival, etc.
I will also have details of resource needs.
We can use this  to set internal expectations on the timing of successfully handling all of  these initiatives.
I will welcome your comments on the timeline.
--Sally
",Follow Up,"[수신자]님,

이번 주 초에 중간 및 백오피스 서비스의 상용화와 EWS의 책임 관리에 대한 논의에 대한 후속 조치로, 월요일에 주요 날짜를 정확히 지적하는 검토 일정을 갖게 될 것입니다: 통합 전환, EES 흡수, HPL 판매, 상용화, [이름]의 도착 등.
또한 리소스 요구 사항에 대한 세부 정보도 갖게 될 것입니다.
이를 사용하여 이러한 모든 이니셔티브를 성공적으로 처리하는 시기에 대한 내부 기대치를 설정할 수 있습니다.
일정에 대한 의견을 환영합니다.

감사합니다.
[발신자]
"
"I will be out of the office Tuesday and Wednesday this week.
I can be  reached at home (281-370-8568) or on my cell phone (713-417-1591) if  needed.
I will be checking and responding to voice mail messages while I am  out as well.
In my absence, please contact the following persons regarding trading  operations issues:  Gas Operations  Jeff Gossett  x37306     Leslie Reeves x37962  Power Operations Jenny Latham x33982     Leslie Reeves x37962  DPR    Shona Wilson x39123      MPR    David Maxwell x36983
","Out of the Office - Tuesday and Wednesday, November 21 and 22","[수신자]님,

저는 이번 주 화요일과 수요일에 사무실을 비울 예정입니다.
필요한 경우 집([전화번호])이나 휴대전화([전화번호1])로 연락할 수 있습니다.
저는 부재 중일 때 음성 메일 메시지를 확인하고 답장할 것입니다.

제가 부재 중일 때는 거래 운영 문제에 대해 다음 담당자에게 문의해 주시기 바랍니다:

[운영1]: [이름] ([전화번호2]), [이름1] ([전화번호3])
[운영2]: [이름2] ([전화번호4]), [이름3] ([전화번호5])
[운영3]: [이름4] ([전화번호6])
[운영4]: [이름5] ([전화번호7])

감사합니다.
[발신자]"
"Hadn't talked with you in a while and thought that I would send a quick note  to say hello.
Saying it is busy here sounds a bit like a broken record, but  it is busy here!
Big challege currently is juggling our huge day-to-day  business for Enron Americas, starting the absorption of some pieces of EES  (my part alone looks like an additional 120 employees, with the intent to  find ways to assimilate that business and ultimately reduce overall support  costs for Enron), the sale of Houston Pipeline to AEP that should conclude in  June or July and the commercialization of mid and back office services.
All of these of course with top priority!
I am really enjoying having Beth Apollo on the team.
She has already made  a  very positive impact, while she is learning the details of the operations  side.
How is life treating you?
I know that their is a lot going on in the London  office, as well.
How has Ted Murphy's assimilation into the London office  been?
Do you have plans to be in Houston any time soon?
Keep me posted tomorrow on any news that you hear from Mike Jordan regarding  their baby.
Hope that all is well with you.
--Sally
",Head above water?,"안녕하세요,

잠시 통화하지 않았던 것 같아 간단한 메모를 전합니다. 여기는 바쁩니다! 현재 가장 큰 과제는 [기업명]의 거대한 일상 업무를 조정하고, EES의 일부 부분을 흡수하는 것(저만 해도 직원이 120명 더 필요할 듯합니다. 이 사업을 동화시키고 궁극적으로 [기업명]의 전체 지원 비용을 줄일 방법을 찾고자 합니다), [지역명] 파이프라인을 [기업명]에 매각하는 것(6월이나 7월에 완료될 예정), 그리고 중간 및 백오피스 서비스의 상용화입니다. 물론 이 모든 것이 최우선입니다!

저는 [이름]가 팀에 있어서 정말 기쁩니다. 그녀는 이미 매우 긍정적인 영향을 미쳤으며, 운영 측면의 세부 사항을 배우고 있습니다.

생활은 어떠신가요? [지역명] 사무실에서도 많은 일이 진행되고 있다는 것을 알고 있습니다. [이름1]가 [지역명] 사무실에 적응하는 것은 어때요?

[지역명]에 있을 계획이 있나요? [이름2]의 아기 소식이 있으면 내일 알려드리겠습니다.

잘 지내시길 바랍니다.

[발신자]"
"I will meet with Kim this afternoon on her comments on ConfirmLogic.
Bottom  line, no sign off from Kim at this point.
Thought you might want to know.
",Update on ConfirmLogic,"안녕하세요,

오늘 오후에 [이름] 씨를 만나 [주제]에 대한 그녀의 코멘트에 대해 이야기할 겁니다. 결론은, 이 시점에서 [이름] 씨의 서명은 없습니다.

당신이 알고 싶어할지도 모른다고 생각하여 미리 전달드립니다.

감사합니다.

[발신자]"
"Mary Solmonson has made a personal choice to resign from Enron.
It is with  regret that I have accepted Mary's letter of recommendation.
Mary has  contributed greatly during her tenure at Enron, particularly in the  development of global information that has been critical in supporting our  effective systems development and information gathering.
I do appreciate  Mary's personal decision, however, and I know that you will join me in  wishing Mary well.
Also effective April 16, we have made a realignment within Enron Net Works of  the group led by Sheri Thomas.
Sheri will now report directly to Andy  Zipper, who leads EnronOnline.
The Operations Product Control Team in its  early stages was focused primarily on making our transition to EnronOnline a  smooth one for operations.
Much time was spent initially on the bridges  necessary between EnronOnline and our legacy systems.
The role of the team  has evolved today to one that is intimately involved in the day-to-day   operations of EnronOnline.
With this evolution, it makes sense to have  Sheri's team as an integral part of the larger EnronOnline team.
Sheri's  team will continue to support other e-commerce initiatives, such as  Clickpaper, DealBench and CommodityLogic, so that we can leverage the  experience of her team and avoid duplication of internal infrastructure.
Sheri, Andy and I met with Sheri's team yesterday to announce this  organizational realignment.
Sheri has done a great job of leading the  Product Control Group over the past 14 months.
Sheri is committed to see  that her team continues to work closely with Operations to ensure that any  changes in Enron's e-commerce businesses that may impact trading operations  are shared with us.
We look forward to continuing to work closely with Sheri  and her team.
",Management Team Changes,"안녕하세요,

[이름]은 [기업명]에서 사임하기로 개인적으로 결정했습니다. [이름]의 추천서를 수락하게 되어 유감입니다. [이름]는 [기업명]에서 근무하는 동안, 특히 효과적인 시스템 개발과 정보 수집을 지원하는 데 중요한 글로벌 정보 개발에 크게 기여했습니다.

하지만 저는 [이름]의 개인적인 결정을 감사하게 생각하며, 여러분도 저와 함께 [이름]에게 잘되기를 기원할 것이라고 압니다.

또한, [날짜1]부터 [이름1]가 이끄는 [기업명]의 그룹을 재편했습니다. [이름1]는 이제 [기업명]을 이끄는 [이름2]에게 직접 보고할 것입니다. 운영 제품 제어팀은 초기 단계에서 [기업명]으로의 전환을 운영 측면에서 원활하게 만드는 데 주로 집중했습니다. 처음에는 [기업명]과 기존 시스템 간에 필요한 브리지에 많은 시간을 할애했습니다. 팀의 역할은 오늘날 [기업명]의 일상 운영에 긴밀히 관여하는 역할로 발전했습니다.

이러한 변화 속에서 [이름1]의 팀을 더 큰 [기업명] 팀의 필수적인 부분으로 만드는 것이 합리적입니다. [이름1]의 팀은 [직접 입력1], [직접 입력2]과 같은 다른 전자상거래 이니셔티브를 계속 지원하여 그녀 팀의 경험을 활용하고 내부 인프라 중복을 피할 수 있습니다.

[이름1], [이름2], 저는 어제 [이름1]의 팀을 만나 이 조직 재편을 발표했습니다. [이름1]는 지난 14개월 동안 제품 관리 그룹을 이끄는 훌륭한 일을 해냈습니다. [이름1]는 그녀의 팀이 운영 부서와 긴밀히 협력하여 거래 운영에 영향을 미칠 수 있는 [기업명]의 전자상거래 사업의 모든 변경 사항을 우리와 공유하도록 하는 데 전념하고 있습니다.

[이름1]와 그녀의 팀과 긴밀히 협력하기를 기대합니다.

감사합니다.
[발신자]"
"I am taking Good Friday as my discretionary holiday for the year.
I will be  in Austin with my daughter for her official tour and info session at UT, plus  a look at dorms.
Patti will have numbers where I can be reached in Austin.
We are making final changes to the orig presentation today - I will be  reviewing those tomorrow in Austin.
I am e:mailing you a current draft  version, although it does not yet reflect all of the changes needed.
I am  still trying to eliminate some pages to make it more a more manageable size.
I have taken the work that Rahil and Fred have done on the services and have  made that into an appendix - nice work, but way too much detail for a  presentation.
","Discretionary Holiday - Friday, April 13","안녕하세요, [수신자] 님

저는 올해의 자유 휴가로 성금요일을 정했습니다. 저는 딸과 함께 [지역명]에 가서 [대학명]에서 딸의 공식 투어와 정보 세션에 참석하고 기숙사도 둘러볼 예정입니다. [이름]는 [지역명]에서 저에게 연락할 수 있는 전화번호를 알려줄 것입니다.

오늘 원래 프레젠테이션에 대한 최종 변경을 하고 있습니다. 내일 [지역명]에서 검토할 예정입니다. 현재 초안 버전을 이메일로 보내드리지만 아직 필요한 모든 변경 사항이 반영되지 않았습니다. 저는 여전히 관리하기 쉬운 크기로 만들기 위해 일부 페이지를 제거하려고 노력하고 있습니다.

저는 [이름1]과 [이름2]가 예배에서 한 작업을 가져와 부록으로 만들었습니다. 훌륭한 작업이지만 프레젠테이션에는 너무 자세합니다.

감사합니다.
[발신자]"
"This is the note that I mentioned that I sent to Philippe today about space  in the new building.
You can take up the cause with Philippe when he  returns.
I am meeting with Tammy Shepperd at 1:30 tomorrow on some space  planning details.
I will tell her that Sheri's group should be located with  yours, and by that time I should be able to tell her that Sheri's group will  be reporting to you.
I will call you tomorrow after I talk with Sheri - should be by 11:00 am.
",Space Planning - Product Control Group,"안녕하세요,

오늘 [이름]에게 새 건물의 공간에 대해 보냈다고 언급한 메모입니다. [이름]이 돌아오면 그 문제를 제기할 수 있습니다.

내일 [시간]에 [이름1]와 만나 공간 계획 세부 사항에 대해 논의할 예정입니다. [이름2]의 그룹이 여러분 그룹과 함께 있어야 한다고 말씀드리겠습니다. 그때쯤이면 [이름2]의 그룹이 여러분에게 보고할 것이라고 말씀드릴 수 있을 것입니다.

[이름2]와 통화한 후 내일 전화드리겠습니다. [시간2]까지가 연락드리겠습니다.

감사합니다.
[발신자]"
"In re-reading this, I noticed that Todd Hall was included in the distribution  list.
He is the only one from Brent's team included.
Do you want to copy  Brent as well, or was Todd's inclusion due to his previous responsibility  over the MPR, which now is managed by Susie Ayala.
Either way, you may want  to include Brent on the message just so that he and his team know about the  creation of this common drive.
What about Georgeanne Hodges?
Should she be notified as well?
You may also  want to copy Wes as an FYI.
Thanks.
",Complete list?,"안녕하세요,

다시 읽어보니 [이름]이 배포 목록에 포함되어 있었습니다. 그는 [이름1] 팀에서 유일하게 포함된 사람입니다.

[이름1]에게도 복사하시겠습니까? 아니면 [이름]가 포함된 것은 이전에 MPR을 담당했기 때문인가요? 지금은 [이름2]가 관리하고 있습니다.

어느 쪽이든 [이름1]를 메시지에 포함시켜서 그와 그의 팀이 이 공통 드라이브의 생성에 대해 알 수 있도록 하세요.

[이름3]는 어떻습니까? 그녀에게도 알려야 합니까? 참고로 [이름4]에게도 복사해 두세요.

감사합니다.
[발신자]"
"According to Tammy Shepperd who is very involved in space allocation for the  new building, a location for Sheri Thomas' Product Control Group remains up  in the air.
Sheri, Andy Zipper, John Cummings, and Surresh have met to  discuss space, and all agree that Sheri's group needs to be located with  their groups.
My understanding is that you have designated a certain number  of spaces for ENW on the trading floors, but that Sheri's group is not  included in that count.
Can we get together when you return to the office  next week and discuss floor space?
Thanks.
--Sally
",Space Planning - Product Control Group,"안녕하세요,

새 건물의 공간 할당에 매우 관여하고 있는 [이름]에 따르면, [이름1]의 제품 관리 그룹의 위치는 여전히 불확실합니다. [이름1], [이름2], [이름3], [이름4]가 모여서 공간에 대해 논의했고, 모두 [이름1]의 그룹이 자신의 그룹과 함께 위치해야 한다는 데 동의했습니다.

제가 알기로는 거래소에 ENW를 위한 특정 수의 공간을 지정했지만 [이름1]의 그룹은 그 수에 포함되지 않았습니다.

다음 주에 사무실로 돌아오시면 모여서 바닥 공간에 대해 논의할 수 있을까요?

고맙습니다.
[발신자]
"
"Beth Apollo has recently joined the team and Brenda Herod has recently  married.
February and March were gone before I could get organized enough to  try to celebrate both of these occasions.
In honor of Beth's arrival and  Brenda's marriage, I hope that you can join David and me for drinks and  appetizers at our house on Saturday, May 5, followed by dinner at Champions  Golf Club.
Please include your spouse or a guest, and know that we will also  be happy to just have you attend.
Let me know if that date will work for  you.
",Hold the Date,"안녕하세요,

[이름]가 최근 팀에 합류했고 [이름1]이 최근 결혼했습니다. 2월과 3월은 제가 이 두 가지 행사를 축하할 만큼 조직화하기 전에 지나갔습니다.

[이름]의 도착과 [이름1]의 결혼을 기념하여, 5월 5일 토요일에 [이름2]와 저와 함께 저희 집에서 음료와 애피타이저를 즐기고, 그다음에는 챔피언스 골프 클럽에서 저녁 식사를 하시기 바랍니다.

배우자나 손님을 포함시켜 주시고, 여러분만 참석하셔도 기쁠 것입니다. 그 날짜가 맞는지 알려주세요.

감사합니다.
[발신자]"
"Patti will be distributing Astros tickets to you for the 2001 season.
We  used a process that gives you tickets for games in proportion to the number  of employees on your team.
I hope that you will enjoy the games and that you  will also be able to use some of the tickets to reward employees for a job  well done.
We have improved our tickets this year.
Thanks to Patti, who scoped out  options for new tickets, and to my husband, who studied advantages and  disadvantages of each option, we  have some good seats for the year.
The new  tickets (4 together) are Dugout tickets, located between home and third base,  about 28 rows up from the field.
Not aisle tickets this year, but I sat in  the seats for the pre-season opener, and they are a big improvement over last  year!
We will work on the aisle for next  year.
We also still have the two  Terrace level tickets as we did last year.
For some games you will get all 6  tickets, and for others you may get either the Dugout Tickets or the Terrace  tickets.
Not a bad start to the season so far, so hopefully the new ballpark jinx is  history!
--Sally
",Astros Tickets 2001 Season,"안녕하세요,

[이름]가 [년도]년 시즌에 애스트로스 티켓을 배포할 것입니다. 우리는 직원 수에 비례하여 경기 티켓을 제공하는 프로세스를 사용했습니다. 경기를 즐기시고 일부 티켓을 사용하여 직원들이 잘한 일에 대한 보상을 받을 수 있기를 바랍니다.

올해 티켓을 개선했습니다. 새로운 티켓 옵션을 조사한 [이름]와 각 옵션의 장단점을 연구한 남편 덕분에 올해 좋은 좌석을 확보할 수 있었습니다. 새로운 티켓(총 4장)은 홈과 3루 사이에 위치한 더그아웃 티켓으로 필드에서 약 28열 위에 있습니다. 올해는 통로 티켓이 아니지만 프리시즌 오프닝 때 좌석에 앉았는데 작년보다 크게 개선되었습니다! 내년에는 통로 티켓을 작업할 것입니다.

작년처럼 테라스 레벨 티켓도 두 장 남아 있습니다. 일부 경기에서는 티켓 6장을 모두 받을 수 있고 다른 경기에서는 더그아웃 티켓 또는 테라스 티켓을 받을 수 있습니다. 지금까지 시즌이 나쁘지 않게 시작되었으니, 새로운 야구장 징크스가 역사가 되기를 바랍니다!

감사합니다.
[발신자]
"
"Your recent voice mail message to me indicated that you maintain a list of  board positions held by VP's and above.
I thought that it might be helpful  to have this in writing to add to your list.
Beginning with a fiscal year  that starts April 2001, I am now a member of the Board and President-Elect of  National Charity League, a mother-daughter community volunteer organization.
We have over 300 members, including mothers and their daughters in grades 7  through 12, in the Spring/Champions area.
We run bingo games in local  nursing homes, provide ""coaching"" during practices for Special Olympics  volleyball, tennis, track and bowling, stock local food pantries, work with  children in after-school programs in the local elementary schools, etc.
It  is a great way to create common goals for mother and daughter teams with a  focus on others, at a time when girls would otherwise tend to be focused only  on themselves.
The hope is that this early introduction to volunteerism will  remain with the girls as a lifelong commitment.
",Community Board Position,"안녕하세요,

최근에 저에게 보내주신 음성 메시지에 따르면 부사장 이상 직책의 이사회 직책 목록을 보관하고 있다고 합니다. 이 목록을 서면으로 작성하여 추가하면 도움이 될 것 같습니다.

[년도]년 [월]월에 시작하는 회계 연도부터 저는 현재 [기관명]의 이사회 위원이며, 자원봉사 단체인 [기관명]의 차기 회장입니다. 

감사합니다.
[발신자]"
"I won't bury you with constant examples, but am copying you on this note  regarding floor meetings.
While operations is now a part of Enron Net Works,  I believe that the only meaningful piece of that to Philippe and Greg is our  commercialization effort.
They are not in the habit of considering the 500  people who provide critical services to EA, EGM and EIM daily.
Floor  meetings set by Greg and Philippe were apparently aimed at the IT teams, and  yet my group has added over 500 employees to Net Works in Houston alone with  our reorganization late last fall.
I will diligently work with Philippe and  Greg on this on an on-going basis.
While not fully embraced as part of Net  Works, my operations team now is organizationally separated from the key  Enron businesses that we support.
I suspect that motivating and managing in  this environment will become increasingly challenging.
This is an FYI more  than anything else.
--Sally
",Suggestions for Floor Meeting Locations,"안녕하세요,

저는 끊임없이 예를 들어 당신을 묻어버리지는 않겠지만, 회의에 관한 이 메모에 대해서는 당신을 따라합니다. 운영은 이제 [기업명]의 일부이지만, 저는 [이름]과 [이름1]에게 유일하게 의미 있는 부분은 우리의 상업화 노력이라고 믿습니다. 그들은 매일 [서비스명1], [서비스명2] 및 [서비스명3]에 중요한 서비스를 제공하는 500명의 사람들을 고려하는 습관이 없습니다.

[이름1]와 [이름]이 설정한 회의는 IT 팀을 대상으로 한 것 같지만, 저희 그룹은 작년 가을에 재편하면서 [지역명]의 [부서명]에만 500명 이상의 직원을 추가했습니다. 저는 [이름]과 [이름1]와 지속적으로 이 문제를 해결하기 위해 부지런히 노력할 것입니다.

[부서명]의 일부로 완전히 수용되지는 않았지만, 저희 운영 팀은 이제 우리가 지원하는 주요 [기업명] 사업부와 조직적으로 분리되었습니다. 저는 이 환경에서 동기를 부여하고 관리하는 것이 점점 더 어려워질 것으로 생각합니다.

감사합니다.
[발신자]"
"I have talked with Jeff Gossett, Leslie Reeves and Stacey White to let them  know about the Saturday effort and the Sunday meeting.
They all will be in  town this weekend and will be on call.
Their contact numbers are listed  below:
",Energy Operations Contacts,"안녕하세요, [수신자] 님

저는 [이름], [이름1], [이름2]와 토요일 활동과 일요일 회의에 대해 이야기했습니다. 그들은 모두 이번 주말에 [지역명]에 와서 대기할 것입니다.

그들의 연락처는 아래와 같습니다.
[전화번호]

감사합니다.
[발신자]"
"I am hosting drinks at my home and dinner at Champions Golf Club on Saturday,  May 5 for my operations team and their spouses.
Greg and I talked about this  today.
He asked me to e-mail you so that you could put this on his calendar  and said that you would e-mail his wife to check the date as well.
If he and  his wife are available, I will let you know details as it gets closer.
Thanks for your help.
--Sally
",For Greg's Calendar - Dinner with Operations Team,"안녕하세요,

저는 [날짜] [요일]에 제 집에서 음료와 저녁 식사를 [장소]에서 제 운영팀과 그들의 배우자들과 함께 주최할 예정입니다. [이름]와 저는 오늘 이 문제에 대해 이야기했습니다. 그는 저에게 이메일을 보내서 일정에 넣어달라고 부탁했고, 그의 아내에게도 이메일을 보내서 날짜를 확인하라고 했습니다.

그와 그의 아내가 가능하다면, 날짜가 가까워지면 자세한 내용을 알려드리겠습니다.

도와주셔서 감사합니다.
[발신자]"
"Would you like to be included?
We will try to start this next week.
I will  ask Patti to get with you on the details.
--Sally
",Weekly Focus on Commercialization of Services,"안녕하세요,

[직접 입력]에 포함되고 싶나요? 다음 주에 시작하려고 노력 중입니다. [이름]에게 자세한 내용을 알려달라고 부탁할게요.

감사합니다.
[발신자]"
"In a meeting with Louise Kitchen today, she mentioned that Bob Superty was  very impressive in a presentation that he made to the Peoples Energy Board of  Directors on Wednesday.
She was very complimentary.
I have let Bob know  about Louise's praise.
Thought that you would like to know as well.
",Peoples presentation,"안녕하세요 [수신자],

오늘 [이름]과의 회의에서 그녀는 [이름1]가 수요일에 [기업명] 이사회에 한 프레젠테이션에서 매우 인상적이었다고 언급했습니다. 그녀는 매우 칭찬했습니다.

저는 [이름2]에게 [이름]의 칭찬에 대해 알렸습니다. 당신도 알고 싶어할 것이라고 생각했습니다.

감사합니다.
[발신자]"
"I didn't read through all of the names, but wanted to make sure that we are  including Beth Apollo on invites to participate in recruiting.
I think that  I mentioned her to you.
She is a VP who joined my team in January after  spending four years in Enron's London office.
She graduated from Trinity and  worked in public accounting before coming to Enron.
She would be great to  have on a team.
I would love for her to join us at UT, but if she has  another preference that is great, too.
If she is not on your list yet, why  don't you call her for an introduction and give her the rundown on the  schools that you are responsible for so that she can make a choice.
Thanks.
",Addition to Re: Recruiting Expo,"안녕하세요,

모든 이름을 다 읽어보지는 않았지만, 모집에 참여하기 위한 초대장에 [이름]을 포함시키고 싶었습니다. 제가 그녀에 대해 말씀드린 것 같습니다. 그녀는 [기업명]의 [지역명] 사무실에서 [경력]년을 보낸 후 [월]월에 저희 팀에 합류한 부사장입니다.

그녀는 [직접 입력]를 졸업하고 [기업명]에 오기 전에 공인 회계사로 일했습니다. 그녀를 팀에 영입하면 좋을 것 같습니다. 저는 그녀가 [학교명]에 합류하기를 바라지만, 다른 선호 사항이 있다면 그것도 좋습니다.

아직 목록에 없다면, 그녀에게 전화해서 소개를 받고, 담당 학교에 대한 간략한 설명을 해서 그녀가 선택할 수 있도록 하세요.

감사합니다.
[발신자]"
"Mary Solmonson, one of my direct reports, has been out of the office since  March 1, 2001 and it is not readily known when she will return to work.
All  business voice mail messages require a prompt response from our business  unit.
Therefore, I am requesting your assistance in completing the following  tasks:  1)  Please grant Vanessa Schulte access to Mary Solmonson's voice mail so  that she change the access code for retrieving messages so that she can  review any incoming voice mail messages and deliver appropriate business  responses.
",Access and Changes to Mary Solmonson's Voice Mail,"안녕하세요,

내 직속 보고자 중 한 명인 [이름]은 [년도]년 [날짜] 이후로 사무실을 비웠으며 언제 직장에 복귀할지 알 수 없습니다. 모든 업무 음성 메일 메시지는 사업부에서 즉시 응답해야 합니다.

따라서 다음 작업을 완료하는 데 도움을 요청합니다.

[이름]에게 [이름1]의 음성 메일에 대한 액세스 권한을 부여하여 그녀가 수신 음성 메일 메시지를 검토하고 적절한 업무 응답을 전달할 수 있도록 메시지를 검색하는 액세스 코드를 변경하십시오.

감사합니다.
[발신자]
"
"Mary Solmonson, one of my direct reports, has been out of the office since  March 1, 2001 and it is not readily known when she will return to work.
All  business related e-mail messages require a prompt response from our business  unit.
Therefore, I am requesting your assistance in completing the following  tasks:  1)  Grant the necessary access to me to be able to review the incoming  e-mails directed to Mary Solmonson since March 1, 2001 through today so that  I can determine which ones require a business response that I can handle.
Can these be transferred to my e:mail as a simplified way for me to complete  this review?
2) Effective immediately, please create an automatic message for Mary's  e-mail box that states ""I am out of the office.
All e-mails are being  forwarded to Vanessa Schulte for response.""
3)  Effectively immediately, please route any new incoming e-mail messages to  Vanessa Schulte's mail box.
Thanks in advance for your help on this matter.
",Access to Mary Solmonson's e-mail,"안녕하세요,

직속 보고자 중 한 명인 [이름]은 [날짜]부터 사무실을 비웠으며 언제 복귀할지 알 수 없습니다. 모든 업무 관련 이메일 메시지는 사업부에서 즉시 답장을 해야 합니다.

따라서 다음 작업을 완료하는 데 도움을 요청합니다.

[날짜]부터 오늘까지 [이름]에게 전송된 수신 이메일을 검토하여 내가 처리할 수 있는 업무 답장이 필요한 이메일을 확인할 수 있도록 필요한 액세스 권한을 부여해 주십시오. 이 검토를 완료하기 위한 간소화된 방법으로 이를 내 이메일로 전송할 수 있습니까?

즉시 유효합니다. [이름]의 이메일 상자에 ""저는 사무실을 비웠습니다. 모든 이메일은 답장을 위해 [이름1]에게 전달됩니다.""라는 자동 메시지를 생성해 주십시오.

감사합니다.
[발신자]"
"It didn't occur to me until seeing Richard's message that we might have a  hole in communications with Mary being out on an extended basis.
We should  probably create a message on Mary's phone that refers callers to someone else  - ditto on e:mail messages.
Beth, does it make sense for that referral to be  James, or you, or Vanessa?
Others within our organization that may try to  reach Mary could have questions about global databases, projects that Joel's  group had been handling, etc.
I am not trying to put this off on you if you  don't think it is appropriate - but James and/or Vanessa came to mind as  possible contacts.
By copy to Hector, I also wonder if we should review  incoming e:mails that have come to Mary over the last several weeks to see if  there are some internal requests to which we need to respond.
Let me know  what you think.
--Sally
",Contact for Mary's phone,"안녕하세요,

[이름]의 메시지를 보기 전까지 [이름1]가 장시간 외출 중이어서 통신에 구멍이 생겼을 수도 있다는 생각이 들지 않았습니다. [이름1]의 전화에 발신자를 다른 사람에게 추천하는 메시지를 만들어야 할 것 같습니다. 이메일 메시지도 마찬가지입니다.

[이름2], 그 추천이 [이름3], 아니면 당신, 아니면 [이름4]가 되는 게 합리적일까요? [이름1]에게 연락을 시도할 수 있는 우리 조직 내의 다른 사람들은 글로벌 데이터베이스, [이름5]의 그룹에서 처리하던 프로젝트 등에 대해 질문이 있을 수 있습니다.

적절하지 않다고 생각된다면 당신에게 떠넘기려는 것이 아닙니다. 하지만 [이름3]와/또는 [이름4]가 가능한 연락처로 생각났습니다. [이름5]에게 사본을 보내면서, 지난 몇 주 동안 [이름1]에게 온 수신 이메일을 검토하여 응답해야 할 내부 요청이 있는지 확인해야 할지 궁금합니다.

당신의 생각을 알려주세요.
[발신자]"
"Please ask Sheri Thomas if this person needs access to EOL applications.
I  don't recognize the names.
The name noted as manager is Loyd Will, who is a  commercial employee reporting to Kevin Presto.
Thanks.
",Request Submitted: Access Request for gautam.gupta@enron.com,"안녕하세요,

이 사람이 EOL 애플리케이션에 액세스해야 하는지 [이름]에게 물어보세요. 이름을 알 수 없습니다. 관리자로 기록된 이름은 [이름1]로, [이름2]에게 보고하는 상업 직원입니다.

감사합니다.
[발신자]
"
"Resume attached per my voice mail to you.
This guy is currently at Compaq,  but wants to do something else.
Any interest?
As I said in my voice mail, I  will be glad to call my friend Dave Schempf to get more info on this guy if  you would like.
--Sally
",Trading position,"안녕하세요,

내 음성 메일에 이력서를 첨부했습니다. 이 사람은 현재 [기업명]에 있지만 다른 일을 하고 싶어합니다. 관심이 있으신가요?

음성 메일에서 말했듯이, 원하시면 친구 [이름]에게 전화해서 이 사람에 대한 자세한 정보를 얻을 수 있습니다.

감사합니다.
[발신자]
"
"FYI - People tend to forget that we have some parts of the business that run  24 hours a day.
We often get notices like the one sent on March 29 below  without much lead time and without regard to potential business impact.
Bob  Superty has done a good job in scrambling to provide business solutions for  us in gas scheduling.
This is a good team that knows how to react quickly.
",Telephone Outage Enron Houston,"안녕하세요,

사람들은 우리 사업의 어떤 부분은 하루 24시간 운영된다는 사실을 잊는 경향이 있습니다. 우리는 종종 [날짜]에 보낸 것과 같은 통지를 리드타임 없이, 그리고 잠재적인 사업적 영향을 고려하지 않고 받습니다.

[이름]는 가스 일정에서 우리에게 사업적 솔루션을 제공하기 위해 애쓰는 데 좋은 일을 했습니다. 이들은 신속하게 대응하는 방법을 아는 좋은 팀입니다.

감사합니다.
[발신자]"
"In a recent CommodityLogic staff meeting, I took stock of the number of  people and projects that I have provided from Energy Operations to that  team.
From conversations that you and I have had, I get the impression that  perhaps others have led you to believe that my commitment to CommodityLogic  has been limited.
The truth is that I hand picked key members of the team  and transferred projects that we were already undertaking in Energy  Operations to round out the suite of products to be offered through  CommodityLogic.
I just thought that it might be helpful for you to have the  facts so that you are fully informed whenever you are involved in  conversations around CommodityLogic.
Staffing Contributions  CommodityLogic Project Manager (NomLogic):  Carrie Slagle, Manager  CommodityLogic Project Maanger (Integration):  Susan Harrison, Manager  CommodityLogic Project Manager (ContactLogic)  Mary Solmonson, Senior  Director  CommodityLogic Team Member (NomLogic):  Molly Sumrow, Specialist   User Requirement and Testing Staff:  Energy Operations Gas Schedulers, Power  Confirmation Team and   Financial Settlements   Projects Transferred to CommodityLogic   NomLogic (previously known as Contract Exchange in Energy Operations)  ContactLogic (global databases in Energy Operations)    Two of the Project Managers on the team, Carrie Slagle and Susan Harrison,  were transferred from Energy Operations to CommodityLogic.
Both had worked  in managerial roles in our natural gas business, reporting to Brent Price.
Both had been significantly challenged in the first half of 2000 by roles  where they were charged with managing large teams of people.
But knowing  both Carrie and Susan well, I viewed them as valuable members of the  operations team who know a lot about the business.
Both have proven in the  past to be good project leaders.
Therefore, identifying them as project  managers for CommodityLogic made a lot of sense -- providing gas operations
",Contributions to CommodityLogic,"안녕하세요,

최근 [프로젝트] 직원 회의에서 저는 [기업명]에서 해당 팀에 제공한 사람과 프로젝트의 수를 정리했습니다. 저와 귀하께서 나누신 대화를 통해, 다른 사람들이 제가 [프로젝트]에 대한 헌신이 제한적이라고 믿게 했을 수도 있다는 인상을 받았습니다. 사실 저는 팀의 핵심 구성원을 직접 선정하여 [기업명]에서 이미 진행 중이던 프로젝트를 [프로젝트]을 통해 제공할 제품군을 완성하기 위해 이전했습니다.

저는 [프로젝트]에 대한 대화에 참여할 때마다 사실을 알고 있으면 도움이 될 것이라고 생각했습니다.

인력 기여:
[프로젝트] 프로젝트 관리자: [이름]
관리자 [프로젝트] 프로젝트 관리자(통합): [이름1]
관리자 [프로젝트] 프로젝트 관리자: [이름2]
수석 이사 [프로젝트] 팀원: [이름3]
전문가 사용자 요구 사항 및 테스트 직원: [기업명] 가스 스케줄러, 전력 확인 팀 및 재무 정산 프로젝트가 [프로젝트]으로 이전됨 (이전에는 에너지 운영 부문에서 Contract Exchange로 알려짐)

[프로젝트] 팀의 프로젝트 관리자 두 명인 [이름4]과 [이름5]이 에너지 운영 부문에서 [프로젝트]으로 이전되었습니다. 둘 다 [이름6]에 보고하는 천연 가스 사업에서 관리자 역할을 맡았습니다. 둘 다 [년도]년 상반기에 대규모 인력 팀을 관리하는 역할을 맡아 상당한 어려움을 겪었습니다. 하지만 [이름7]와 [이름8]을 잘 알고 있었기 때문에 저는 그들이 사업에 대해 많은 것을 아는 운영 팀의 소중한 구성원이라고 생각했습니다. 둘 다 과거에 훌륭한 프로젝트 리더임이 입증되었습니다.

따라서 그들을 [프로젝트]의 프로젝트 관리자로 지정하는 것이 매우 합리적이었습니다.

감사합니다.
[발신자]"
"FYI  I will be out of the office on Wednesday, March 28.
I will be in Austin  interviewing 1st year MBA students for the Enron Scholarships.
This will be  the third year that Enron will give two to three $10,000 scholarships to top  MBA students for use in their second year in business school.
It's great PR  for Enron on campus (largest MBA scholarships given) and it has helped in our  recruiting efforts as well.
We hired one of the first scholarship winners  and he now works as an Associate in Generation Investments in Enron  Americas.
Gene Humphrey was the senior member of the four-person interview  team.
Now that is me.
This is just a day trip, and I will check messages  during breaks and will be back in Houston late Wednesday afternoon.
I will also be in New York on Friday, March 30.
Steve Kean asked that I be  the Enron participant at a Women in Business panel discussion at Columbia  School of Business.
I think that the list of female MD's with their MBA is  a short one.
",Commitments this Week,"안녕하세요,

저는 [날짜] [요일]에 사무실을 비울 예정입니다. 저는 [지역명]에서 [기업명] 장학금을 위한 1학년 MBA 학생들을 인터뷰할 예정입니다. 이것은 [기업명]이 경영대학원 2학년을 위한 2~3명의 최고 MBA 학생들에게 10,000달러 장학금을 제공하는 3년차입니다. 이는 캠퍼스에서 [기업명]을 홍보하는 데 큰 도움이 되었고(최대 규모의 MBA 장학금 제공), 우리의 채용 노력에도 도움이 되었습니다.

우리는 최초의 장학금 수혜자 중 한 명을 고용했고 그는 현재 [기업명]에서 [부서명]의 [직책명]으로 일하고 있습니다. [이름]는 4인으로 구성된 인터뷰 팀의 수석 멤버였습니다. 그게 바로 저입니다.

이것은 당일치기 여행일 뿐이고, 휴식 시간에 메시지를 확인하고 [지역명]으로 돌아갈 것입니다.

저는 또한 [날짜] 금요일에 [지역명]에 갈 예정입니다. [이름1]이 저에게 [학교명]에서 열리는 [이벤트명]에 [기업명] 참가자가 되어 달라고 요청했습니다. 저는 여성 MBA를 취득한 MD는 짧습니다.

감사합니다.
[발신자]"
"Bob & Leslie,  Sally asked me to set up several meetings for next week.
1st one -  subject:  exactly what CommodityLogic is going to mean to us and how it will  work for us.
She wants the two of you plus:  Leslie - can you designate your  best person for ConfirmLogic & InvoiceLogic and Bob your best person for  NomLogic.
Probably 1 &1/2 hours Monday.
Please let me know your  availability.
2nd one:  Will probably be Thursday morning - can you check availability for  this one also (2 hours).
Participants would be all of the above + Greg  Piper, Tom Gros, Carrie Slagle, Project Managers for InvoiceLogic,  ConfirmLogic, & BankLogic + Mark Taylor in Legal.
Purpose:  Discussion  between Project Managers and end users on CommodityLogic.
I will wait to hear from you Monday morning re: 1st meeting.
I will talk to  Greg's assistant re: his availability on Thursday and get back with you on  2nd meeting.
Thanks,
",Meetings for next week,"안녕하세요,

[이름]과 [이름1], [이름2]가 다음 주에 여러 회의를 잡아달라고 부탁했어요.

첫 번째 회의
주제: [시스템명]이 우리에게 정확히 어떤 의미가 있고 어떻게 작동할지.
[이름2]는 여러분 둘과 함께: [이름1] - [시스템1] 및 [시스템2]에 가장 적합한 사람을 지정해 주시고, [이름]은 [시스템3]에 가장 적합한 사람을 지정해 주세요. 아마 [요일1]에 1시간 30분 정도 걸릴 거예요. 시간을 알려주세요.

두 번째 회의
아마 [날짜] [시간]일 거예요. 이 회의(2시간)도 가능한지 확인해 주세요.
참석자는 위에 나열된 모든 사람 + [시스템명] 프로젝트 관리자인 [이름3], [이름4], [이름5] + 법무부 [이름6]입니다.
목적: [시스템명] 프로젝트 관리자와 최종 사용자 간의 토론.

[요일2] 오전에 첫 번째 회의에 대한 연락을 기다리겠습니다.
목요일에 [이름7]의 비서와 그의 가능한 시간에 대해 이야기하고, 명일에 다시 연락드리겠습니다.

고맙습니다.
[발신자]
"
"Did you get the changes that we discussed yesterday included before the  response to the RFP went to CMS?
Also, please send me a copy of the complete response to the RFP, assuming you  have that.
You mentioned yesterday that the document we were reviewing was  only part of the package.
I would like to see the whole thing.
Thanks.
",Response to RFP,"안녕하세요 [수신자],

어제 논의했던 변경 사항을 [시스템명]에 대한 제안 요청서(RFP) 응답을 보내기 전에 포함했나요? 또한, RFP에 대한 전체 응답 사본을 보내주실 수 있나요? 가지고 있다고 가정하고 있습니다.

어제 우리가 검토하고 있는 문서가 패키지의 일부일 뿐이라고 언급하셨잖아요. 전체 내용을 보고 싶습니다.

감사합니다.
[발신자]"
"I didn't search this long list of addressees to see if you were included.
In  case this is going only to Peggy, I thought that I would forward this since  she is still on vacation.
--Sally
",Credit Watch List--3/20/01,"안녕하세요 [수신자],

나는 당신이 포함되었는지 보기 위해 이 긴 수신자 목록을 검색하지 않았습니다. 만약 이것이 [이름]에게만 전달된다면, 그녀가 아직 휴가 중이기 때문에 이것을 전달하려고 생각했습니다.

감사합니다.
[발신자]"
"Have you heard any more about this?
I didn't see it on my calendar.
This  does conflict with Philippe's Thursday staff meeting I believe.
Maybe  Philippe will cancel that.
Let me know.
Thanks.
--Sally
",Lite Bytz Panel Discussion,"안녕하세요 [수신자],

이에 대해 더 들은 게 있나요? 제 일정에는 없었어요. [이름]의 [요일] 직원 회의와 겹치는 것 같아요. [이름]이 취소할지도 몰라요. 알려주세요.

고맙습니다.
[발신자]"
"I will be on vacation the week of March while my children are on Spring  Break.
We will be out of town Monday through Wednesday, looking at colleges  with Meagan.
We should return to Houston on Wednesday night.
I have planned  to be out of the office for the balance of the week, but may decide to return  to work on Thursday and Friday.
My assistant, Patti Thompson (x39106), will  have contact numbers for me while I am out of town in case something urgent  arises.
I will also let her know during the week whether or not I will be  back at work on Thursday and Friday.
In my absence, the following persons are key contacts:  Commercialization of Services:  James Scribner   x39641        Beth Apollo   x35014  Enron Americas Operations:   Gas:  Bob Hall   x36956         Jeff Gossett   x37306         Power:  Stacey White  x31870  Enron Global Markets Operations:  Brent Price    x37647  Enron Industrial Markets Operations: Brenda Herod   x35778  Enron Europe Operations:   Mike Jordan   7830-34703  Global Services:     Beth Apollo   x35014
",Operations Contacts - Week of March 12,"안녕하세요 [수신자],

저는 아이들이 봄 방학 동안 [월] 주에 휴가를 갈 예정입니다. 우리는 월요일부터 수요일까지 [이름]과 함께 대학을 둘러보며 외지에 있을 예정입니다. 수요일 밤에 [지역명]으로 돌아가야 합니다.

저는 이번 주 동안 사무실을 비울 계획이었지만, 목요일과 금요일에 다시 출근하기로 결정할 수도 있습니다. 제 비서인 이름1이 긴급한 일이 생길 경우를 대비해 제가 외출 중일 때 연락처를 알려드릴 것입니다.

목요일과 금요일에 다시 출근할지 여부도 주중에 알려드리겠습니다.

제 부재 시 주요 연락처는 다음과 같습니다:
[주요 부서1]: [이름2] [전화번호2], [이름3] [전화번호3]
[주요 부서2]: 가스: [이름4] [전화번호4], [이름5] [전화번호5]
[주요 부서3]: [이름6] [전화번호6]
[주요 부서4]: [이름7] [전화번호7]
[주요 부서5]: [이름8] [전화번호8]
[주요 부서6]: [이름9] [전화번호9]
[주요 부서7]: [이름10] [전화번호10]

감사합니다.
[발신자]"
"I will be out of the office on vacation the week of March 12.
My assistant,  Patti Thompson (x39106), will have contact numbers for me if you need to  reach me while I am out on vacation.
Below are the key Operations Contacts  for Enron Americas for the week of March 12:   Gas Operations    Jeff Gossett   x37306       Bob Hall   x36956  Power Operations   Stacey White   x31870  DPR      Shona Wilson  x39123       Chris Abel   x33102  MPR      Shona Wilson  x39123
",Operations Contacts - Week of March 12,"안녕하세요 [수신자],

저는 [월] [일] 주에 휴가로 사무실을 비울 것입니다. 제 비서인 [이름]([전화번호])이 제가 휴가를 가는 동안 연락이 필요하면 제 연락처를 알려드릴 것입니다.

감사합니다.
[발신자]"
"Since Sally is out of the office today, March 5 and will be out next Monday,  March 12, the OpRisk Forum Luncheon has been cancelled for both dates.
Please adjust your calendars accordingly.
The 10:00 AM staff meeting,  however, will be held as usual.
Thanks,
",OpRisk Lunch Cancelled for 3/5 and 3/12,"안녕하세요 [수신자],

[이름]가 오늘 [월] [일]에 사무실을 비우고 다음 월요일인 [월] [일]에 나갈 예정이므로 [직접 입력] 포럼 오찬은 두 날짜 모두 취소되었습니다. 일정을 그에 맞게 조정해 주시기 바랍니다.

그러나 [시간] 직원 회의는 평소처럼 진행됩니다.

감사합니다.
[발신자]"
"I will be out of the office on vacation on Friday, March 2 and Monday, March  5.
I will check messages at the end of both business days.
My assistant,  Patti Thompson ( x35926) will have contact numbers for me.
Since I will be a  chaperone for my daughter and 80 other girls from the high school drill team  at state competition in Dallas, it is unlikely that I will be easily  reachable during the day.
I will be back in the office on Tuesday, March 6.
",Out of the Office - March 2 and March 5,"안녕하세요 [수신자],

[월] [일] 금요일과 [월] [일] 월요일에 휴가로 사무실을 비울 예정입니다. 두 영업일이 끝나면 메시지를 확인하겠습니다.

제 비서인 [이름[([전화번호])이 제 연락처를 알려줄 것입니다. 저는 [지역명] 주 대회에서 제 딸과 고등학교 드릴 팀의 다른 80명의 소녀들을 보호자로 돌볼 예정이므로 낮에는 쉽게 연락할 수 없을 것 같습니다.

[월] [일] 화요일에 사무실로 돌아올 예정입니다.

감사합니다.
[발신자]"
"I have a stretch goal for the operations budget under Enron Americas to  reduce costs by the end of the year.
To this end, I have recently studied  possible options for reaching the targeted savings.
To make the best  decision on this, I have reviewed functions within my team on the basis of  core versus non-core functions, and the inherent cost versus value  proposition.
As a result, I made the decision last week to disband Joel Henenberg's team.
To fulfill the role of Joel and his team in leading IT initiatives, we will  lean on the appropriate IT project managers and the business sponsors/end  users.
Joel and his team were told of this decision on Friday afternoon last week.
Our HR rep spent some time with the team explaining the corporate  re-deployment service that they all will be working through over the next few  weeks.
Let me know if you have any questions regarding this.
While it was a tough  decision, I feel comfortable having made it.
",Disbanding of Joel Henenberg's Team,"안녕하세요 [수신자],

저는 연말까지 [기업명]의 운영 예산을 절감하기 위한 확장 목표가 있습니다. 이를 위해 저는 최근에 목표 절감에 도달하기 위한 가능한 옵션을 연구했습니다.

이에 대한 최상의 결정을 내리기 위해 저는 핵심 기능과 비핵심 기능, 그리고 내재적 비용 대 가치 제안을 기준으로 팀 내의 기능을 검토했습니다. 결과적으로 저는 지난주에 [이름]의 팀을 해산하기로 결정했습니다. IT 이니셔티브를 이끄는 [이름]과 그의 팀의 역할을 다하기 위해 적절한 IT 프로젝트 관리자와 비즈니스 스폰서/최종 사용자에게 의지할 것입니다.

[이름]과 그의 팀은 지난주 [요일] 오후에 이 결정을 들었습니다. 저희 HR 담당자는 팀과 함께 시간을 보내며 앞으로 몇 주 동안 모두가 작업할 기업 재배치 서비스에 대해 설명했습니다.

이와 관련하여 궁금한 사항이 있으면 알려주세요. 어려운 결정이었지만, 내린 결정이 마음에 듭니다.

감사합니다.
[발신자]"
"As a result of the reorg announcement a couple of weeks ago, this report  should now go to Philippe Bibi (or his assistant, Peggy McCurley).
Louise is  now in the office of the chair of Enron Americas.
Philippe has assumed the   role as chairman of Enron Net Works.
Since this report is a Net Works  report, please remove Louise from the distribution list and add Philippe and  Peggy effective immediately.
Also, I would like to review and perhaps edit the principal projects/deals  section each week before distribution.
What would be the most efficient way  to get this done and into your hands in a timely way?
--Sally
",Global Risk Management Operations Weekly Operating Report,"안녕하세요 [수신자],

몇 주 전의 조직 개편 발표의 결과로, 이 보고서는 이제 [이름](또는 그의 비서 [이름1])에게 전달되어야 합니다. [이름2]는 현재 [기업명]의 회장 사무실에 있습니다. [이름3]은 [기업명]의 회장 역할을 맡았습니다.

이 보고서는 [기업명] 보고서이므로 [이름2]를 배포 목록에서 제거하고 [이름3]과 [이름21]를 즉시 추가해 주십시오.

또한 배포하기 전에 매주 주요 프로젝트/거래 섹션을 검토하고 편집하고 싶습니다. 이 작업을 적시에 완료하여 귀하의 손에 전달하는 가장 효율적인 방법은 무엇일까요?

감사합니다.
[발신자]
"
"I have only taken a quick look at the attachment, but thought that I would  forward it to you.
Does it make sense?
$8MM in equipment charges for  us???????
Does that include depreciation (which is not equipment)?
Can you  give me the detail again on everything that falls under the ""Consultant""  line?
What is it and which RC's and RC owners have items there.
Thanks.
",2001 Group Expenses,"안녕하세요 [수신자],

첨부 파일을 잠깐 살펴보았지만, 전달해드리려고 합니다. 장비 비용이 [금액]달러인데요, 감가상각비(장비가 아님)가 포함되나요?

""[직접 입력]"" 항목에 해당하는 모든 항목에 대한 자세한 내용을 다시 말씀해 주시겠어요? 그게 무엇이고 어떤 [부서명]과 [소유자]가 거기에 항목을 가지고 있나요?

감사합니다.
[발신자]
"
"Just remember that the DPR is used as an accounting tool as well.
despite my  constant reminders that it is a tool for reporting daily trading results and  positions against board approved limits.
So do approach this as  fact-finding; and then I would suggest reviewing any recommendations that you  may have with Wes Colwell and the RAC group before any changes are made.
Looks like a good group.
I hope that all will attend and participate.
Did  Pam do some due diligence for you before sending this e:mail so that you know  this date and time works for everyone?
Keep me posted on progress.
--Sally
","DPR - what it consists of, where it is going","안녕하세요 [수신자],

DPR은 회계 도구로도 사용된다는 것을 기억하세요. 제가 그것이 이사회에서 승인한 한도에 대한 일일 거래 결과와 포지션을 보고하는 도구라는 것을 끊임없이 상기시켰음에도 불구하고요.

그러니 이것을 사실 조사로 접근하세요. 그리고 나서 변경하기 전에 [기업명]과 [기업명1] 그룹과 함께 여러분이 가진 모든 권장 사항을 검토하는 것이 좋습니다. 좋은 그룹인 듯합니다. 모두가 참석하고 참여하기를 바랍니다.

[이름]이 이 이메일을 보내기 전에 여러분을 위해 실사를 했나요? 그래서 이 날짜와 시간이 모든 사람에게 맞는지 알 수 있나요?

진행 상황을 계속 알려주세요.
[발신자]
"
"I need your help with a quick survey of how many interns you'd like to have  this year.
Sally needs to forward this number to Rick Causey by noon  tomorrow.
Please send me your rough count by 11:30 AM (Wednesday).
Thanks for your help,
",How many interns would you like?,"안녕하세요 [수신자],

올해 인턴을 몇 명이나 원하시는지 간단한 설문 조사를 도와주세요. [이름]는 내일 [시간]까지 이 숫자를 [이름1]에게 전달해야 합니다.

[요일] [시간]까지 대략적인 숫자를 보내주세요.

도와주셔서 감사합니다.
[발신자]
"
"Please change location of this meeting for this week only.
I would also  change the notation for this recurring meeting to ENW Staff Meeting with  Philippe with Peggy McCurley as the contact.
Thanks.
","ENW Staff Meeting, 2/22/01","안녕하세요 [수신자],

이번 주에만 이 회의 장소를 변경해 주세요. 또한 이 반복 회의의 표기를 [직접 입력]로 변경하고 싶습니다. [이름]과 [이름1]을 연락처로 합니다.

감사합니다.
[발신자]
"
"I will be working in the Calgary office Wednesday and Thursday, February 7  and 8.
My assistant, Patti Thompson (x39106) has numbers where I can be  reached.
I will be back in the Houston office on Friday, February 9.
Key contacts in Houston over the next two days are:  DPR   Chris Abel    x33102  MPR   David Maxwell   x36983  Gas Operations Bob Hall    x36956    Jeff Gossett    x37306  Power  Leslie Reeves   x37962 Operations  Stacey White    x31870
",In Calgary Office - February 7 and 8,"안녕하세요 [수신자],

저는 [월] [일]과 [일] 수요일과 목요일에 [지역명] 사무실에서 일할 예정입니다. 제 비서인 이름이 저에게 연락할 수 있는 번호를 알려드릴 것입니다.

저는 [월] [일] 금요일에 [지역명] 사무실로 돌아갈 예정입니다.

감사합니다.
[발신자]
"
"Congratulations on your promotion to Manager.
Brent Price, Bob Hall, Leslie  Reeves, Brenda Herod and I would like to invite you to a luncheon in  recognition of your promotion on Tuesday, February 6.
We appreciate your  contributions to the continuing success of Enron's wholesale services  business.
We would like the opportunity to help you celebrate your  promotion.
Please RSVP to Patti Thompson (x39106).
Details on time and location will  follow.
",Promotions Luncheon for Managers,"안녕하세요 [수신자],

매니저로 승진하신 것을 축하드립니다. [이름], [이름1], [이름2], [이름3], 그리고 저는 [월] [일] 화요일에 귀하의 승진을 기념하는 오찬에 초대하고자 합니다.

[기업명]의 도매 서비스 사업의 지속적인 성공에 기여해 주셔서 감사합니다. 귀하의 승진을 축하하는 데 도움을 드리고 싶습니다.

[이름4[([전화번호])에게 회신을 보내주십시오. 시간과 장소에 대한 자세한 내용은 추후에 알려드리겠습니다.

감사합니다.
[발신자]"
"I will be in the Calgary office with Peggy Hedstrom and her team next week on  Wednesday and Thursday, February 7 and 8.
Do either one of you have a specific issue that needs to be addressed that I  could handle while I am in Calgary?
My agenda with Peggy and her team is  pretty full, but I can add to that anything that you know of that we need to  address.
Just let me know.
That puts me in Calgary for the staff meeting on Wednesday.
I will sit in  with Rob Milnthorp on the video conference for the first hour of the  meeting.
I already had a meeting scheduled with all of Peggy's team during  the second hour of your staff meeting.
Due to location constraints, we will  have to keep that meeting as scheduled.
So I will have to step out of the  staff meeting for the second hour.
",In Calgary Office - February 7 and 8,"안녕하세요 [수신자],

저는 다음 주 [요일1]과 [요일2]인 [월] [일]과 [일]에 [이름]과 그녀의 팀과 함께 [지역명] 사무실에 있을 예정입니다. 제가 [지역명]에 있는 동안 제가 처리할 수 있는 특정 문제가 있으신가요?

[이름]와 그녀의 팀과의 제 일정은 꽤 꽉 차 있지만, 여러분이 알고 있는 해결해야 할 사항이 있으면 추가할 수 있습니다. 저에게 알려주시면 됩니다.

그러면 저는 [요일1]에 [지역명]에서 직원 회의에 참석하게 됩니다. 저는 회의 첫 시간 동안 [이름1]과 화상 회의에 참석할 것입니다. 저는 이미 직원 회의 두 번째 시간 동안 [이름]의 팀 전체와 회의를 예약해 두었습니다. 장소 제약으로 인해 그 회의는 예정대로 진행해야 합니다. 그래서 저는 두 번째 시간 동안 직원 회의에서 빠져나와야 합니다.

감사합니다.
[발신자]"
"Julie called me immediately after getting my e:mail message about you.
Her  role has changed once again at  Enron!
She is running more of a  fundamentals group at present.
Wanted to know if you would be interested in  that.
Told her that I couldn't speak for you.
I'd suggest that you contact  her and talk with her even if at first blush that may not be your first  interest.
Can't hurt to hear about what she is doing and spend some time  with her.
You may not then be interested in her rotation, but you'll know  more and she will know you.
FYI - she is a University of Nebraska graduate.
--Sally
",Conversation with Julie Gomez,"안녕하세요 [수신자],

[이름]는 당신에 대한 제 이메일 메시지를 받은 직후에 저에게 전화를 했습니다. 그녀의 역할은 [기업명]에서 다시 한 번 바뀌었습니다! 그녀는 현재 기본 그룹을 더 많이 운영하고 있습니다.

그녀에게 제가 당신을 대신해서 말할 수 없다고 말했습니다. 그녀에게 연락해서 이야기해 보는 것이 좋습니다. 그러면 당신은 그녀의 로테이션에 관심이 없을 수도 있지만, 당신은 더 많이 알게 될 것이고 그녀는 당신을 알게 될 것입니다.

참고로, 그녀는 [학교명] 졸업생입니다.

감사합니다.
[발신자]"
"I asked Mike this week if your baby was here, and he said that you had just  returned to the office.
Congratulations on the birth of your little girl.
I  hope that all three of you are surviving those first few weeks of adjustment  and that sleep is not too short a commodity in your house!
I will look  forward to seeing pictures of Lauren when I am next in London.
You do know  that now that you are a dad that it is a requirement to be armed with  adorable pictures at all times?
!
",Congratulations,"안녕하세요 [수신자],

이번 주에 [이름]에게 여기 있는지 물었는데, 방금 사무실로 돌아왔다고 하더군요. 세 분 모두 적응하는 첫 몇 주를 잘 견뎌내시고 충분한 휴식도 가지시길 바랍니다!


감사합니다.
[발신자]
"
"Just a quick note to see how you are doing.
I mentioned your name today to  Kristin Albrecht.
She is a Senior Director over Risk Management for Enron  Broadband Services (EBS).
Kristin and I used to work together in Enron  Americas, and we had lunch today to catch up.
She grew up in Wharton and is  an A&M graduate, so it occurred to me that you two have at least two things  in common.
I wanted you to know that I have given Kristin your name.
She  can be another contact for you here at Enron.
If you are interested in what  is going on at EBS or want to get Kristin's impressions on rotations within  or outside EBS, she would be great for you to visit with.
Drop by soon to give me an update on life at Enron for you.
--Sally
",Catch Up,"안녕하세요 [수신자],

당신이 어떻게 지내는지 간단히 알려드리려고 합니다. 오늘 [이름]에게 당신의 이름을 언급했습니다. 그녀는 [부서명]의 위험 관리 부문 상무입니다.

[이름]과 저는 [기업명]에서 같이 일했고, 오늘 점심을 먹으며 소식을 나누었습니다. 그녀는 [지역명]에서 자랐고 [학교명] 졸업생이어서 두 분이 적어도 두 가지 공통점이 있다는 생각이 들었습니다.

[이름]에게 당신의 이름을 알려드렸다는 것을 알려드리고 싶었습니다. 그녀는 [기업명]에서 당신의 또 다른 연락처가 될 수 있습니다. [부서명]에서 무슨 일이 일어나고 있는지 궁금하거나 [부서명] 내부 또는 외부에서 로테이션에 대한 [이름]의 인상을 알고 싶다면 그녀를 만나보면 좋을 것입니다.

곧 들러서 [기업명]에서의 삶에 대한 최신 소식을 전해주세요.

감사합니다.
[발신자]"
"Along with Mike McConnell, I am active in recruiting for Enron's Analyst  Program at the University of Oklahoma.
We became involved in recruiting  there two years ago when I learned about a targeted undergraduate program  that seemed like it could be a good fit for our program.
OU transformed  their old PLM (Petroleum Land Management) program into the Energy Management  Program in the School of Business.
This undergraduate degree retains the  geology, business law and other specialized classes that were part of the PLM  program, but adds additional finance hours with a focus on derivatives and a  trading floor course.
With the added plus of many of these students growing  up in or around ""energy"" families in Oklahoma or Texas, I thought that  recruiting top graduates from this program could be beneficial to Enron.
Our  recruiting efforts at OU continue to be successful and our OU Energy  Management graduates have done well at Enron.
Our first hire from OU (and the top Energy Management student) was Jody  Crook.
He joined the analyst program last February after a December 1999  graduation.
His first rotation has been on my team, working as a risk book  administrator in gas trading.
He is in the process of looking for a second  rotation at the end of February, and I think that he is someone that you  should consider for a rotation on your team.
In addition to this last year's  risk experience at Enron, Jody worked as a landman for two summers for  Burlington Resources.
I was very involved in recruiting Jody to Enron.
I think very highly of him,  and want to be sure that he has good rotations while in the Analyst program.
His background and your business seem to be a good fit.
Please visit with  Jody as he contacts your group about a rotation.
It will be well worth your  time.
Thanks.
",Recommendation for Analyst Rotation - Jody Crook,"안녕하세요 [수신자],

저는 [이름]과 함께 [학교명]의 [직접 입력] 채용에 적극적으로 참여하고 있습니다. 저희는 [기간] 전에 저희 프로그램에 적합할 것 같은 타깃 학부 프로그램에 대해 알게 되어 채용에 참여하게 되었습니다.

[학교명]은 기존 [프로그램명]을 경영대학의 [프로그램명]으로 전환했습니다. 이 학부 학위는 [기존 프로그램]의 일부였던 지질학, 상법 및 기타 전문 과목을 그대로 유지하지만 파생상품과 거래소 과정에 초점을 맞춘 추가 금융 시간을 추가합니다. 이 학생들 중 다수가 [지역명]나 [지역명]의 ""에너지"" 가정에서 자랐다는 추가적인 장점과 함께 이 프로그램의 최고 졸업생을 채용하는 것이 [기업명]에 유익할 수 있다고 생각했습니다.

[학교명]에서의 채용 노력은 계속해서 성공적이며 [학교명] 에너지 관리 졸업생은 [기업명]에서 좋은 성과를 거두었습니다. [학교명]에서 처음 채용한 사람은 [이름1]이었습니다. 그는 [졸업연도]년 [월]월 졸업 후 작년 [월2]월에 분석가 프로그램에 합류했습니다. 그의 첫 번째 로테이션은 제 팀에서 가스 거래에서 위험 관리 관리자로 일했습니다.

그는 [날짜]에 두 번째 로테이션을 찾는 과정에 있으며, 저는 그가 당신 팀의 로테이션에 고려해야 할 사람이라고 생각합니다. 작년 [기업명]에서의 위험 경험 외에도 [이름1]는 [기업명1]에서 두 여름 동안 토지 관리자로 일했습니다. 저는 [이름1]를 [기업명]에 영입하는 데 매우 관여했습니다. 저는 그를 매우 높이 평가하며, 그가 분석가 프로그램에 있는 동안 좋은 로테이션을 하기를 바랍니다.

그의 배경과 귀사의 사업은 잘 맞는 것 같습니다. [이름1]가 로테이션에 대해 귀사 그룹에 연락하면 그를 방문하세요. 시간을 들일 만한 가치가 있을 것입니다.

감사합니다.
[발신자]"
"During the budgeting process for 2001 I gave Dave Delainey an estimated cost  savings for Energy Operations assuming the sale of HPL.
Since this is clearly  on the horizon, we need to take a close look at opportunities for cost  savings and our estimated timing on those savings.
I will ask James by copy  of this memo to set up a meeting late this week to cover this.
I want to be  able to get back with Dave with more detailed estimates of cost savings.
",2001 Anticipated Budget Adjustments for HPL Sale,"안녕하세요 [수신자],

[연도] 예산 책정 과정에서 저는 [기업명] 매각을 가정한 에너지 운영에 대한 예상 비용 절감액을 [이름]에게 전달했습니다. 이것이 분명히 다가오고 있으므로, 우리는 비용 절감 기회와 그 절감액에 대한 예상 시기를 면밀히 살펴봐야 합니다.

이 메모 사본을 [이름1]에게 보내 이번 주 후반에 이 문제를 논의하기 위한 회의를 설정하도록 하겠습니다. 저는 비용 절감에 대한 더 자세한 추정치를 [이름]에게 다시 전달하고 싶습니다.

감사합니다.
[발신자]
"
"The name of the restaurant that I liked for lunch was Christophers.
It is at  Victoria Station, or in the lobby of what was or is a hotel at Victoria  Station.
Quick walk from the office.
Apparently, there is another location  at Covent Gardens.
Dinner last night was fun.
It is always great to see you either in Houston  or London.
Sorry that our goodbye was so abrupt.
I think that the taxi  driver was afraid that we would get him killed!
I called home last night and  told Amanda about our discussion on a day in Paris.
She is ready!!
Let us know when you will next be in Houston.
I should be here quarterly -  probably head back in March or April.
--Sally
",Restaurant Name,"안녕하세요 [수신자],

제가 점심으로 좋아했던 식당 이름은 [장소]였어요. [지역명] 역에 있거나, [지역명] 역에 있는 호텔 로비에 있어요. 사무실에서 걸어서 금방 갈 수 있어요. [장소1]에 또 다른 지점이 있는 것 같아요.

어젯밤 저녁은 즐거웠어요. [지역명]이나 [지역명]에서 여러분을 만나 뵙는 건 항상 기쁩니다. 작별 인사가 너무 갑작스러워서 미안해요. 택시 기사가 우리가 그를 죽일까봐 두려워했던 것 같아요!

어젯밤 집에 전화해서 [이름]에게 [도시명]에서 보낸 하루에 대한 이야기를 했더니 [이름]도 엄청 기대하더라고요. 여기에 다시 오시게 되면 알려주세요.

감사합니다.
[발신자]
"
"Please check the dates for that OpRisk seminar in New York and put those on  my calendar tentatively.
I got a message from Shona trying to schedule a  trip to Mexico and she thought that the week of February 5th looked good.
I  assume that she checked with you and that my calendar looked clear.
While I  have not yet made a decision on attending the NY seminar, I do need to hold  those dates.
I left Shona a message telling her that the week of February 19  would be better.
--Sally
",Calendar,"안녕하세요 [수신자],

[지역명]에서 열리는 [세미나] 세미나 일정을 확인하고 일정에 임시로 적어주세요. [이름]로부터 [지역명] 여행 일정을 잡으라는 메시지를 받았는데, [월] [일]이 좋은 것 같다고 했습니다. 그녀가 당신에게 확인했고 일정이 비어 있는 것 같습니다.

아직 [지역명] 세미나에 참석할지 결정하지는 않았지만, 그 날짜는 꼭 지켜야 합니다. [이름]에게 [월] [일]이 더 좋을 것이라고 메시지를 남겼습니다.

감사합니다.
[발신자]
"
"Technology is wonderful - I can log on here in the London office just as I do  in Houston.
I feel very in touch.
Sounds like you have been busy - I think  that the variety of items for the Sunday meeting sounds good.
Thanks for  taking care of all of this.
London is cold but sunny - so very nice.
I do love coming here - hope to  make the trip once a quarter this year.
I will be back at home by Friday  evening, so let me know if there is anything that I can do before the  meeting.
Otherwise I will see you on Sunday.
Too bad that Nancy doesn't want the input from  the girls on presentation.
I  think that taking likes and dislikes would be good - no commitment to make  changes that the girls' might suggest, but I think that it would be wonderful  to have their input.
They are the honorees.
Oh, well .....as you say, this  is volunteer work and probably not worth getting too worked up over the whole  thing.
--Sally
",Reply - NCL Update,"안녕하세요 [수신자],

기술이 훌륭해요. [지역명]에서처럼 [지역명] 사무실에서도 접속할 수 있어요. 저는 매우 소통이 잘 되는 것 같아요. 바쁘신 모양이네요. 일요일 회의에 대한 다양한 항목이 좋을 것 같아요. 이 모든 것을 처리해 주셔서 감사합니다.

[지역명]은 춥지만 햇살이 잘 들어요. 정말 좋아요. 저는 여기 오는 걸 정말 좋아해요. 올해는 분기에 한 번씩 여행을 가고 싶어요.

저는 [요일] 저녁에 집에 돌아올 테니 회의 전에 할 일이 있으면 알려주세요. 그렇지 않으면 일요일에 뵙겠습니다.

[이름]가 프레젠테이션에 대한 소녀들의 의견을 듣고 싶어하지 않는 건 안타까운 일이에요. 좋아요와 싫어요를 받는 게 좋을 것 같아요. 소녀들이 제안할 수 있는 변경 사항을 만들 의무는 없지만, 그들의 의견을 듣는 건 정말 좋을 것 같아요. 그들은 영예의 대상이에요.

아, 글쎄요.....당신이 말했듯이, 이건 자원봉사 활동이고 아마 이 모든 일에 대해 너무 화를 낼 가치는 없을 거예요.

감사합니다.
[발신자]"
"Any room at the inn?
I am looking for a spot for Beth Apollo.
She will be  working with me, starting on January 29th in Houston.
--Sally
",Beth's location,"안녕하세요 [수신자],

근처 호텔에 방이 있나요? [이름]를 위한 자리를 찾고 있어요. 그녀는 [월] [일]부터 [지역명]에서 저와 함께 일할 거예요.

감사합니다.
[발신자]"
"I have reviewed my section of Causey's presentation ( to be given by Brenda)  and all looks fine except for page with world map.
Can we add Portland to  the map?
That is the true trading location that is missing.
If it is tough  to do, don't worry about it.
Thanks.
--Sally
",Causey Presentation,"안녕하세요 [수신자],

저는 [프로젝트]의 프레젠테이션([이름1]가 발표할 예정)의 제 섹션을 검토했고, 세계 지도가 있는 페이지를 제외하고는 모두 괜찮아 보입니다. [지역명]을 지도에 추가할 수 있나요? 그게 빠진 진짜 거래 위치입니다. 하기 어려우면 걱정하지 마세요.

고맙습니다.
[발신자]
"
"I can access the global compensation system from London.
Today I have been  able to log on and to review as read only the info that I submitted on Friday  for bonus and LTI.
I assume that I will be able to access the screens for  merits as well.
Please get back with me via e:mail and let me know our  instructions and time deadlines for merit increases.
I will want to give my  direct reports access to the system so that they can input their  recommendations.
I will also want to send them an e:mail with instructions  and expectations.
Having asked for more funds for the bonus pool, I would  like for us to be within the guidelines for merit increases.
Outside this  process, we can address any increases that may be warranted given the market  data gathered by Todd Burke.
We can process those agreed upon requests, but  will not include those dollars within our merit totals.
That way, won't have  to request additional dollars for these worksheets.
Better not to ask for  exceptions on everything!!!
What is the word on bonus dollars?
Is everything finalized as I submitted?
Let me know.
If we need to talk directly, contact Patti for a number where  you can reach me.
Thanks.
",Merit Increases,"안녕하세요 [수신자],

[지역명]에서 글로벌 보상 시스템에 접속할 수 있습니다. 오늘은 로그인하여 금요일에 제출한 보너스와 LTI 정보를 읽기 전용으로 검토할 수 있었습니다. 공로 화면에도 접속할 수 있을 것으로 생각합니다.

이메일로 다시 연락하여 공로 인상에 대한 지침과 마감일을 알려주세요. 직속 보고자에게 시스템에 대한 액세스 권한을 부여하여 권장 사항을 입력할 수 있도록 하겠습니다. 또한, 지침과 기대 사항을 담은 이메일을 보내고 싶습니다.

보너스 풀에 대한 추가 자금을 요청했으므로 공로 인상에 대한 지침 내에 있기를 바랍니다. 이 프로세스 외에도 [이름]가 수집한 시장 데이터를 감안할 때 필요할 수 있는 모든 인상을 처리할 수 있습니다.

합의된 요청을 처리할 수 있지만 공로 총액에 해당 달러를 포함하지 않습니다. 그러면 이러한 워크시트에 대한 추가 달러를 요청할 필요가 없습니다. 모든 것에 대한 예외를 요청하지 않는 것이 좋습니다!!!

보너스 달러에 대한 의견은 무엇입니까? 제가 제출한 대로 모든 것이 확정되었나요? 알려주세요.

직접 이야기해야 한다면 [이름1]에게 연락해서 저에게 연락할 수 있는 번호를 받으세요.

감사합니다.
[발신자]"
"Patti:  Please forward this message to Tom Hopwood.
=20  Tom:  The good (or bad) news was that I was here late enough to see the mem= o=20 come out on e:mail Friday night.
Most will see this on Tuesday after the= =20 holiday.
I did get a few calls tonight from a hardy few that were still he= re=20 in the office.
I will call you when I am back from London.
Thanks for all= =20 of your help this week on the two meetings.
--Sally=20
",Managing Director and Vice President Elections,"안녕하세요 [수신자],

이 메시지를 [이름]에게 전달해 주세요. 좋은(또는 나쁜) 소식은 [이름]이 금요일 밤에 이메일로 메모가 나오는 것을 보기 위해 늦게 왔다는 것입니다. 대부분은 휴일 이후인 [요일]에 이것을 보게 될 것입니다.

오늘 밤에도 여전히 사무실에 있는 몇몇 강인한 사람들로부터 전화를 받았습니다. [지역명]에서 돌아오면 전화드리겠습니다.

이번 주 두 회의에서 도와주셔서 감사합니다.

감사합니다.
[발신자]
"
"The promotional memo came out a couple of hours too late for me to be able to  mention it to you on the phone this afternoon.
Congratulations on your  promotion to Managing Director.
--Sally
",Congratulations,"안녕하세요 [수신자],

프로모션 메모가 오늘 오후에 전화로 말씀드릴 수 없을 만큼 몇 시간 늦게 나왔습니다. 상무 이사로 승진하신 것을 축하드립니다.

감사합니다.
[발신자]
"
"Just wanted to drop you a note to let you know that I will be in the London  office during the week of January 15.
I will arrive just after lunch on  Monday and plan to be there through Thursday.
Much of my time will be spent  with Fernley and Mike Jordan.
If you have a few minutes while I am in town, it would be great to get with  you to hear if there is anything that is of particular concern or interest to  you in supporting the continuing growth of your business in 2001.
I will  stop by while I am in the office.
--Sally
",London - Week of January 15,"안녕하세요 [수신자],

1월 [일] 주에 [지역명] 사무실에 있을 것이라는 것을 알려드리고자 메모를 남기고자 합니다. 월요일 점심 직후에 도착하여 목요일까지 거기에 있을 계획입니다. 저는 대부분의 시간을 [이름]와 [이름1]과 함께 보낼 것입니다.

제가 이곳에 있는 동안 몇 분만 시간이 있다면 [연도]년에 귀사의 지속적인 성장을 지원하는 데 특별히 우려되거나 관심 있는 사항이 있는지 알아보고 싶습니다. 사무실에 있는 동안 들러보겠습니다.

감사합니다.
[발신자]
"
"Congratulations on your promotion to Vice President!
Well deserved and a  nice way to cap off your stay in London.
I look forward to celebrating with  you in London next week.
--Sally
",Congratulations!,"안녕하세요 [수신자],

[직책]으로 승진하신 것을 축하드립니다! 정말 마땅한 일이고 [지역명]에서의 체류를 마무리하는 좋은 방법이 될 것입니다. 다음 주에 [지역명]에서 함께 축하할 수 있기를 기대합니다.

감사합니다.
[발신자]"
"Mark Frevert has reviewed the attached addition to the upcoming  organizational memo and has asked that I forward it to you to be included.
This would be included in the section under Commercial Support, added as an  additional bullet point beneath the one that addresses Business Analysis and  Reporting (I believe that these bullet points are on Page 3 of the draft  memo).
Please call me at x35926 if you have any questions.
",Insert for Organizational Memo,"안녕하세요 [수신자],

[이름]가 다가올 조직 메모에 첨부된 추가 내용을 검토했으며, 이를 귀하에게 전달하여 포함시키라고 요청했습니다. 이 내용은 상업 지원 섹션에 포함되며, 사업 분석 및 보고를 다루는 내용 아래에 추가 항목으로 추가됩니다(이 항목은 초안 메모의 3페이지에 있는 것으로 생각합니다).

질문이 있으면 [전화번호]으로 전화해 주십시오.

감사합니다.
[발신자]
"
"Please print attachment and make sure that e:mail addresses are included for  the students.
Call Ted if any problems.
Thanks.
We will need this to send  invitations to students and Ted (plus some Enron folks) to a tour of Enron  Field and dinner on January 31.
Let's talk about arranging details.
thanks.
",Forgot the Attachment,"안녕하세요 [수신자],

첨부 파일을 인쇄하고 학생들의 이메일 주소를 포함했는지 확인하세요. 문제가 있으면 [이름]에게 전화하세요.

감사합니다.
[월] [일] [직접 입력] 투어와 저녁 식사에 학생들과 [이름] (그리고 [기업명] 사람들)에게 초대장을 보내려면 이것이 필요합니다. 세부 사항을 정하는 것에 대해 이야기해 봅시다.

감사합니다.
[발신자]"
"There isn't much to the memo, but this is it!
It came out well after the e= nd=20 of the work day for most folks.
I believe that Patti has sent you my trave= l=20 plans for next week.
Have a great weekend!=20
",Managing Director and Vice President Elections,"안녕하세요 [수신자],

메모에는 별로 내용이 없지만, 이게 전부예요! 대부분의 사람들은 퇴근 후 훨씬 지나서야 메모가 나왔어요. [이름]가 다음 주 여행 계획을 보내준 것 같아요.

좋은 주말 보내세요!
[발신자]"
"In order to ensure our Network resources are available for critical business purposes, IPTV will be unavailable until further notice.
We will be sending out another email when IPTV becomes available.
Thank you for your support and understanding.
",IPTV,"안녕하세요 [수신자],

네트워크 리소스를 중요한 비즈니스 목적으로 사용할 수 있도록 하기 위해 IPTV는 추가 공지가 있을 때까지 사용할 수 없습니다. IPTV가 사용 가능해지면 다른 이메일을 보내드리겠습니다.

지원과 이해에 감사드립니다.
[발신자]
"
"The City of Houston is sponsoring a city-wide blood drive at the George R. Brown Convention Center today.
For your convenience, Enron is providing transportation to and from the Convention Center from 9am-3pm.
Transportation will be leaving from the Enron Building every half hour.
",City Wide Blood Drive Today,"안녕하세요 [수신자],

[지역명] 시는 오늘 [장소]에서 도시 전체 헌혈 운동을 후원합니다. 편의를 위해 [기업명]에서 [시간1]부터 [시간2]까지 [장소]까지 왕복 교통편을 제공합니다. 교통편은 [장소1]에서 30분 간격으로 출발합니다.

감사합니다.
[발신자]
"
"Wow!
Enron employees and other Houstonians are showing such generosity!
The response to the blood drive has been outstanding.
Employees from Continental Airlines and other surrounding corporations have come to our blood donation site to give.
Blood Center personnel have informed us that because of the overwhelming response donations are now being taken on a first-come, first-served basis.
The Blood Center is attempting to keep appointments on schedule.
However, we ask for your patience and understanding if there is a delay.
It is indeed gratifying to witness your continued generosity to the community and beyond.
",Blood Drive Update,"안녕하세요 [수신자],

와! [기업명] 직원과 다른 [지역명] 사람들이 이렇게 관대한 마음을 보이고 있네요! 헌혈 운동에 대한 반응이 엄청났습니다. 혈액 센터 직원들은 엄청난 반응으로 인해 기부는 선착순으로 받고 있다고 알려주었습니다. 혈액 센터는 예약 일정을 맞추려고 노력하고 있습니다.

그러나 지연이 있을 경우 인내심과 이해 부탁드립니다. 지역사회와 그 너머에 대한 여러분의 지속적인 관대한 마음을 목격하게 되어 정말 기쁩니다.

감사합니다.
[발신자]
"
"Due to the problems we always seem to have regarding non-EOL transacted gas deals, the following procedure should be followed from today forward:  Please send, via e-mail, the terms of gas deals that are transacted with another power trader or transacted with a gas trader over the phone.
We will then ensure that it gets captured in the gas valuation system.
Please forward this to your direct reports.
Thanks,
",Non-EOL gas transactions.,"안녕하세요 [수신자],

EOL이 아닌 거래 가스 거래와 관련하여 항상 발생하는 문제로 인해 오늘부터 다음 절차를 따라야 합니다. 다른 전력 거래업체와 거래되거나 가스 거래업체와 전화로 거래된 가스 거래 조건을 이메일로 보내주세요. 그러면 가스 평가 시스템에 반영되도록 하겠습니다.

이를 직속 보고자에게 전달해 주세요.

감사합니다.
[발신자]
"
"Thank you all for being so responsive.
I'm still waiting for claims on: Ameren AIG CLECO Colonial ConAgra Dominion Enterprise Chase Noble Cornerstone Occidental Carolina Power and Light Southern Co. Western Gas Resources  Anyone?
Please let me know by noon today.
Thanks again for your help.
",Counterparties,"안녕하세요 [수신자],

모두들 매우 신속하게 대응해 주셔서 감사합니다. 저는 아직 다음에 대한 청구를 기다리고 있습니다: [직접 입력]. 오늘 [시간]까지 알려주세요.

도와주셔서 다시 한번 감사드립니다.
[발신자]
"
"Everyone,  As we stated earlier, this particular virus that is on the internet is causing a lot of issues for Corporations.
As a result, the companies who write anti-virus software are continuously updating their software.
As of this morning, another update has been made available to us.
This update does a better job of protecting your PC than the update we received last night.
At this time, it is extremely important that you again go through one of the procedures listed below to get the latest update.
1.
Logout of the network and log back in or  2.
Click on START>PROGRAMS>ACCESSORIES>Norton AntiVirus Corporate Edition and then click the Live Update button.
This will pop up a screen where you will have to click the ""Next"" button and then a ""Finish"" button.
- If you are an EES user, this option is not available to you.
Please use option 1.
The proper version of the update pattern you need is:   (9/18/2001, version 30918BL) - You may need to restart the Norton Anti-Virus client if you want to visually insure that you have the latest update.
If you have questions or concerns, please direct them to your Resolution Center.
Enron Global Technology
",Update to Virus Protection Software #2,"안녕하세요 [수신자],

모두, 앞서 말했듯이 인터넷에 있는 이 특정 바이러스는 [기업명]에 많은 문제를 일으키고 있습니다. 결과적으로 바이러스 백신 소프트웨어를 작성하는 회사는 소프트웨어를 지속적으로 업데이트하고 있습니다. 오늘 아침, 또 다른 업데이트가 제공되었습니다. 이 업데이트는 어젯밤에 받은 업데이트보다 PC를 보호하는 데 더 효과적입니다.

지금은 최신 업데이트를 받으려면 아래에 나열된 절차 중 하나를 다시 수행하는 것이 매우 중요합니다.

네트워크에서 로그아웃하고 다시 로그인하거나

시작 > 프로그램 > 액세서리 > [백신명]을 클릭한 다음 Live Update 버튼을 클릭합니다.
그럼 다음 ""버튼""을 클릭한 다음 ""마침"" 버튼을 클릭해야 하는 화면이 나타납니다.

감사합니다.
[발신자]"
"As we near the end of the year, I want to make clear some individual VAR limits I have come up with as we go forward.
These will change from time to time as to allocate VAR to desks that are profitable and re-adjust VAR when desks are not profitable.
Please read carefully.
If you have any questions feel free to see me.
There will be penalties for not staying within your VAR limits.
I will be reasonable but fines will be assessed for repeated breakage.
Rob Benson - 7 MM  Paul Broderick - 1.2 MM Gautum Gupta - 1.5 MM Joe Quenet - 300K Ben Rogers - 300K Garrett Tripp - 300K
",VAR Limits,"안녕하세요 [수신자],

연말이 다가오면서, 앞으로 나아가면서 제가 생각해 낸 개별 VAR 한도를 명확히 하고 싶습니다. 이것은 수익성이 있는 데스크에 VAR을 할당하고 수익성이 없는 데스크에서는 VAR을 재조정하기 위해 수시로 변경될 것입니다.

주의 깊게 읽어주세요. 궁금한 사항이 있으면 언제든지 저를 만나주세요. VAR 한도를 준수하지 않으면 페널티가 부과됩니다. 저는 합리적으로 행동할 것이지만, 반복적인 위반에는 벌금이 부과됩니다.

감사합니다.
[발신자]"
"All,  As you have some visa condition associated to your employment with UBS, we will shortly be forwarding to you an assignment letter that allows you to provide services to UBS whilst still an employee of Enron.
This assignment letter will only be applicable until your visa is approved by the INS.
Therefore, if any of you will be out of the office this week/early next week, can you please let me know.
Kind regards,
",Transfer to UBS,"안녕하세요 [수신자],

모두, [기업명]에서의 고용과 관련된 비자 조건이 있으므로, 우리는 곧 [기업명1]의 직원으로 있는 동안 [기업명]에 서비스를 제공할 수 있는 배정서를 전달해 드리겠습니다. 이 배정서는 INS에서 비자를 승인할 때까지만 적용됩니다.

따라서 이번 주/다음 주 초에 여러분 중 누구라도 사무실을 비울 경우 알려주시기 바랍니다.

감사합니다.
[발신자]
"
"On October 19, Consumers Energy filed tariff sheets and workpapers changes rates and rate calculation methodologies for firm and non-firm transmission service.
Consumers states that the filing is in compliance with a letter order issued by the Commission October 5.
The filed sheets are to have retroactive effective dates (1992; 1993).
Interventions/protests are due Nov. 16.
Please contact me if you need further information.
",Consumers Energy -- tariff filing,"안녕하세요 [수신자],

[부서명]은 [날짜]에 고정 및 비고정 송전 서비스에 대한 요금표와 작업 서류 변경 요금 및 요금 계산 방법을 제출했습니다. [부서명]은 제출이 [날짜] 위원회에서 발행한 서한 명령을 준수한다고 말합니다.

제출된 시트에는 소급적 효력 날짜([연도1], [연도2])가 적용됩니다. 개입/항의는 [날짜]까지 접수해야 합니다.

추가 정보가 필요하면 저에게 연락하세요.

감사합니다.
[발신자]"
"Hi All,  I would be greatful if you could get to me today via e:mail a job description for your current role.
I would like to get this to the immigration attorneys so that they can finalise the paperwork in preparation for INS filing once the UBS deal is signed.
Kind regards,
",Job Descriptions,"안녕하세요 [수신자],

오늘 이메일로 현재 직무에 대한 직무 설명을 보내주시면 감사하겠습니다. 이것을 이민 변호사에게 전달하여 [기업명] 계약이 체결되면 INS 신청을 준비하기 위한 서류 작업을 마무리할 수 있도록 하고 싶습니다.

감사합니다.
[발신자]
"
"Dear Enron Employees:  I'm sorry to report that a third Enron employee has died in the hospital as a result of injuries from yesterday's explosion and fire at Teesside Power Station.
To lose another employee is a devastating blow to all of us.
A fourth employee remains in the hospital and is in stable condition.
Please keep these employees and their families in your thoughts and prayers.
We will release their names as soon as all family members and relatives have been notified.
I'm in the U.K. now and will be visiting with the employees and families who've been affected by this tragic accident.
I will also visit the site and will meet with authorities in order to determine the cause of the explosion.
I will keep you posted on any new developments.
",Teesside Update,"친애하는 [기업명] 직원 여러분,

어제 [장소]에서 발생한 폭발 및 화재로 인한 부상으로 병원에서 사망한 세 번째 [기업명] 직원을 보고하게 되어 유감입니다. 직원을 한 명 더 잃은 것은 우리 모두에게 엄청난 타격입니다. 네 번째 직원은 병원에 남아 있으며 상태가 안정적입니다.

이 직원들과 그 가족을 생각과 기도 속에 담아주십시오. 모든 가족과 친척에게 통보되는 대로 이름을 공개하겠습니다.

저는 지금 [지역명]에 있으며 이 비극적인 사고로 피해를 입은 직원과 가족을 방문할 예정입니다. 또한 현장을 방문하여 당국과 회동하여 폭발 원인을 파악할 것입니다. 새로운 소식이 있으면 알려드리겠습니다.

감사합니다.
[발신자]"
"If you're receiving this email its because we're still waiting on a response from you.
Please reply to this message ASAP.
See below for details.
Thanks,  Dan  We are in the process of confirming that all traders are set up correctly and ready to trade when the system goes live.
We need to make sure that your Stack Managers are accessing the correct database.
In order to do this, we need to know how you access Stack Manager:  1) Through Terminal Server (the one that opens up a desktop within a desktop and it actually appears that you have two Start buttons).
or 2) By opening the Stack Manager directly from your ""native"" desktop (stand alone computer).
Please reply to this message with either a corresponding ""1"" or a ""2"" in the subject field.
If you're not sure which one you have, please contact myself x39673, Teresa Mandola x39807 or Jennifer McQuade x53614 and we'll come by your desk to help you.
Thank you,
",Waiting on your reply -Stack Users,"안녕하세요 [수신자],

이 이메일을 받았다면 아직 귀하의 답변을 기다리고 있기 때문입니다. 최대한 빨리 이 메시지에 답장해 주세요. 자세한 내용은 아래를 참조하세요.

감사합니다, [수신자]. 현재 모든 트레이더가 올바르게 설정되어 시스템이 가동되면 거래할 준비가 되었는지 확인하는 중입니다. 귀하의 [시스템]가 올바른 데이터베이스에 액세스하는지 확인해서 액세스하는 방법을 알려드릴게요.

터미널 서버(데스크톱 내에서 데스크톱을 여는 터미널 서버로, 실제로 두 개의 시작 버튼이 있는 것처럼 보입니다).
또는

""네이티브"" 데스크톱(독립형 컴퓨터)에서 직접 [시스템]를 엽니다.

이 메시지에 제목란에 해당 ""1"" 또는 ""2""를 적어 답장해 주세요. 어떤 것을 사용 중인지 잘 모르겠다면 저([전화번호2]), 이름 또는 이름1로 연락해 주시면 귀하의 책상으로 찾아가 도와드리겠습니다.

감사합니다.
[발신자]
"
"You may have seen recent media reports on the topics of possible EPA action=  on New Source Review (NSR) regulation and multipollutant legislation, so I=  wanted to summarize some of the important current developments:  New Source Review:  EPA was asked to conduct a 90-day review of NSR and come up with recommenda= tions for the larger Bush National Energy Plan.
EPA held several public h= earings and solicited public comments, which closed July 27.
Enron submit= ted comments (which I sent by e-mail on 7/30/01).
EPA has indicated that = it will report to the President only on ""impacts of NSR on the power sector= "" on August 17 and delay any specific recommendations for NSR reform until = mid-September.
Stories in the past few days have suggested that EPA's findings will ""ease = emissions standards"" on coal utilities.
Such characterizations are somewhat=  slanted, as they are based on information coming from environmental groups=  who oppose any NSR reform -- but there is some substantive merit behind th=
",New Source Review & Multipollutant Update,"안녕하세요 [수신자],

최근 미디어에서 새로운 소스 검토(NSR) 규정과 다중 오염 물질 법안에 대한 EPA 조치 가능성에 대한 기사를 보셨을 수 있으므로, 저는 현재 진행 중인 중요한 개발 사항 중 일부를 요약하고자 합니다.

새로운 소스 검토(NSR): EPA는 NSR에 대한 90일 검토를 실시하고 더 큰 규모의 [사업명] 국가 에너지 계획에 대한 권장 사항을 제시하라는 요청을 받았습니다. EPA는 여러 차례 공개 토론회를 열고 대중의 의견을 구했으며, 이는 [월] [일]에 마감되었습니다.

[기업명]은 의견을 제출했습니다(저는 [월] [일]에 이메일로 보냈습니다). EPA는 [월] [일]에 ""전력 부문에 대한 NSR의 영향""에 대해서만 대통령에게 보고하고 NSR 개혁에 대한 구체적인 권장 사항은 [월] 중순까지 연기할 것이라고 밝혔습니다.

지난 며칠 동안의 기사에서는 EPA의 조사 결과가 석탄 유틸리티에 대한 ""배출 기준을 완화""할 것이라고 제안했습니다. 이러한 특성화는 환경으로부터 얻은 정보를 기반으로 하기 때문에 다소 편향되어 있습니다. NSR 개혁에 반대하는 경향이 있지만, 그 뒤에는 실질적인 장점이 있을 거라고도 생각합니다.

감사합니다.
[발신자]
"
"In this issue:   - Feature: Model Portfolio Review, July 2001 - Gimme Shelter   - Southern California Edison and PG&E challenge the Department of Water Resources on rate increases.
- All the news, commentary, and earnings reports, plus price performance and valuation charts.
<<prometheus010810.pdf>>  Best regards,
",The Prometheus File - Energy Technology Weekly 08/10/01,"안녕하세요 [수신자],

이번 호의 내용:

특집: 모델 포트폴리오 검토
[연도]년 [월] - 피계약자에게서 요금 인상에 대해 [부서명]에 이의를 제기했습니다.

모든 뉴스, 논평, 수익 보고서, 더불어 가격 성과 및 평가 차트.

<<[자료명]>> 감사합니다.
[발신자]"
"Hi all!
Attached is a breif outline on the NJ Basic Generation Service Standard Offer.
- Please read.
Although this will have risks regarding capacity, ancillary services, and basis; This may be an excellent means to test the PJM standard offer market, since the minimum size required would be a 100MW slice.
The NJ Board of Public Utiltiy is currently shaping the auction process, and our regulatory people have been involved by interventions.
Jeff Ader (EES) has been working with regulatory to push that this should be a retail deal (similar to the retail customers that New Power won from PECO) and not a wholesale deal.
Is this the message we want to send?
I suggested to regulatory that we propose that it should be split as to allow the best pricing for the NJ utilities and for everyone to be able to participate.
They suggested that if EES has more interest than EWS (apparently they wish to take 1000MW of this), that we should push the retail.
How would retail take the ancillary and capacity risk?
Are we set up such that EES would have a better chance of winning this?
What is our interest in taking on these exposures?
Can we meet later today, or tomorrow (Friday) to determine at least, how we want regulatory to proceed with the BPU.
Nick, Palmer and I had a conference call with regulatory yesterday, and want to get back to them as they will be filing with the BPU very shortly.
",NJ Standard Offer,"안녕하세요 [수신자],

첨부된 내용은 [직접 입력]에 대한 간략한 개요입니다.

읽어주세요.

용량, 보조 서비스 및 기반과 관련하여 위험이 있지만, 최소 크기가 100MW 슬라이스이기 때문에 [직접 입력] 시장을 테스트하기에 좋은 수단이 될 수 있습니다. [지역명] 공공 서비스 위원회는 현재 경매 프로세스를 형성하고 있으며, 규제 담당자가 개입하여 참여했습니다.

이름는 [기업명]가 [기업명1]에서 획득한 소매 고객과 유사하기 때문에 규제 당국과 협력하여 이것이 도매 거래가 아닌 소매 거래가 되어야 한다고 주장했습니다. 이것이 우리가 전달하고자 하는 바가 맞죠?

저는 규제 당국에 [지역명] 유틸리티에 가장 적합한 가격을 제공하고 모든 사람이 참여할 수 있도록 분할해야 한다고 제안했습니다. 그들은 EES가 EWS보다 관심이 더 많으면(분명히 1000MW를 차지하기를 원함) 소매를 추진해야 한다고 제안했습니다.

소매는 어떻게 보조적이고 용량적 위험?
EES가 이길 가능성이 더 높도록 설정되어 있습니까?
이러한 노출을 감수하는 데 대한 우리의 관심은 무엇입니까?

오늘 늦게 또는 내일([요일])에 만나서 최소한 규제 당국이 BPU를 어떻게 진행하기를 원하는지 결정할 수 있습니까?
[이름1], [이름2], 저는 어제 규제 당국과 컨퍼런스 콜을 했고, 곧 BPU에 제출할 예정이므로 다시 연락하고 싶습니다.

감사합니다.
[발신자]"
"Howard, during a recent strategy meeting we had several questions as to how the virtual process will be implemented, and how that will change the markets we trade.
In particular, we are curious about the resolution of certain issues including system integrity insofar as SCUC is concerned and how ancillary costs will be passed.
Obviously, we certainly are still very curious about the latest expected start-date.
Please let us know your thoughts on these issues and any others you feel relevant.
Thanks.
",Virtual Bidding in NYISO,"안녕하세요 [수신자],

최근 전략 회의에서 가상 프로세스가 어떻게 구현될지, 그리고 그게 우리가 거래하는 시장을 어떻게 바꿀지에 대한 몇 가지 질문이 있었습니다. 특히, [직접 입력]와 관련된 시스템 무결성을 포함한 특정 문제의 해결과 보조 비용이 어떻게 전달될지에 대해 궁금합니다.

분명히, 우리는 여전히 예상 시작 날짜에 대해 매우 궁금합니다. 이러한 문제와 관련이 있다고 생각되는 다른 문제에 대한 생각을 알려주십시오.

감사합니다.
[발신자]"
"The Enron Wellness department's  3rd quarter blood drive will be held on Thursday, September 13, 2001, from  	7am-4pm.
For your convenience two mobile coaches from the M. D. Anderson Blood Center will be parked  	outside 	the Enron Building on Andrews Street.
Contact the Enron Health Center at Ext.
3-6100 or via email at:  	mailto:health.center@enron.com for more information or to schedule an appointment.
Walk-ins are welcome.
*****************  	Enron employees have donated 360 units of blood in 2001.
Through our partnership with M. D. Anderson  	Cancer Center Enron employees assist not only the Houston community but also our employees and their  	families.
Let's continue the spirit of giving by donating blood on September 13th!
",Enron Blood Drive,"안녕하세요 [수신자],

[부서명] 부서의 3분기 헌혈 운동은 [연도]년 [월] [일] 목요일 [시간1]부터 [시간2]까지 진행됩니다. 편의를 위해 이동 버스 2대가 [장소명]에 있는 [장소1] 밖에 주차됩니다.

[장소1]에 [전화번호]으로 전화하거나 이메일 [이메일 주소]으로 연락하여 자세한 정보를 얻거나 약속을 예약하세요. 방문을 환영합니다.

***************** [기업명] 직원들은 [연도]년에 360단위의 혈액을 기증했습니다. [직접 입력]와의 협력을 통해 [기업명] 직원들은 [지역명] 지역 사회뿐만 아니라 직원과 그 가족도 지원합니다.

[월] [일]에 헌혈하여 기부 정신을 이어가세요!

감사합니다.
[발신자]
"
"Due to Labor Day the next Prometheus File will be on September 7th.
In this issue:   - Feature: The Future of Asset Free Returns  - The California Public Utilities Commission delays votes on rate increases.
- All the news, commentary, and earnings reports, plus price performance and valuation charts.
<<prometheus010824.pdf>>  Best regards,
",The Prometheus File - Energy Technology Weekly 08/27/01,"안녕하세요 [수신자],

노동절 때문에 다음 [직접 입력]은 [월] [일]에 발행됩니다. 이번 호의 내용:

- 특집: 자산 없는 수익의 미래
- [지역명] 공공 서비스 위원회가 요금 인상에 대한 투표를 연기합니다.
- 모든 뉴스, 논평, 수익 보고서, 더불어 가격 성과 및 평가 차트.

<<[자료명]>> 감사합니다.
[발신자]
"
"The U.S.
Circuit Court of Appeals, DC Circuit, issued a ruling today on the EPA Section 126 Rule.
(As brief background, the 126 Rule would have required compliance with more stringent summer-season NOx caps starting in May 2003 in several northeast and Midwest states)  The Order states:    ""It is Ordered that EPA's Section 126 Rule is remanded as to all cogenerators, but vacated only as to those cogenerators classified as electric generating units (""EGUs"") under the rule that supply equal to or less than one third of their potential capacity or equal to or less than 25 MW to the grid for sale per year.""
Translation:  This part of the order appears to ""vacate"" or completely throw out the 126 rule for small cogen units (under 25 MW) or cogen units selling less than 1/3 into the grid.
For all other cogenerators, the court remands the rule to EPA for re-working, consistent with some of the court's earlier objections about EPA's handling of cogens.
Impact:  EPA will need to go back and formulate rules for cogens altogether, so there is currently no NOx compliance schedule in place for cogen units.
EPA will need to start from scratch for smaller cogens.
""It is Further ordered that as of May 15, 2001, the date of this court's decision, the three-year compliance period for emissions limitations applicable to EGUs under the Section 126 Rule is tolled, pending EPA's resolution of the remand of EGU growth factors ordered by this court.""
Translation:  This more significant part of the order ""tolls"" -- or puts on hold -- compliance with the 126 Rule for ALL ELECTRIC GENERATING UNITS (EGUs) until EPA resolves EGU growth factor issues that the court identified in its May 15, 2001 ruling.
",Court Decision on NOx - EPA Section 126 Rule,"안녕하세요 [수신자],

[지역명] 순회 항소 법원은 오늘 EPA 제126조 규정에 대한 판결을 내렸습니다.
(간략한 배경 설명으로, 126조 규정은 [연도]년 [월]부터 여러 북동부 및 중서부 주에서 시작되는 더 엄격한 여름철 NOx 상한을 준수하도록 요구했을 것입니다.)

명령은 다음과 같이 명시합니다. EPA의 제126조 규정은 모든 공동발전기에 대해 환송되지만, 규칙에 따라 전기 발전 장치(""EGU"")로 분류되어 연간 판매를 위해 전력망에 공급하는 잠재 용량의 3분의 1 이하 또는 [수치] 이하인 공동발전기에 대해서만 무효화됩니다.

감사합니다.
[발신자]"
"How well do you know our Code of Ethics?
""It is a condition of employment that each employee accept the responsibility of complying with the foregoing policies.
The Company will require each employee of the Company to complete and submit a statement in a form designated by the Company pertaining to such employee's compliance with the policies set forth in this booklet.
The Company reserves the right to request any employee to complete and submit such statement at any time or as frequently as the Company may deem advisable.""
(Enron Code of Ethics, July 2000, page 62)  What does that mean?
In layman's terms, everyone employed by Enron agrees to all the policies and standards listed in the current Code of Ethics (July 2000).
Who does it apply to?
The Code of Ethics applies to all employees, third party contractors, guests and licensees of Enron.
Additionally, employees are responsible for their family members and/or personal household who use, own, or have access to Enron's communication services and equipment -- including telephones, fax machines, computers, computer modems, long distance telephone services, cell phones, voice mail, pagers, e-mail, mail and delivery services.
",Code of Ethics -- What Exactly Did I Agree To?,"안녕하세요 [수신자],

당신은 우리의 윤리 강령을 얼마나 잘 알고 있습니까?
""모든 직원이 상기 정책을 준수할 책임을 수락하는 것은 고용 조건입니다.
회사는 회사의 모든 직원이 이 책자에 명시된 정책을 준수한다는 내용의 진술서를 회사가 지정한 양식에 작성하여 제출하도록 요구합니다.
회사는 언제든지 또는 회사가 적절하다고 생각하는 빈도로 직원에게 그러한 진술서를 작성하여 제출하도록 요청할 권리가 있습니다.""
([기업명] 윤리 강령, [연도]년 [월], [페이지]페이지)

무슨 뜻인가요?
평범한 용어로, [기업명]에 고용된 모든 사람은 현재 윤리 강령([연도]년 [월])에 나열된 모든 정책과 표준에 동의합니다.

누구에게 적용됩니까?
윤리 강령은 [기업명]의 모든 직원, 제3자 계약자, 게스트 및 라이센스 소지자에게 적용됩니다. 또한 직원은 [기업명]의 통신 서비스를 사용하거나 소유하거나 접근할 수 있는 가족 및/또는 개인 가구에 대한 책임이 있습니다. 뿐만 아니라 다음의 장비에 대해서도 해당됩니다: 전화, 팩스, 컴퓨터, 컴퓨터 모뎀, 장거리 전화 서비스, 휴대전화, 음성 메일, 호출기, 이메일, 우편 및 배달 서비스 포함.

감사합니다.
[발신자]"
"Attention Outlook User:   You are receiving this message to alert you that at 8:00 p.m. CST today the Exchange server that your mail file resides on will be taken down for maintenance for approximately one hour.
During this outage, access to your Outlook client including email, calendar ,contacts and public folders will be unavailable.
In addition, access to your email via OWA (Outlook Web Access) will also be unavailable.
Messages intended for delivery will be queued and delivered once the server is back online.
This preventive measure is taking place to ensure that some of the issues you may have experienced today with slowness will not continue to happen.
We apologize for the late notice and appreciate your continued support.
Thanks,
",URGENT: Outlook Outage,"안녕하세요 [수신자],

[시스템] 사용자 주의: 오늘 오후 [시간대]에 메일 파일이 있는 [서버명] 서버가 약 [시간] 동안 유지 관리를 위해 다운된다는 사실을 알리기 위해 이 메시지를 받았습니다. 이 중단 기간 동안 이메일, 일정, 연락처 및 공용 폴더를 포함한 [시스템] 클라이언트에 액세스할 수 없습니다. 또한 [시스템] Web Access를 통한 이메일 액세스도 사용할 수 없습니다.

배달할 메시지는 대기열에 추가되어 서버가 다시 온라인 상태가 되면 전달됩니다. 이 예방 조치는 오늘 경험했을 수 있는 속도 저하 문제가 더 이상 발생하지 않도록 하기 위한 것입니다.

늦은 알림에 대해 사과드리며 지속적인 지원에 감사드립니다.

감사합니다.
[발신자]
"
"Torrey,  Rob Benson is currently trading two general power regions (PJM and New York) under one EOL ID.
He manages one stack manager of which all deals are mapped to his EPMI-LT-PJM book.
He would like to create an additional stack manager so that he can divide the two regions into their own stack and manage them on separate screens.
All of the deals would continue to go into the LT-PJM book.
Let me know if this would be doable and what I need to do on my side to help out.
Thanks!
",Multiple Stack Manager,"안녕하세요 [수신자],

[이름]과 [이름1]은 현재 하나의 EOL ID로 두 개의 일반 전력 지역([지역명1]과 [지역명2])을 거래하고 있습니다. 그는 모든 거래가 [책명] 책에 매핑되는 하나의 스택 관리자를 관리합니다.

그는 두 지역을 자체 스택으로 나누고 별도의 화면에서 관리할 수 있도록 추가 스택 관리자를 만들고 싶어합니다. 모든 거래는 계속해서 [책명] 책으로 이동합니다.

이것이 가능한지 그리고 제가 도움을 주기 위해 무엇을 해야 하는지 알려주세요.

감사합니다!
[발신자]"
"Mailbox move notification  Tonight, starting at 6:00pm, we will be performing database maintenance on your Email server.
During this time, your mailbox will be intermittently unavailable for you to access.
Please close Outlook prior to 6:00pm.
All maintenance is expected to be complete by 6:00am.
If you have problems after this maintenance, please call the Resolution Center at x31411.
",Server Maintenance: Nahou-msmbx05v,"안녕하세요 [수신자],

오늘 밤 [시간대]부터 이메일 서버에서 데이터베이스 유지보수를 수행합니다. 이 기간 동안 우편함에 간헐적으로 접근할 수 없습니다. 오후 [시간] 이전에 [시스템]을 종료해 주세요. 모든 유지보수는 오전 [시간]까지 완료될 것으로 예상됩니다.

이 유지보수 후 문제가 발생하면 해결 센터([전화번호])로 전화해 주세요.

감사합니다.
[발신자]"
"Please use the next week to clean up our database of delivery locations and regions currently still in Enpower.
I would like to start the database clean with only the key hubs listed:  NEPOOL PTF NY Zone J NY Zone G NY Zone A Ontario PJM East Hub PJM West Hub PJM West Cinergy Com-Ed TVA Entergy SOCO ERCOT South (FP) ERCOT North (Basis)  Let's use this opportunity to clean up Enpower and start with a truly clean set of books.
Team - Am I missing anthing?
",Books,"안녕하세요 [수신자],

다음 주에 현재 [직접 입력]에 남아 있는 배송 위치 및 지역 데이터베이스를 정리해 주시기 바랍니다. 나열된 주요 허브만 가지고 데이터베이스를 깨끗하게 시작하고 싶습니다:

[허브1]
[허브2]
[허브3]
[허브4]
[허브5]

이 기회를 이용해 [직접 입력]을 정리하고 진정으로 깨끗한 책 세트로 시작해 봅시다.

[수신자], 제가 뭔가 놓친 게 있나요?

감사합니다.
[발신자]"
"The following e-mail is to confirm my understanding of the following verbal assurances provided to me as part of the intent and conditions for signing a contingent employment agreement/retention package related to the sale of the Enron gas and power trading business (""Enron trading business"") to a new entity.
If a new entity purchases the Enron trading business and the contingent employment agreement executed on January 5, 2002 becomes a valid and binding agreement, Enron's management will not initiate a lawsuit to recover the 2001 performance bonus payments.
Enron and/or purchaser of the Enron trading business will seek approval from the bankruptcy judge of the 2001 performance bonus payments to eliminate any future uncertainty with respect to the validity of those payments.
To the extent the total retention $'s available for the Enron trading business employees is increased above current levels (from the leading bidder as of January 5, 2002), the intent of Enron's senior management is to make an upward adjustment to the individual employees who have committed to the new entity such that the employee maintains a substantially similar percentage of the total ""pool"" of retention $'s.
",Auction Employment Agreements with Condition Precedents,"안녕하세요 [수신자],

다음 이메일은 [프로젝트]을 새로운 사업체에 매각하는 것과 관련된 조건부 고용 계약/유지 패키지에 서명하기 위한 의도와 조건의 일환으로 제공된 다음 구두 보증에 대한 이해를 확인하기 위한 것입니다.

새로운 법인이 [프로젝트]을 인수하고 [연도]년 [월] [일]에 체결된 조건부 고용 계약이 유효하고 구속력 있는 계약이 된다면, [기업명]의 경영진은 [연도]년 성과 보너스 지급을 회수하기 위한 소송을 제기하지 않을 것입니다.

[직접 입력] 구매자는 [연도]년 성과 보너스 지급에 대한 파산 판사의 승인을 요청하여 해당 지급의 유효성에 대한 향후 불확실성을 제거합니다.

[직접 입력] 직원들이 사용할 수 있는 총 보유액이 현재 수준([연도]년 [월] [일] 기준 선도 입찰자에서) 이상으로 증가하는 한, [기업명]의 고위 경영진의 의도는 직원이 총 보유액의 ""풀"" 중 실질적으로 유사한 비율을 유지하도록 새로운 조직에 헌신한 개별 직원들을 상향 조정하는 것입니다.

감사합니다.
[발신자]"
"From Kevin Presto:  Attached is the spreadsheet version of the template we discussed this morning.
I have added the additional columns everyone requested.
I would now like the business unit leads to fill in the blanks such that we have an initial Power Implementation Plan that can be delivered to Louise on Friday.
With respect to East Power (I am out Thursday and Friday), I am delegating to all of my desk heads the responsibility the following: 1) Have all of the forms attached spreadsheet forms complete 2) A product offering sheet is added to the template.
Fletch & Dana - Please take the lead on creating the product offering list (physical and financial).
My recommendation is we put products out through 03 for all regions (financial and physical).
Obviously, the physical products will be contingent on receiving a power marketing license.
Cory and Don Baughman - Please take a crack at identifying all of the transmission service agreements we need for the East (Christi has started a list already).
The transmission agreement list attached can be used to prioritize or assign commercial people to transmission/pool agreements.
It is not correct on the timing under the pools, so don't rely on that column.
",NETCO Implemention Template,"안녕하세요 [수신자],

오늘 아침에 논의한 템플릿의 스프레드시트 버전을 첨부합니다. 모두가 요청한 추가 열을 추가했습니다. 이제 사업부 책임자가 빈칸을 채워서 금요일에 [이름]에게 전달할 수 있는 초기 전력 구현 계획을 수립해 주시기 바랍니다.

[지역명] 전력(목요일과 금요일은 외출합니다)과 관련하여 모든 데스크 책임자에게 다음 책임을 위임합니다:

첨부된 모든 양식 스프레드시트 양식을 작성합니다.

템플릿에 제품 제공 시트를 추가합니다.

[이름1], [이름2]가 제품 제공 목록(물리적 및 재무)을 만드는 일을 주도해 주세요. 제 권장 사항은 모든 지역(재무적 및 물리적)에 대해 [연도]년 [월] [일]까지 제품을 출시하는 것입니다. 물론 물리적 제품은 전력 마케팅 라이선스를 받는 데 달려 있습니다.

[이름3]과 [이름4]는 [지역명]에 필요한 모든 송전 서비스 계약을 파악해 주세요([이름5]가 이미 목록을 작성하기 시작했습니다). 첨부된 전송 계약 목록은 상업 인력을 전송/풀 계약에 우선 순위를 정하거나 할당하는 데 사용할 수 있습니다. 풀 아래의 타이밍에 대해서는 정확하지 않으므로 해당 열에 의존하지 마십시오.

감사합니다.
[발신자]"
"Hey Rob.
How's it going?
I wanted to let you know that Chris' girlfriend Lisa is giving him a suprise birthday brunch on Sunday, December 9.
Will you call her about the details and to let her know if you'll be able to make it.
Her cell phone is 713-480-1076.
Hopefully we'll see you there.
Kim
",Chris' Birthday,"안녕하세요 [수신자],
어떻게 지내요?

[이름1]가 [월] [일] [요일]에 깜짝 생일 브런치를 준다는 사실을 알려드리고 싶었습니다. 그녀에게 세부 사항에 대해 전화해서 참석할 수 있는지 알려주시겠어요? 그녀의 휴대폰은 [전화번호]입니다.

거기서 뵙기를 바랍니다.
[발신자]
"
"This is a notice to inform you that the server where your Outlook mailbox resides is scheduled for an outage tonight.
Your mailbox will be temporarily unavailable starting anytime after 11pm and may continue to be unavailable until 1 a.m., when all server maintenance work have been completed.
Outlook Web Access (OWA) will also be unavailable during this time.
Blackberry users:  Message delivery may be delayed for a few minutes.
If you have any questions, please call the Resolution Center at x31411.
","CORRECTION:  Outlook Outage - Friday, December 28, 2001","안녕하세요 [수신자],

이것은 귀하의 Outlook 사서함이 있는 서버가 오늘 밤 중단될 예정임을 알리는 알림입니다. 사서함은 오후 [시간] 이후부터 일시적으로 사용할 수 없게 되며, 모든 서버 유지 관리 작업이 완료되는 오전 [시간]까지 계속 사용할 수 없게 될 수 있습니다.

이 시간 동안 Outlook Web Access(OWA)도 사용할 수 없습니다.
BlackBerry 사용자: 메시지 전달이 몇 분 동안 지연될 수 있습니다.

질문이 있으면 [전화번호]로 [부서명]에 전화하십시오.

감사합니다.
[발신자]"
"Good Morning...I spoke to Tony Jarrett late yesterday afternoon regarding our benefits.
Your benefits and claims will continue with Enron thru the end of February.
We SHOULD receive our new benefit cards by March 1, 2002.
Thanks for your patience.
",Benefit Update,"안녕하세요 [수신자],

좋은 아침입니다. 어제 오후 늦게 [이름]과 혜택에 관해 통화했습니다. 귀하의 혜택과 청구는 [월] 말까지 [기업명]에서 계속됩니다.
[연도]년 [월] [일]까지 새로운 혜택 카드를 받아야 합니다.

오랜 시간 기다려주셔서 감사합니다.
[발신자]"
"All  Learned of an opp today for a L.T.
physical toll on a peaking plant in PJM.
Probably way too early for this, but we may be able to follow this one and act when we're further along.
Here are the details:  Plant is being developed by PPL - consists of 10 LM 6000's, due online by May 03 (~450 MW).
turbines will be on site shortly w/ construction due to start in April PPL has entered an LOI to sell the completed plant to a team of investors led by John Hancock Financial (their Arclight division, or something like that) seeking 20-25 year toll Electric interconnection is South Acron bus (Lancaster, PA - eastern PJM) Gas interconnection is direct to Columbia mainline They are looking for an indicative number this monday, but admitted that it'll stretch out for at least a few weeks.
I'm in Houston through end of today, so please swing by or call me tomorrow at 978-449-9936 if you wish to discuss.
thanks
",long-term PJM tolling opportunity,"안녕하세요 [수신자],

오늘 [전력 시장]의 주요 위치에 있는 [발전소]와 관련하여 장기 계약 또는 물리적 통행료와 관련된 새로운 비즈니스 기회가 있다는 소식을 들었습니다. 아직 초기 단계이지만, 기회가 더 구체화되면 추가적인 조치를 검토할 수 있을 것 같습니다.

자세한 내용은 다음과 같습니다.
이 발전소는 현재 개발 중이며, 약 [설비용량]의 발전 설비를 보유하게 될 예정이고, [출시 예정일]까지 상업운전을 목표로 하고 있습니다.

[이름]가 곧 현장에 방문할 예정이며, [착공 시기]에 공사가 시작될 예정입니다. 프로젝트 소유사는 [투자사]와 발전소 매각을 위한 의향서(LOI)를 체결했고, 장기간의 통행료 계약 체결을 희망하고 있습니다.

전력 계통 연계는 [지역/계통 정보]에 위치해 있으며, 가스 연계는 [가스관/공급처]와 직접 연결됩니다. 프로젝트 측에서는 조만간 주요 수치(경제성 등)를 산출할 예정이나, 최종 확정까지는 시간이 소요될 것으로 보입니다.

저는 오늘 [위치/도시]에 있으니, 필요하시면 방문해 주시거나, 문의 사항이 있으면 [전화번호]로 연락해 주세요.

감사합니다.
[발신자]"
"Guys,   Navigant is now following up with us regarding the TCC bids in the CH Resources auction.
We did make the 2nd round as you may recall (for TCCs only), but I need to know whether you guys are still interested given many changes since then.
Contract ID#				2645			2646 Start Date				11/01/2000		11/01/2000 End Date				10/31/2005		10/31/2002 Point of Injection ID#			61752			61752	 Point of Injection Name			West			West Point of Injection Zone			Zone A			Zone A Point of Withdrawal ID#			61758			61758 Point of Withdrawal Name		Hud VL			Hud VL Point of Withdrawal Zone		Zone G			Zone G Summer MW				46			4 Winter MW				46			4  Please advise.
Thanks.
Pete
",NY TCCs,"안녕하세요 [수신자],

여러분, [장소]에서 [직접 입력] 경매에서 TCC 입찰에 관해 연락을 드리고 있습니다. 기억하시겠지만 2차 라운드에 진출했지만(TCC만 해당), 그 이후로 많은 변화가 있었기 때문에 여러분이 여전히 관심이 있는지 알고 싶습니다.

계약 ID# [직접 입력] 시작일 [연도]년 [월] [일], 종료일 [연도]년 [월] [일]
주입 지점 ID# [직접 입력] 주입 지점 이름 [직접 입력] 주입 지점 구역 [직접 입력]
인출 지점 ID# [직접 입력] 인출 지점 이름 [직접 입력] 인출 지점 구역 [직접 입력]
여름 MW [수치] 겨울 MW [수치]

알려주세요.
감사합니다.
[발신자]
"
"Kevin:  Rob Benson called me this morning to ask about the process for Permanent Residency (Green Card).
At this time, I have been asked to hold on all new Green Card applications until further notice.
However, we might want to amend Rob's visa status from L1B to L1A, making it easier, faster and cheaper to process the Green Card, hopefully in the near future.
Rob was originally brought into the US in the capacity of Associate and this is why we used the L1B visa and not the L1A at that time.
Now that he is a Director, we should be able to amend his visa to L1A.
(The L1A is usually for Managers or above, or someone managing a function).
Do I have your authority to go ahead with the amendment?
The approximate cost is $1,000.
Thank you
",Robert Benson's Visa,"안녕하세요 [수신자],

[서비스/플랫폼] 데스크톱에서 [서비스/플랫폼]의 강력한 기능을 활용하세요!

[서비스/플랫폼]는 수억 개의 웹 페이지와 다양한 신문, 저널, 책, 잡지, 뉴스와이어, 참고 자료를 포함한 수천 개의 전문 비즈니스 연구 자료를 동시에 액세스할 수 있는 비즈니스 리서치 엔진입니다. 전 세계 다양한 뉴스와이어에서 제공하는 최신 뉴스가 실시간으로 업데이트됩니다.

이 교육에서는:

사이트를 탐색하는 방법

특별 자료 컬렉션에 액세스하는 방법

맞춤형 폴더 및 검색 알림 설정 방법
등을 배우게 됩니다.

[서비스/플랫폼] 소개 세션 일정:
[날짜1] [시간1] [장소]
[날짜1] [시간2] [장소]
[날짜1] [시간3] [장소]
※ 자리가 제한되어 있으니, 빠른 신청 바랍니다.

참석 예약을 원하시면 [담당자 이름]([내선 번호])에게 연락해 주세요.
참가비는 1인당 [참가비]이며, 무단 불참 시 [불참 시 추가 비용]이 청구됩니다.

[서비스/플랫폼] 로그인 ID 및 비밀번호를 지참해 주세요. ID가 없으신 분께는 현장에서 게스트 ID가 제공됩니다.

무료 비밀번호를 발급받고 싶으신 분은 [담당자 이름]에게 [이름], [내선], [회사 번호], [비용 센터] 정보를 [이메일 주소]로 보내주시기 바랍니다.

비밀번호를 받으시면 특별 자료 컬렉션 문서에 접근 및 다운로드가 가능합니다.

감사합니다.
[발신자]
"
"The Enron Center Garage has opened.
Employees who work for business units that are scheduled to move to the new building and are currently parking in an Enron Contract garage you are being offered a parking space in the new Enron Center garage.
This is the only offer you will receive during the initial migration to the new garage.
Spaces will be filled on a first come first served basis.
The cost for the new garage will be the same as Allen Center garage which is currently $165.00 per month, less the company subsidy, leaving a monthly employee cost of $94.00.
If you choose not to accept this offer at this time, you may add your name to the Enron Center garage waiting list at a later day and offers will be made as spaces become available.
The  Sky Ring  that connects the garage and both buildings will not be opened until fall 2001.
All initial parkers will have to use the street level entrance to Enron Center North until  Sky Ring access is available.
Garage stairways next to the elevator lobbies at each floor may be used as an exit in the event of elevator trouble.
If you are interested in accepting this offer, please reply via email to Parking and Transportation as soon as you reach a decision.
Following your email, arrangements will be made for you to turn in your old parking card and receive a parking transponder along with a an information packet for the new garage.
The Parking and Transportation desk may be reached via email at Parking and Transportation/Corp/Enron or 713-853-7060  with any questions.
",Enron Center Garage,"안녕하세요 [수신자],

[기업명] 센터 주차장이 오픈했습니다. 새 건물로 이전이 예정된 사업부에 근무하고 계시며 현재 [회사명] 계약 주차장을 이용 중인 직원분들께, 새로운 [기업명] 센터 주차장에 주차 공간을 제공해 드립니다.

이것은 새로운 주차장으로의 초기 이전 과정에서 받으실 유일한 제안입니다. 주차 공간은 선착순으로 배정됩니다.

새 주차장의 이용 요금은 현재 [다른 주차장명]과 동일하며, 월 [월 이용료]입니다. 여기에서 회사 지원금을 제하면 직원 본인 부담금은 월 [직원 부담금]입니다.

이번 제안을 지금 수락하지 않으시는 경우, 추후 [기업명] 센터 주차장 대기자 명단에 이름을 올리실 수 있으며, 공간이 생기면 순차적으로 제안이 제공됩니다.

주차장과 건물을 연결하는 [연결 통로명]은 [개통 예정 시기]까지는 이용하실 수 없습니다. 따라서 모든 초기 입주자는 [장소] 1층 입구를 사용하셔야 합니다. 엘리베이터 문제 발생 시에는 각 층 엘리베이터 로비 옆 계단을 비상구로 이용하실 수 있습니다.

이번 제안을 수락하고 싶으신 경우, 결정하시는 즉시 [부서]에 이메일로 회신해 주세요. 이메일 회신 후, 이전 주차 카드 반납 및 신규 주차장용 트랜스폰더, 안내 자료 수령 절차가 진행됩니다.

궁금하신 점이 있으시면 [부서]에 이메일([이메일 주소]) 또는 [전화번호]로 문의해 주세요.

감사합니다.
[발신자]
"
"Interested in learning more about the fun and convenience of on-line stock trading?
Join EFCU for our On-Line Stock Trading Brown Bag.
WHO:  Joel Spry of Star Financial Network  will discuss the basics of on-line trading and EFCU's trading program.
WHEN:  Friday, September 14, 2001 11:30 - 12:30  WHERE:  EB 5C2  RSVP:  joy.wagman@enron.com   Refreshments will be provided.
",On-Line Stock Trading Brown Bag,"안녕하세요 [수신자],

온라인 주식 거래의 재미와 편의성에 대해 더 알고 싶으신가요? [직접 입력]의 온라인 주식 거래 브라운 백에 참여하세요.
[기업명]의 [이름]가 온라인 거래의 기본과 [직접 입력]의 거래 프로그램에 대해 논의합니다.

언제: [연도]년 [월] [일] [요일] [시간1]-[시간2]
장소: [장소명]
회답: [이메일 주소]

간식이 제공됩니다.

감사합니다.
[발신자]"
"Enron Energy Services has one single entry point for all customer leads and service issues - The EES Business Center.
Your assistance is requested in routing all retail customer calls to this center.
The Business Center can manage general customer service requests or provide information on EES product offerings.
The number for the EES Business Center is 800-337-7837 (800-EES-SVCS) or internally, calls can be transferred to x59390.
E-Mail address is: EESBusinessCenter@enron.com  Thank you for taking the time to route these calls appropriately.
Your assistance is critical to Enron's customer acquisition success and to ensure our customers' satisfaction.
",Routing of Calls to EES Business Center,"안녕하세요 [수신자],

[직접 입력] 서비스는 모든 고객 리드와 서비스 문제에 대한 단일 진입점을 제공합니다. [부서명]는 모든 소매 고객 전화를 이 센터로 라우팅하는 데 도움이 필요합니다.
[부서명]는 일반 고객 서비스 요청을 관리하거나 [EES] 제품 제공에 대한 정보를 제공할 수 있습니다.

[부서명]의 번호는 [전화번호1]이며, 내부적으로는 전화를 [전화번호2]으로 연결할 수 있습니다. 이메일 주소는 [이메일 주소]입니다.

이러한 전화를 적절하게 라우팅하는 데 시간을 내주셔서 감사합니다. 귀하의 지원은 [기업명]의 고객 확보 성공과 고객 만족을 보장하는 데 매우 중요합니다.

감사합니다.
[발신자]
"
"Community Relations brought the Matching Gift and Volunteer Incentive Programs into the 21st Century - the programs are now on-line!
Congratulations to the following individuals, who won the Enron Matching Gift Program Contest!
Each of them was able to designate $1,000 to up to two charities of their choice.
Michelle Cash chose The Post Oak School.
Rita Homan chose Juvenile Diabetes Foundation of Omaha and The St. Pius/St.
Leo Educational Trust Fund.
Harald Jensen chose Tejas Home for Youth and The United Way of the Texas Gulf Coast.
Heather Johnson chose Urban Business Initiative.
Rebecca Skupin chose Stages Repertory Theatre.
If you would like to make a donation to an eligible non-profit organization and have Enron match it dollar-for-dollar, please log onto cr.enron.com and then click on Matching Gift and VIP.
",Enron Matching Gift Program Winners,"안녕하세요 [수신자],

지역사회 관계에서 매칭 기프트와 자원봉사자 인센티브 프로그램을 21세기에 도입했습니다. 이 프로그램은 이제 온라인으로 제공됩니다!

[직접 입력] 경연 대회에서 우승한 다음 개인에게 축하를 전합니다! 각자는 선택한 자선 단체 두 개에 1,000달러를 기부할 수 있었습니다.

[이름]는 [장소]을 선택했습니다.
[이름1]은 [장소1]과 [장소2]를 선택했습니다.
[이름2]은 [장소3]와 [장소4]를 선택했습니다.
[이름3]은 [장소5]를 선택했습니다.
[이름4]은 [장소6]를 선택했습니다.

자격이 있는 비영리 단체에 기부하고 [기업명]에서 1달러당 1달러씩 매칭해 주길 원하시면 [링크]에 로그인한 다음 매칭 기프트와 VIP를 클릭하세요.

감사합니다.
[발신자]"
"The following additions and modifications to Stack Manager will be effective as of Saturday September 8, 2001.
Stack Manager Modifications  Inactivate All Stack - In addition to the individual Activate/Inactive Stack buttons, there is now an Inactivate All Stack button.
Similar to the Suspend All button, this button will inactivate the trader's stack on all active products.
Any existing top of stack limit orders will continue to post to the website and remain transactable.
See screen shot below: Inactivate All Stack button on far right.
Please note that we have switched the positions of the suspend and inactivate buttons in Stack Manager.
Fill Order - If a product is set up as either Restricted Top of Stack or Top of Stack the trader now has the ability to automatically fill any order that is at the top of the stack.
In order to fill a limit order that is at the top of the product's stack, which will appear in pink, the trader should right click anywhere on the stack window and choose ""Fill order"".
The volume filled on an order will be that which is offered by the trader.
In order to fill the complete volume of the order, the trader will need to adjust the volume in his stack.
Floated Stack windows - If the stack is inactive on a product, the price and volume fields on the my products tab will continue to be blank.
On the depth window and floated stack window of these products the trader's prices will be in gray and italics.
Children of products that have inactive stacks will not be gray and italicised in the floated stack windows and will not see the calculated prices.
No Auto Inactivate Stack - It is now possible to keep a product active even if the trader is not logged into Stack Manager.
If the trader wishes to enable this functionality on the upper right corner of the product properties page the trader should choose ""No Auto Inactivate when Stack Manager is down"".
Changes regarding Suspension of products  Stack Manager will inactivate products rather than suspend them in the following cases:  ?
Market Close - If a product is active at the end of its trading hours its stack will automatically become inactive rather than suspending.
In order to keep a product's stack active past the set trading hours, the trader should choose ""Keep Awake"" next to the trading hours section of the product properties page.
?
Auto Suspend now inactivates stack - On a product with the Auto Suspend function enabled to monitor the price changes on the product, the product's stack will be inactivated if the Suspend at level is reached.
This feature can be used by checking the Enable box on the product properties page under the Auto Suspend section.
?
Logging Out of Stack Manager- When you log out of Stack Manager without inactivating or suspending your products, the system will now inactivate your products rather than suspending them.
",NEW ENRONONLINE FUNCTIONALITY,"안녕하세요 [수신자],

다음 추가 및 수정 사항은 [날짜]부터 [서비스]에 적용됩니다.

[서비스] 수정 사항: [직접 입력]
모두 일시 중단 버튼과 유사하게 이 버튼은 모든 활성 제품에서 트레이더의 Stack을 비활성화합니다. 기존의 모든 Stack 상단 제한 주문은 웹사이트에 계속 게시되고 거래가 가능합니다.
아래 스크린샷 참조: 가장 오른쪽에 있는 모든 Stack 비활성화 버튼.

[서비스]에서 일시 중단 및 비활성화 버튼의 위치가 바뀌었음을 알려드립니다.
주문 작성 - 제품이 제한된 Stack 상단 또는 Stack 상단으로 설정된 경우 트레이더는 이제 스택 상단에 있는 모든 주문을 자동으로 작성할 수 있습니다.
제품 스택 상단에 있는 제한 주문(분홍색으로 표시됨)을 작성하려면 트레이더가 스택 창의 아무 곳이나 마우스 오른쪽 버튼으로 클릭하고 주문 작성""을 선택해야 합니다.

감사합니다.
[발신자]"
"Please plan to attend a meeting on Tuesday, September 11 from 3 - 4 PM in EB3321.
Please call me with any questions.
Becky Young x30622
",Meeting with John Lavorato,"안녕하세요 [수신자],

[날짜][시간] 사이에 [회의실]에서 회의에 참석하시기 바랍니다.
질문이 있으면 전화해 주세요.

감사합니다.
[발신자] [전화번호]
"
"Hi everyone, Here we are almost at month end, and as of gas day 10/29/2001, almost all shippers need adjustments to their nominations in order to balance to zero by 10/31/2001.
OGE is about the only shipper that is totally balanced out.
Some shippers need bigger adjustments than others.
Please remind your shippers that any balance left will transferred to their Park & Ride contract where they will incur a carry-over MIC on November 1, 2001, plus they will also incur a penalty MIC on their packet for the month of October.
Thanks for your help in this matter.
",Packets ending October 2001,"안녕하세요 여러분,

이제 월말이 다 되어가고 있고, [연도]년 [월] [일] 가스일을 기준으로 거의 모든 운송업체가 [연도]년 [월] [일]까지 잔액을 0으로 맞추기 위해 지명을 조정해야 합니다.
[운송업체1]는 완전히 잔액을 맞춘 유일한 운송업체입니다. 일부 운송업체는 다른 운송업체보다 더 큰 조정이 필요합니다.

운송업체에게 남은 잔액은 [프로젝트명] 계약으로 이전되며, [연도]년 [월] [일]에 이월 MIC가 발생하고 [월] 패킷에 대한 벌금 MIC도 발생합니다.

이 문제에 대한 도움에 감사드립니다.
[발신자]
"
"Hello,  Xcel has requested that we provide an afternoon of training at their offices in Denver (similar to last year).
The training would go from 12:00 PM - 4:30 PM on 11/15/01 and would cover any nomination/scheduling questions they have.
Xcel has also asked to have someone there to specifically address capacity release and the final AM true-up process.
Please let me know who you would recommend as representatives from NNG.
I would like to get back to Xcel by this Thursday regarding our attendees.
Tim Johanson
",Requested training by Xcel in Denver,"안녕하세요 [수신자],

[직접 입력]에서 덴버 사무실에서 오후에 교육을 제공해 달라고 요청했습니다(작년과 유사).
교육은 [날짜] [시간]까지 진행되며 지명/일정에 대한 질문이 있을 경우 다룹니다.
[직접 입력]에서 용량 해제 및 최종 AM 트루업 프로세스를 구체적으로 다룰 사람을 요청했습니다.

NNG 대표로 추천할 사람을 알려주세요.
이번 목요일까지 참석자에 대해 [직접 입력]에 다시 연락하고 싶습니다.

감사합니다.
[발신자]"
"I talked to Lavila Lawrence with Duke Energy Field Services, LP.
and she advised me that the GPM Dumas Plant (POI 18058) is going to be shutdown effective January 1, 2002.
They will diverting some of the gas to other pipelines and any gas that will be coming to NNG will come through interconnects that David Moon takes care of in the Texas Panhandle.
She said ""They wouldn't have to de-rhime that plant anymore!
"", which gave me the impression that the cost of maintenance might be the reason for the shutdown.
Any questions, please call.
Randy Janzen
",GPM Dumas Plant Information,"안녕하세요 [수신자],

저는 [기업명] [부서명]의 [이름]와 이야기를 나누었습니다.
그녀는 [장소]([주소])가 [연도]년 [월] [일]부터 폐쇄될 것이라고 알려주었습니다.
그들은 일부 가스를 다른 파이프라인으로 전환할 것이고 [NNG]로 들어오는 모든 가스는 [이름]이 [장소]에서 관리하는 상호연결을 통해 들어올 것입니다.
그녀는 ""그들은 더 이상 그 공장의 라임을 제거하지 않아도 될 거야!""라고 말했는데, 이는 유지 관리 비용이 폐쇄 이유일 수 있다는 인상을 주었습니다.

질문이 있으면 전화해 주세요.
[발신자]"
"Attached is a prioritized list of people wanting to be part of the pilot.
Please use the number one's first and so on.
Thanks: John Buchanan
",Remote Access Pilot List,"안녕하세요 [수신자],

[직접 입력]에 참여하고자 하는 사람들의 우선순위 목록을 첨부합니다.
번호 1을 먼저 사용하고 그 다음도 사용하세요.

감사합니다.
[발신자]"
"Attached below are the two files for TW CMS/TMS requirements on flow direction and current process for inside/outside the path requirements.
Please review these documents and let me know if you have any questions or  corrections to apply to either document by COB 8/31/01.
Linda, please keep me in the loop on both of the projects since they interface directly with TMS.
Thanks Ramona
",TW requirements for Inside/Outside the Path and TW Flow Direction,"안녕하세요 [수신자],

아래에 첨부된 두 파일은 경로 내부/외부 요구 사항에 대한 흐름 방향 및 현재 프로세스에 대한 [서비스명] CMS/TMS 요구 사항에 대한 것입니다.
이 문서를 검토하고 COB [날짜]까지 두 문서에 적용할 질문이나 수정 사항이 있으면 알려주십시오.

[이름], 두 프로젝트가 [서비스명] TMS와 직접 인터페이스되므로 두 프로젝트에 대해 계속 알려주십시오.

감사합니다.
[발신자]"
"Everyone,  With lots of great help from Bert and Beverly, a timeline of the Transwestern confirmation process with El Paso has been documented and is attached.
Also, at the bottom of this attachment are several issues that have been identified in looking at the EDI process.
I will be getting a meeting together either Friday or early next week to discuss.
Thanks,
",Confirmations - Transwestern with El Paso,"안녕하세요 여러분,

[이름]와 [이름1]의 많은 도움으로 [기업명]와의 [프로젝트] 확인 절차에 대한 타임라인이 문서화되어 첨부되었습니다.
또한 이 첨부 파일의 맨 아래에는 EDI 절차를 살펴보면서 발견된 몇 가지 문제가 있습니다.
저는 금요일이나 다음 주 초에 회의를 열어 논의할 예정입니다.

감사합니다.
[발신자]
"
"Gary,  attached are the Midamerican 7 day and 16 day charts for Oct. 2001 that need to be pulled and daily readings input for PPA's.
Please keep a record of the charts that you have and the charts that are missing.
If needed Gas Logistics can help locate missing charts from the  field.
Gas Logistics close for PPA's is Dec. 4th.
If you have any questions please give me a call.
j.  floyd
",Midamerican Meter,"안녕하세요 [수신자],

첨부된 것은 [자료명]입니다. PPA에 대한 일일 판독 입력과 추출이 필요합니다.
보유한 차트와 누락된 차트를 기록해 두십시오.
필요한 경우 [장소]에서 현장에서 누락된 차트를 찾는 데 도움을 드릴 수 있습니다.
PPA에 대한 [장소]의 마감일은 [월] [일]입니다.

궁금한 사항이 있으면 전화 주십시오.
[발신자]"
"As of today, we have e:mailed a list by station ( 7 and/or 16 day charts) t= o the Measurement Group that need to be read for PPA's to correct the daily=  volumes for the following shippers:  MidAmerican - 147 stations - to date, Measurement has corrected 44 stations  IES - 87 stations  Interstate Power - 6 stations  Wisconsin Power & Light - 11 stations  In order for us to keep track of the ones that need to be corrected, we wou= ld like for Measurement to send us updates as to what station numbers have = or haven't been done.
We would also like to make sure that they have even = received all of these October, 2001 charts by December 14 and if they haven= 't, we would like to know which ones they are so that we could help by call= ing the field personnel to get those charts in ASAP and also, if we could d= o that for them, then they could continue to input the corrected readings w= hile we chase down the charts they are missing.
We have given Measurement = a date of January 3, 2002 (which is the last time that we run prior periods= ) for the date that we would like to have all of these done, but the sooner=  they get those done, the better because we would like to have plenty of ti= me to review them and make sure that they are correct.
To make that happen= , it would help us if they could be done by December 19, which will be the = first time that we run prior periods.
If we wait until the January 3rd dat= e, we will only have 1 day to check these invoices to make sure that they a= re all correct.
Lynn/Rick, I think that Jodie and I need your help in conveying this to Mea= surement along with copying all of the other people that have been involved=  with this to make sure that they (Meas.)
know the importance of getting th= is done.
We are depending solely on them to get this accomplished for us a= nd we just want to make sure that they read all of the stations that we sen= t them because we want to avoid doing multiple priors on the same months pr= oduction.
Please let us know if you need any other information.
Thanks,
",Draft to Measurement,"오늘 현재, 우리는 PPA가 다음 선적업체의 일일 볼륨을 수정하기 위해 읽어야 하는 스테이션별 목록(7일 및/또는 16일 차트)을 [기업명]에 이메일로 보냈습니다. 
MidAmerican - 147개 스테이션 - 지금까지 Measurement에서 44개 스테이션을 수정했습니다. 
IES - 87개 스테이션 Interstate Power - 6개 스테이션 
Wisconsin Power & Light - 11개 스테이션 수정해야 할 스테이션을 추적하기 위해 Measurement에서 어떤 스테이션 번호가 수행되었는지 또는 수행되지 않았는지에 대한 업데이트를 보내주시기를 바랍니다.
또한 [날짜]까지 [자료명]를 모두 받았는지 확인하고, 받지 못했다면 어떤 차트인지 알려주시면 현장 인력에게 전화하여 가능한 한 빨리 차트를 보내드리고, 해당 차트를 대신 받을 수 있다면 수정된 차트를 계속 입력할 수 있도록 도와드리겠습니다. 우리가 이 모든 것을 완료하고 싶은 날짜로 지정했지만, 그들이 빨리 완료할수록 더 좋습니다. 왜냐하면 우리는 그것들을 검토하고 그것들이 올바른지 확인할 충분한 시간을 갖고 싶기 때문입니다.
이를 실현하기 위해, [날짜]까지 완료할 수 있다면 도움이 될 것입니다. 이는 우리가 이전 기간을 실행하는 첫 번째 시간입니다.
[날짜]까지 기다리면, 우리는 이 송장을 확인하여 그것들이 모두 올바른지 확인할 수 있는 시간이 하루밖에 없습니다.
[이름1], [이름2], 저는 [이름3]와 제가 이것을 측정 = 에 전달하는 데 도움이 필요하고, 이것에 관여한 다른 모든 사람들에게 사본을 보내서 그들이 (측정)이 이것을 완료하는 것의 중요성을 알도록 해야 한다고 생각합니다.
우리는 이것을 우리를 위해 완수하기 위해 전적으로 그들에게 의존하고 있으며, 우리는 그들이 우리가 보낸 모든 방송국을 읽었는지 확인하고 싶을 뿐입니다. 왜냐하면 우리는 같은 달의 생산에 대해 여러 번 사전 조사를 하는 것을 피하고 싶기 때문입니다.
다른 정보가 필요하면 알려주십시오.
감사합니다."
"Attached is an article from Reuters.
It illustrates the true vulnerability of our information if left unprotected, and demonstrates how one attack can cause a variety of different issues.
Please recognize possible exposures you face on your personal home computer.
Ensure that you are taking precautions.
The following are some common sense rules you can follow: ?
Use an anti-virus program such as Symantec's Norton Anti Virus (NAV) or McAfee's VirusScan and update virus data files regularly.
?
Use Windows Update regularly.
Microsoft offers updates to its software that fix security issues on your computer's operating system.
?
Consider a firewall program such as Netice's Black Ice or Zone Lab's Zone Alarm.
These offer protection from people doing online probing of your equipment while you're on the internet.
Remember, ""An ounce of protection is worth a pound of cure"".
Nothing can guarantee one hundred percent protection but this will get you headed in the right direction.
Please feel free to give me a call if you have any questions or concerns.
",Common Sense for your Personal Home Computer,"안녕하세요 [수신자],

첨부된 기사는 보안에 대한 중요한 사항을 다룹니다. 정보 보호에 실패하면 심각한 문제가 발생할 수 있으며, 이는 하나의 공격으로 여러 문제가 생길 수 있음을 보여줍니다. 개인 컴퓨터에서 발생할 수 있는 위험에 대해 인식하고, 필요한 예방 조치를 취하는 것이 중요합니다.

다음은 기본적인 보안 규칙입니다:

- 바이러스 백신 프로그램을 사용하고, 바이러스 정의 파일을 정기적으로 업데이트하세요.
- 운영 체제의 보안 업데이트를 정기적으로 진행하세요.
- 방화벽 프로그램을 사용해 외부의 위협으로부터 보호하세요.

""1온스의 보호는 1파운드의 치료보다 가치가 있다""는 말을 기억하시길 바랍니다. 모든 상황에서 100% 보호를 보장할 수는 없지만, 이러한 예방 조치들은 위험을 최소화하는 데 도움이 될 것입니다.

궁금한 사항이나 우려되는 점이 있으시면 언제든지 연락 주세요.

감사합니다.
[발신자]"
"Please distribute these procedures to the Northern Customer Service teams and explain to them the importance of collecting our transportation revenues on time.
If they need further clarification or have questions, please give me a call.
Rick
",Important NNG Accounts Receivable Collection Procedures,"안녕하세요 [수신자],

이 절차를 [부서]팀에 배포하고 운송 수익을 제때 징수하는 것의 중요성을 설명해 주시기 바랍니다.

추가 설명이 필요하거나 질문이 있으시면 저에게 전화해 주세요.

감사합니다.
[발신자]
"
"Gary and Caroline, as of today, we have emailed a list by station (7 and/or 16 day charts) to the measurement 	group which needs to be read for PPA's to correct the daily volumes fro the following shippers:  		MidAmerican - 147 stations (It is my understanding you have already 44 of the 147) 		IES - 87 stations 		Interstate Power - 6 stations 		Wisconsin Power and Light - 11 stations  	In order for Gas Logistics to keep track of the ones that need to be corrected, we would like for Measurement to send  	us updates on the following information ASAP:  		1.
Which station numbers have or have not been corrected for October.
2.
How many October charts have been received and how many are outstanding  		3.
Provide status of November chart information.
Gas Logistics needs the October corrections in the system by December 19th, which is the time 	frame for the first prior period run.
This is important for us to be able to review the prior period invoices.
As you 	find there are missing charts, if we can be of assistance in calling the field, please let us know.
This way, the measurement group can concentrate on reading the charts.
We appreciate your assistance and help in tracking these prior periods and helping each of us to keep focused 	to get these prior period corrections done by the next months billing.
If you have any questions, please let 	Rick or I know.
Thanks.
Lynn
",October (Forward) Positive Displacement Meter PPA Status,"안녕하세요 [수신자],

오늘 현재 우리는 측정 그룹에 스테이션별 목록([일] 및/또는 [일] 차트)을 이메일로 보냈습니다. 이 목록은 PPA가 다음 운송업체의 일일 볼륨을 수정하기 위해 읽어야 합니다.

- [운송업체1] - [개수]개 스테이션(제가 알기로는 이미 [개수]개 중 [개수]개를 보유하고 있습니다)
- [운송업체2] - [개수]개 스테이션
- [운송업체3] - [개수]개 스테이션
- [운송업체4] - [개수]개 스테이션

[자료명]에서 수정해야 할 스테이션을 추적할 수 있도록 Measurement에서 다음 정보에 대한 업데이트를 최대한 빨리 보내주시기 바랍니다.

[월]에 수정되었거나 수정되지 않은 스테이션 번호.

[월] 차트를 몇 개 받았고 몇 개가 미수신인지.

[다음 월] 차트 정보의 상태를 제공하세요.

[직접 입력]에서는 첫 번째 이전 기간 실행의 기간인 [날짜]까지 시스템에 [월] 수정 사항을 적용해야 합니다. 이는 이전 기간을 검토하는 데 중요합니다.

누락된 차트가 있는 경우 현장에 전화하여 도움을 드릴 수 있다면 알려주십시오. 이전 기간을 추적하고 다음 달 청구서까지 이전 기간 수정을 완료하는 데 각자 집중할 수 있도록 도와주셔서 감사합니다.

질문이 있으면 [이름]이나 저에게 알려주십시오.

감사합니다.
[발신자]"
"Due to the complications I am having with my right eye following the Lasik Enhancement, I am going to be going to the eye doctor more frequently than planned.
I have another appointment at the eye doctor tomorrow Thursday, the 13th @ 2:15 pm.
Since this will basically consume most of the afternoon I went ahead and made a follow-up appointment with my primary care doctor.
He has increased my diabetes Rx and needs to evaluate it's effectiveness.
Randy
",Dr. Appointments - Eye and Diabetes,"안녕하세요 [수신자],

라식 수술 후 오른쪽 눈에 합병증이 생겨서 계획보다 더 자주 안과에 가게 되었습니다. 내일 [날짜] [시간]에 안과에 다시 가야 합니다.
이게 오후 대부분을 차지할 것이므로 주치의와 후속 검진을 예약했습니다. 또한 제 당뇨병 처방이 늘어서 효과가 있는지 내원해야 합니다.

감사합니다.
[발신자]
"
,,"안녕하세요 [수신자],

첨부된 [문서/보고서명]에 대해 내용을 수정할 필요가 있어 연락드립니다. 수정이 필요한 부분은 다음과 같습니다:

[수정이 필요한 부분 1]
[수정이 필요한 부분 2]
[수정이 필요한 부분 3]

수정이 완료되면 확인 후 다시 전달해주시면 감사하겠습니다. 수정이 어려운 부분이나 추가 질문이 있을 경우, 언제든지 연락 부탁드립니다.

감사합니다.
[발신자]
[연락처 정보]"
,,"안녕하세요 [수신자],

첨부된 [문서/보고서명]의 양식에 몇 가지 수정을 요청드리고자 합니다. 수정을 통해 더 일관성 있고, 명확한 형태로 문서를 개선할 수 있을 것으로 생각합니다.

수정이 필요한 부분은 다음과 같습니다:
- 헤더 및 서브헤더 양식 변경: 제목과 부제목이 일관되게 나타날 수 있도록 서식을 통일해주세요.
- 목록 및 번호 매기기 형식 조정: 각 항목을 보다 보기 쉽게 번호 매기기 형식으로 수정해 주세요.
- 표 양식 개선: 표의 열 너비 및 배경색을 조정하여 가독성을 높여주세요.
- 폰트 및 텍스트 정렬: 전체 문서에서 사용된 폰트를 통일하고, 텍스트가 제대로 정렬되도록 조정해 주세요.

이 수정 사항들을 반영해 주시면 감사하겠습니다. 수정이 완료되면 다시 확인하고 전달해 주세요. 추가적인 문의나 도움이 필요하시면 언제든지 말씀해 주세요.

감사합니다.
[발신자]
[연락처 정보]"
,,"안녕하세요 [상사 이름]님,

저는 [날짜]에 연차를 사용하고자 합니다. 해당 날짜에 개인적인 일이 있어 연차를 신청하고자 하며, 이를 승인해주시면 감사하겠습니다.

연차 사용에 대한 확인을 부탁드리며, 추가적으로 필요한 절차나 사항이 있다면 알려주시면 바로 처리하겠습니다.

감사합니다.
[발신자]
[연락처 정보]
"
,,"안녕하세요 [상사 이름]님,

다름이 아니라, [날짜]에 연차를 사용하고자 합니다. 개인적인 일정이 있어 해당 날짜에 연차를 신청하게 되었습니다.

연차 사용에 대해 승인해 주시면 감사하겠습니다. 혹시 다른 절차나 조치가 필요하시면 알려주세요.

감사합니다.
[발신자]
[연락처 정보]"
,,"안녕하세요 [이름]님,

프로젝트를 성공적으로 마친 것을 진심으로 축하드립니다! 이 프로젝트가 완수되기까지 보여준 노력과 헌신에 감사드리며, 팀의 모든 기여가 이 성공을 가능하게 했습니다.

프로젝트가 원활하게 진행될 수 있도록 각자의 역할을 충실히 해주셔서 큰 도움이 되었습니다. 앞으로도 좋은 결과를 얻을 수 있도록 계속해서 협력할 수 있기를 바랍니다.

다시 한 번 축하드리며, 앞으로의 프로젝트에서도 함께 좋은 성과를 이어가길 기원합니다.

감사합니다.
[발신자]"
,,"안녕하세요 [이름]님,

이번 프로젝트가 성공적으로 완료된 것을 진심으로 축하드립니다! 이 프로젝트는 어려운 점이 많았지만, 당신의 뛰어난 리더십과 팀워크 덕분에 무사히 마칠 수 있었습니다.

여러 차례 도전적인 순간들이 있었지만, 그 모든 과정을 극복한 여러분의 끈기와 노력에 정말 감사드립니다. 프로젝트가 마무리될 수 있었던 것은 모두 여러분 덕분입니다.

다시 한 번 축하드리며, 앞으로도 계속 함께 멋진 성과를 이루어 가길 기대합니다!

감사합니다.
[발신자]"
,,"안녕하세요 [이름]님,

드디어 프로젝트가 마무리되었네요! 정말 수고 많았어요. 이 프로젝트를 마무리하기 위해 보여준 헌신과 열정에 진심으로 감사드려요.

어려운 점도 많았지만, 그럼에도 불구하고 잘 해낸 것 같아요. 함께 일하면서 많은 것을 배웠고, 결과적으로 좋은 성과를 낸 것 같아서 매우 기쁩니다.

다시 한 번 축하드리고, 앞으로도 계속 좋은 협업이 이루어지길 기대합니다!

감사합니다.
[발신자]"
,,"안녕하세요 [수신자],

[프로젝트]의 진행 상황을 공유드리고자 합니다. 현재 프로젝트는 [시작일]부터 시작하여 [마감일]까지 진행될 예정입니다. 주요 목표는 [목표]이며, 이를 달성하기 위해 다음과 같은 계획을 세우고 있습니다.

[단계1] – [날짜]까지 완료 예정

[단계2] – [날짜]까지 완료 예정

[단계3] – [날짜]까지 완료 예정

현재까지는 모든 일정이 원활하게 진행되고 있으며, 각 단계별로 필요한 작업을 점검하고 있습니다. 향후 [프로젝트]와 관련된 주요 일정 및 책임은 다음과 같습니다.

향후 계획이나 일정 변경에 대한 추가 업데이트가 있을 경우 다시 공유드리겠습니다. 만약 추가적인 질문이 있거나 도움이 필요하시면 언제든지 연락주세요.

감사합니다.
[발신자]"
"Hi  Lynn,   Hadn't had a chance  to touch base with you since all of the Enron problems.
Wanted to let you  know how badly I feel for everything that has happened.
Enron is too fine  a company to have something like this happen.
You have so many great  employees in the organization.
Many, like yourself, I consider to be not  only business associates, but friends.
I just wanted to  send a quick note expressing my sorrow for all the stress you and others are  having to endure.
We support you 100%.
Things will get better.
Hopefully, you can  find some joy in the upcoming holiday season.
Sincerely,
",ENRON,"안녕하세요 [수신자],

[기업명] 문제가 생긴 이후로 연락을 드릴 기회가 없었습니다. 이 모든 일에 대해 얼마나 안타까운지 말씀드리고 싶었습니다. [기업명]은 이런 일이 일어나기에는 너무나 훌륭한 회사입니다. 귀사에는 훌륭한 직원이 정말 많습니다.

귀사와 마찬가지로 저는 많은 직원을 사업 동료일 뿐만 아니라 친구로 생각합니다. 저는 귀하와 다른 사람들이 겪고 있는 모든 스트레스에 대해 제 슬픔을 표현하고자 간단히 메모를 보내고 싶었습니다.

저희는 귀하를 100% 지원합니다. 상황이 나아질 것입니다. 다가오는 연말 연시에 기쁨을 찾을 수 있기를 바랍니다.

감사합니다.
[발신자]"
"Steve, Steve, and Lynn-  Attached is a draft of our discussions from this morning for distribution to the parties.
Please provide your input & comments.
Mike
",Draft SLA Summary,"안녕하세요 [수신자],

오늘 아침 토론 내용을 첨부하여 당사자들에게 배포합니다.
의견과 피드백을 남겨주세요.

감사합니다.
[발신자]
"
"Lynn, attached find the notes I took at our meeting with Alliant this week.
I would like to conduct a conference call with you to go over a few of the items which will require Gas Logistics' input.
I'll call you at 2:30 today.
",Alliant Energy Meeting Notes,"안녕하세요 [수신자],

이번 주에 [기업명]와의 회의에서 제가 쓴 노트를 첨부했습니다.
저는 [주제]에 대한 의견이 필요한 몇 가지 항목을 살펴보기 위해 당신과 컨퍼런스 콜을 진행하고 싶습니다.
오늘 [시간]에 전화드리겠습니다.

감사합니다.
[발신자]"
"Frank,  This email will confirm that MidAmerican will not be paid for the November gas purchase amount of $1,558,687.65, since they have already shortpaid their transportation invoice by this amount.
I spoke with Mark Walton in Finance this afternoon, and he said that they are aware of the situation and have already taken the appropriate actions to cancel the wire transfer that would have gone out to MidAmerican later this month.
Also, FYI,  I did check with the Contracts Group about payment terms in GISB agreements.
Section 7.2 of the GISB form stipulates the payment date as being the 25th day of the month following the month of delivery.
I spoke with Renee Perry in Gas Logistics this afternoon, and she is looking into compiling an invoice for finance charges on the balance shortpaid for the period November 12th - November 25th.
Please call me if you need further information.
Thanks,
",MidAmerican Gas Purchase Payment,"안녕하세요 [수신자],

이 이메일은 [기업명]이 [월] 가스 구매 금액인 [금액]를 지불받지 못할 것임을 확인해 줄 것입니다. 왜냐하면 그들은 이미 운송 송장을 이 금액만큼 과소 지불했기 때문입니다.

오늘 오후 재무부의 [이름]과 통화했는데, 그는 그들이 상황을 알고 있으며 이번 달 말에 [기업명]으로 송금될 예정이었던 송금을 취소하기 위한 적절한 조치를 이미 취했다고 말했습니다.

또한 참고로, GISB 계약의 지불 조건에 대해 계약 그룹에 문의했습니다. GISB 양식의 섹션 7.2에는 지불 날짜가 배달한 달의 다음 달 [일자]일이라고 규정되어 있습니다.

오늘 오후 [부서명]의 [이름]와 통화했는데, 그녀는 [기간] 동안 과소 지불된 잔액에 대한 금융 비용에 대한 송장을 작성하려고 합니다.

추가 정보가 필요하면 전화해 주세요.

감사합니다.
[발신자]
"
"Please make the following Company and Cost Center changes for 2002.
In addition, the following org charts show corrections in conjunction with these changes.
Please update them.
Please advise if you have any questions.
Donna 36136
",Employee Company Level Changes for 2002,"안녕하세요 [수신자],

[년]년 회사 및 비용 센터 변경 사항을 다음과 같이 해주세요. 또한, 다음 조직도는 이러한 변경 사항과 관련된 수정 사항을 보여줍니다. 업데이트해 주세요.

질문이 있으면 알려주세요.

감사합니다.
[발신자]
[전화번호]"
"Gas Measurement Services and Field Measurement Services identified and evaluated options/requirements to generate daily volume information for all NNG meters.
The attached file contains a listing and description of the options evaluated along with short term and long term recommendations for achieving the daily volume objective.
A video conference has been scheduled for Monday, December 17th from 1:00 to 3:00 p.m. to review and discuss the attached proposal.
Attendees in Houston will meet in EB49C2 and attendees in Omaha will meet in 7C2.
A conference bridge has been set up for those who will not be in the Omaha or Houston offices.
The conference bridge number is 877-232-4392, code #401353.
Only a limited number of ports are available, so please try to participate in one of the video conference rooms if possible.
Thanks,
",Daily Volume Information for NNG Meters,"안녕하세요 [수신자],

[프로젝트]와 관련된 중요한 내용을 논의하기 위한 화상 회의가 예정되어 있습니다.
회의는 [날짜] [시간]까지 진행될 예정이며, 주요 항목은 [주요 논의 내용]입니다.
회의 참석은 [장소1] 또는 [장소2]에서 진행되며, 두 장소 모두에서 참석할 수 있는 브리지 번호가 설정되어 있습니다.
브리지 번호는 [직접 입력], 코드 [직접 입력]입니다.

가능한 한 화상 회의실에 참여해 주시면 감사하겠습니다.
참석하실 분들은 미리 알려주시기 바랍니다.

감사합니다.
[발신자]"
"Lynn, any update yet from Gary or Caroline as to the updates you requested in your December 11 email?
I am finalizing a letter to Alliant and would like to provide them with an expectation as to the October PPA's.
Specifically, will all the October charts be corrected?
Further, Alliant wants Gas Logistics to tag the PPA's.
Specifically, Alliant requested the differences are identified by gate and amount of change.
Is this possible?
",October (Forward) Positive Displacement Meter PPA Status,"안녕하세요 [수신자],

[이름]이 [날짜] 이메일에서 요청한 업데이트에 대한 업데이트를 아직 받았나요?
저는 [기업명]에 보낼 편지를 마무리하고 있으며 [월] PPA에 대한 기대 사항을 전달하고 싶습니다.
특히, [월] 차트가 모두 수정될까요?

또한, [기업명]는 [부서]에서 PPA에 태그를 지정하기를 원합니다.
특히, [기업명]는 게이트와 변경 금액으로 차이점을 식별해 달라고 요청했습니다.
가능할까요?

감사합니다.
[발신자]"
"Some of you may encounter a problem with your paycheck inquiry when you try to access current pay period totals.
It may only show year-to-date totals, not current pay period results.
There was evidently a test run on payroll on 12/11 with no dollar amount involved.
That is what you will see.
To get this pay period's results:  	1) Access eHRonline  2)Pay Information  3) Paycheck Inquiry 	4) Select P/R Results - two options, click on results in period 	5) Click on the results 12/01/2001 - 12/15/2001  Assistants, please forward to your respective groups.
",eHRonline P/R Inquiry,"안녕하세요 [수신자],

일부 사용자는 현재 급여 기간 총액에 액세스하려고 할 때 급여 조회에 문제가 발생할 수 있습니다.
현재 급여 기간 결과가 아닌 연초부터 현재까지의 총액만 표시될 수 있습니다.
[날짜]에 달러 금액이 관련되지 않은 급여에 대한 테스트 실행이 있었던 것으로 보입니다. 그것이 표시됩니다.

이 급여 기간의 결과를 얻으려면:
- [시스템]에 액세스
- 급여 정보
- 급여 조회
- P/R 결과 선택 - 두 가지 옵션, 기간의 결과 클릭
- [시작일] - [종료일] 결과 클릭

해당 그룹으로 전달해 주세요.

감사합니다.
[발신자]"
"Joe,  As discussed, please repath January 2001 for contract 101559.
I have input the rates on the invoice that Jeff Nielsen said he agreed to.
However, there are certain paths for the same period of time that Oneok indicated different rates for each.
They should be consistent so I input one rate for all paths on a Mid to Mid basis.
Therefore, after you repath the invoice, we will still have a difference.
I want to write-off whatever balance still exists after repathing.
Please prepare the write-off documentation and I will sign.
We need to be sure to do this before we go into next year.
Also, this is the only invoice you have provided me that had issues on this contract which I find hard to believe.
Can you double-check to see that there are no other A/R issues for this IT contract and let me know ASAP.
Thanks!
",OneOk Repath for contract 101559,"안녕하세요 [수신자],

논의한 대로, [년] 1월을 계약 [계약 번호]로 재경로해 주세요.
[이름]이 동의했다고 말한 송장에 요금을 입력했습니다.
그러나 [기업명]에서 각각 다른 요금을 표시한 동일 기간의 특정 경로가 있습니다.
일관성이 있어야 하므로 중간에서 중간 기준으로 모든 경로에 대해 하나의 요금을 입력합니다.

따라서 송장을 재경로한 후에도 여전히 차이가 있습니다.
재경로한 후에도 남아 있는 잔액을 모두 탕감하고 싶습니다.
탕감 문서를 준비해주시면 서명하겠습니다.
내년으로 넘어가기 전에 반드시 이 작업을 해야 합니다.

또한, 이 계약에 문제가 있는 유일한 송장이 있는데 믿기 어렵습니다.
이 IT 계약에 다른 A/R 문제가 없는지 다시 한 번 확인해 주시고 최대한 빨리 알려주세요.

감사합니다!
[발신자]"
"Below is an Excel spreadsheet that shows all outstanding November 2001 TW transportation invoices mailed to ENA on 12/03/01 in which they were designated as the payor.
Of the $569,434.56 invoiced, $213,603.58 was through our capacity release program as the acquiring shipper for two Citizens Communications Company contracts.
Another $226,350.00 was for ENA acting as agent for Eastern New Mexico Gas Association, Enervest San Juan Operating, LLC, and the Southern Ute Indian Tribe.
The remaining $129,480.98 is for their own contracts with TW.
Please see the attached schedule for the details.
Citizens is aware of their accountability for ultimate payment of the demand portion of the contracts in which they released capacity.
Rick
",TW November 2001 Transportation Invoices Outstanding,"안녕하세요 [수신자],

아래는 [년] [월] TW 운송 송장을 모두 [날짜]에 [기업명]에 우편으로 발송하여 지불인으로 지정한 것을 보여주는 Excel 스프레드시트입니다.
청구된 [금액] 중 [금액1]은 [기업명] 계약 [수]건에 대한 인수 운송업체로서 용량 해제 프로그램을 통해 이루어졌습니다.
또 다른 [금액2]는 [기업명1], [기업명2], [기업명3] 및 [기업명4]의 대리인 역할을 하는 [기업명]에 대한 것입니다.
나머지 [금액3]은 [기업명]와의 자체 계약에 대한 것입니다.

자세한 내용은 첨부된 일정을 참조하십시오.
[수신자]는 용량 해제 계약의 수요 부분에 대한 최종 지불에 대한 책임이 있음을 알고 있습니다.

감사합니다.
[발신자]
"
"Attached is the outline used for Stan's meeting this morning.
You can just update 	information as it is your turn to attend his staff meeting.
Stan will NOT have a staff meeting next week, December 24th.
If you have any questions, please let me know.
Thanks.
Lynn
",Stan Horton's Staff Meeting,"안녕하세요 [수신자],

오늘 아침 회의에 사용된 개요를 첨부합니다.
스태프 회의에 참석할 차례이므로 정보를 업데이트하면 됩니다.
스태프는 다음 주 [날짜]에 스태프 회의를 하지 않습니다.

궁금한 사항이 있으면 알려주세요.
고맙습니다.
[발신자]"
"The meeting yesterday with about 7 small producers in Okla went fairly well.
It is obvious that they now realize that the cost of processing, if necessary is there obligation, not Northerns.
We heard the same rhetoric about the history, for the past 30 years it is has been a ""wet"" system and they entered into contracts without any processing obligations.
Northern' can't change due to this and historical operation and ""unwaive"" the high c6+ based on the highest receipt levels.
They (Dan?? )
was very insistent that if a problem occurred, all shippers should be pro rated and NNG's tariff should be enforced at the tailgate of the Bushton plant, not the point of receipt as the tariff currently states.
They asked us to file to change, potentially incorporate a default processing agreement that had to be used in the event of high concentrations of C6+--  I think you get the drift of the discussions--  don't just cut my gas, cut everyone
",Producer meeting,"안녕하세요 [수신자],

어제 [지역]의 소규모 생산자들과 가진 회의는 꽤 잘 진행되었습니다.
그들은 이제 필요한 경우 처리 비용이 북부가 아닌 그들의 의무라는 것을 깨달았습니다.
우리는 역사에 대한 동일한 수사학을 들었습니다. 지난 [기간] 동안은 습식 시스템이었고, 그들은 어떠한 처리 의무 없이 계약을 체결했습니다.

감사합니다.
[발신자]"
"Attached is an excel spreadsheet showing the gas quality at all the points in the Bushton Universe.
I have sorted the information by POI #, BTU content, carbon dioxide content, helium content, C6+ content and nitrogen content.
The POI listing is consistent with the official Bushton Universe list used for Gas Logistics purposes with the following exceptions:  	1.
POIs # 71315 and # 71316 are not on the attached list since they are pooling points and will not have gas composition information.
2.
POI # 59685 Richfield Gas Storage/NNG Stevens is on the attached list twice.
The gas composition information is tied to meter # 658429 and the throughput activity is reported by the summation meter # 660018.
3.
POI # 1309 CNG/Beaver  - C Line Receipt is including in the attached data since the CNG Beaver processing plant is not running at this time.
The CNG volume is flowing to the Bushton Plant as strangers gas.
Once everyone has gotten a chance to look at this information I would like to have another meeting to discuss the data.
A video conference has been set as follows:  	Day			Thursday 	Date			January 3, 2002 	Time			1:30 to 3:00 pm 	Location		42C2 Houston and 696 Omaha  Feel free to give me a call if you have questions.
Penny
",Bushton Universe Gas Quality,"안녕하세요 [수신자],

첨부된 엑셀 스프레드시트는 [직접 입력]을 보여줍니다.
저는 [POI #], [BTU 함량], [이산화탄소 함량], [헬륨 함량], [C6+ 함량] 및 [질소 함량]에 따라 정보를 정렬했습니다.
POI 목록은 다음 예외를 제외하고 가스 물류 목적으로 사용되는 공식 [지역] Universe 목록과 일치합니다.

[POI 번호]와 [POI 번호]는 풀링 지점이므로 가스 구성 정보가 없으므로 첨부된 목록에 없습니다.

[POI 번호] [위치]는 첨부된 목록에 두 번 있습니다. 가스 구성 정보는 [미터 번호]에 연결되어 있으며 처리량 활동은 합계 [미터 번호]에서 보고됩니다.

[POI 번호] [위치]는 현재 가동되지 않으므로 첨부된 데이터에 포함되지 않습니다. [CNG 용량]은 [다른 위치]로 흘러갑니다.

모두가 이 정보를 볼 기회를 얻으면 데이터에 대해 논의하기 위해 또 다른 회의를 갖고 싶습니다.
화상 회의는 [날짜] [시간]에 [회의실] 및 [회의실1]에서 설정되었습니다.

질문이 있으면 언제든지 전화 주세요.
감사합니다.
[발신자]
"
"The attached list are outstanding receivables associated with the Central Region group that have occurred prior to December 2000.
I would request that these receivables get written off in order to clean up the books.
Total value $11,783.70.
If you have any questions, please do not hesitate to give me a call.
",Account Receivables,"안녕하세요 [수신자],

첨부된 목록은 [기업명]과 관련된 미수금입니다. 이 미수금을 정리하기 위해 탕감해 주시기를 요청드립니다.
총 가치는 [금액]입니다.

궁금한 사항이 있으시면 언제든지 전화 주십시오.
감사합니다.
[발신자]
"
"Attached please find a revised draft of the response.
It must be mailed on December 28 unless Dave is able to reach an alternative agreement with Oneok.
Thanks, Dari
",Oneok Dispute Notice Response,"안녕하세요 [수신자],

첨부된 답변의 수정된 초안을 확인하세요.
[이름]가 [기업명]과 대체 합의에 도달하지 않는 한 [날짜]에 우편으로 발송해야 합니다.

고맙습니다.
[발신자]
"
"Revised spreadsheet due to number of days being used in the time frame.
It should be for 13 months instead of 12 months for all calculations.
See footnote at the bottom of Summary Page of the revised Spreadsheet.
Thank you Glen for catching this.
Terry Kowalke
",Revised:  TW OBA Filing Info.,"안녕하세요 [수신자],

시간 프레임에 사용된 일수로 인해 스프레드시트를 수정했습니다.
모든 계산에 12개월 대신 13개월이어야 합니다.
수정된 스프레드시트의 요약 페이지 하단에 있는 각주를 참조하세요.

이 문제를 파악해 주셔서 감사합니다.
[발신자]"
"The following are flight schedules for travel on January 16th leaving Houston/ IAH at 3:50pm arriving New Orleans at 4:50pm returning on January 18th departing New Orleans at 1:35pm arriving Houston/IAH at 2:35pm.
Marion your flight would departs from Hobby January 16th at 3:55pm arriving New Orleans at 4:55pm.
Returning on January 18th your flight departs at 1:50pm arriving Hobby at 3:00pm.
If for some reason the flights times need to be changed please let me know as soon as possible.
Thanks,
",SGA New Orleans Conference,"안녕하세요 [수신자],

다음은 [날짜] [시간]에 [공항]을 출발하여 [시간]에 [도시]에 도착하고, [날짜] [시간]에 [도시]를 출발하여 [시간]에 [공항]에 도착하는 항공편 일정입니다.
[이름], 귀하의 항공편은 [날짜] [시간]에 [공항]에서 출발하여 [시간]에 [도시]에 도착합니다.
[날짜] 귀국 항공편은 [시간]에 출발하여 [시간]에 [공항]에 도착합니다.

어떤 이유로 항공편 시간을 변경해야 하는 경우 최대한 빨리 알려주십시오.
감사합니다.
[발신자]
"
"We have reviewed the assignments Jean sent out earlier in the week.
At this time 	I think the split is OK.
I would like for you to put in writing for me the following:  	 	Who is your back up on critical reports, etc when you are out.
I would like for that back up to be someone that was NOT on 		your original team.
This may help us address the issue of the two 		""old"" teams merging.
For example I am assuming if one rep has the shipper business and another rep has the 		operator business for the same company, then those two reps should back each other's 		desk.
Randy Janzen is backing up Jean Adams desk on Lamar Power Plant since he has AEP which 			is shipper that does business at the Lamar Plant.
Scott and Kathy support each other's desk since Kathy has ElPaso as a Shipper and 			Scott has ElPaso as Operator.
Harry and Joe support each other on Oneok since Harry has Bushton and Joe has the 			gathering  		The areas of concern in relation to day to day business are below and need specific back up 		reps.   			GPM Monthly Pricing Report 			Lamar Power Plant True Ups 			PVR Report 			Oneok Gathering Reporting 			NNG Administrative Contracts 			SPS Power Plant True Up 			Conoco Power Plant True Up 			MOPS Daily Report 				 		The HIgh profile shippers/Operators that need specific back ups are as follows:  			Duke/GPM 			Oneok 			Transcanada 			Dynegy 			Reliant 			ElPaso 			West Texas Gas   	If there is any confusion with the email, please do not hesitate to call Terry or myself.
Thanks.
Lynn
",Team Shipper/Operator Assignments,"안녕하세요 [수신자],

저희는 이번 주 초에 [이름]이 보낸 과제를 검토했습니다.
지금은 분할이 괜찮다고 생각합니다.
다음 사항을 저에게 서면으로 작성해 주시기 바랍니다. 귀하가 자리를 비웠을 때 중요한 보고서 등에 대한 백업은 누구입니까?
백업은 원래 팀에 속하지 않은 사람이 되기를 바랍니다.
이렇게 하면 두 ""이전"" 팀이 합병되는 문제를 해결하는 데 도움이 될 수 있습니다.

예를 들어 한 담당자가 [업무1] 사업을 맡고 다른 담당자가 같은 회사의 [업무2] 사업을 맡는 경우 두 담당자는 서로의 책상을 백업해야 합니다.
[이름]은 [회사명]에서 [업무1]을 맡고 있기 때문에 [이름1]의 책상을 백업합니다.
[이름2]와 [이름3]은 [업무3]을 맡고 [이름3]이 [업무4]을 맡고 있기 때문에 서로의 책상을 지원합니다.
[이름4]와 [이름5]는 [업무5]을 맡고 [이름5]가 [업무6]을 맡고 있기 때문에 [회사명]에서 서로를 지원합니다.

일상 업무와 관련된 우려 사항은 아래와 같습니다. 그리고 특정 백업 담당자가 필요합니다.
- [보고서1]
- [보고서2]
- [보고서3]

특정 백업이 필요한 유명 [업체명]은 다음과 같습니다.
- [업체1]
- [업체2]
- [업체3]

이메일에 혼동이 있는 경우 [이름6]나 저에게 전화 주시기 바랍니다.

감사합니다.
[발신자]
"
"A conference call has been scheduled for Thursday, December 27, 2002 at 2:30 PM to review the measurement data Alliant would like to have access to electronically and the data Northern can provide.
I will initiate the call.
Please let me know if your schedules change.
",Measurement Detail,"안녕하세요 [수신자],

[날짜] [시간]에 [기업명]가 전자적으로 접근하고자 하는 측정 데이터와 [기업명1]이 제공할 수 있는 데이터를 검토하기 위한 컨퍼런스 콜이 예정되어 있습니다.
저는 콜을 시작하겠습니다.
일정이 변경되면 알려주십시오.

감사합니다.
[발신자]"
"Attached is the Contracts/PLE team on-call schedule for the first half of 2002.
Please note the following procedural changes for the Contracts/PLE on call person...
The on call person will be the primary contact for questions for all three pipes, both contract and capacity release.
The team member on call for the upcoming weekend will also be the person on call during the week.
(The on-call period starts Monday morning and continues until the next Monday morning.)
The on-call person will be in the office until 5pm (5:30pm during bid week which is the last week of the month).
If you have any questions or suggestions for improving the process, feel free to call.
",Contracts/PLE On Call Schedule January through June 2002,"안녕하세요 [수신자],

[날짜] [시간]에 2002년 상반기 계약/PLE 팀 대기 일정을 첨부합니다.
다음은 계약/PLE 대기 담당자에 대한 절차 변경 사항입니다:

대기 담당자는 계약 및 용량 해제를 포함한 세 가지 파이프에 대한 질문에 대한 주요 연락처가 됩니다.
다가오는 주말 대기 팀원은 주중에도 대기 담당자가 됩니다.
(대기 기간은 [요일] 아침부터 시작하여 다음 [요일] 아침까지 계속됩니다.)
대기 담당자는 오후 [시간]까지(매월 마지막 주인 입찰 주간에는 오후 [시간]까지) 사무실에 있습니다.

질문이나 프로세스 개선에 대한 제안 사항이 있으면 언제든지 전화해 주세요.

감사합니다.
[발신자]
"
"We finally found the right person in the KN Energy organization for the 18 dth Carlton Obligation.
KN will nominate today for Gas Day 26th going forward.
We told KN that they will have a penalty 	of $25.00 per dth for each day they did not nominate.
18 dth x 25.00 = $450/day x 3 days = $1350.
We also told them we have been leaving messages since Saturday.
We left messages at  	3 different offices.
KN admitted to seeing the posting but ""did not understand"" the obligation 	and they did not call for clarification.
If you have any questions, please let John (Ext.
7429) or I (Ext.
7637) know.
Thanks.
Lynn
",Carlton Resolution,"안녕하세요 [수신자],

우리는 마침내 [직접 입력]에 적합한 사람을 찾았습니다.
[회사명]은 [날짜]부터 [날짜] 가스 데이에 지명할 것입니다.
우리는 [회사명]에 지명하지 않은 날마다 1일당 [금액]의 벌금이 부과된다고 말했습니다.
[날짜] x [금액] = 1일 [금액] x [일수] = [금액].

또한 [요일]부터 메시지를 남겼다고 말했습니다.
우리는 3개의 다른 사무실에 메시지를 남겼습니다.
[회사명]은 게시물을 봤다고 인정했지만 의무를 ""이해하지 못했다""고 말했으며, 그들은 설명을 위해 전화하지 않았습니다.

궁금한 사항이 있으면 [이름](내선 [전화번호]) 또는 저(내선 [전화번호1])에게 알려주십시오.
감사합니다.
[발신자]"
"Team, I would like for you to review the attached Shipper assignment list.
With Renee leaving and 	Pat still on a learning curve, I wanted to throw out some possibilities and get your input.
I did not 	spend a lot of time on interconnects, so you may want to look at those closely.
I did talk with John, 	Terry, Raetta and Larry for input.
Please review, discuss and set up some time to visit with me about 	your comments.
Thanks.
Lynn
",North End Team Shipper/Interconnect Assignments,"안녕하세요 [수신자],

첨부된 [자료명]을 검토해 주시기 바랍니다.
[이름]가 떠나고 [이름1]이 아직 학습 곡선에 있으므로 몇 가지 가능성을 제시하고 의견을 듣고 싶었습니다.
저는 상호 연결에 많은 시간을 할애하지 않았으므로 자세히 살펴보는 것이 좋습니다.
[이름2], [이름1], [이름3], [이름4]와 의견을 나누었습니다.

검토하고 논의하고 의견에 대해 이야기할 시간을 정해 주십시오.

감사합니다.
[발신자]
"
"Stan and Danny, here is a recap of activities in Gas Logistics this last week including Gas Control 	activity.
I will send you an update again on Wednesday (Jan. 2).
Have a great weekend.
Please give me call if you have any questions.
(Ext.
7637) Thanks.
Lynn
",Weekly Report for Gas Logistics,"안녕하세요 [수신자],

지난주 [보고서1] 요약입니다. [내용]도 포함되었습니다.
[날짜]에 다시 업데이트를 보내드리겠습니다.

좋은 주말 보내세요.
궁금한 사항이 있으면 전화 주세요.
(내선번호 [전화번호])

감사합니다.
[발신자]"
"Lynn,  Koch is the agent for IES nominations.
On the accounting side, IES pays their own invoices.
WP&L, Interstate Power, IEA and IES are all under Alliant, but they operate independently.
Kathy Washington currently handles the scheduling for IES since she handles Koch, and also IES accounting since they pay their own invoices.
However, each month Kathy Washington gives the IES invoices to Jean to include with Alliant's mailout.
Hope this explains everything!
Give me a call if you have any questions.
Thanks,
",Clarification of IES Industries,"안녕하세요 [수신자],

[이름]는 [회사명] 지명의 대리인입니다.
회계 측면에서 [회사명]은 자체 송장을 지불합니다.
[기업명1], [기업명2], [기업명3] 및 [기업명4]는 모두 [모기업명] 산하이지만 독립적으로 운영됩니다.
[이름1]은 현재 [회사명5]를 처리하기 때문에 [회사명]의 일정을 처리하고, 자체 송장을 지불하기 때문에 [회사명] 회계도 처리합니다.
하지만 매달 [이름1]은 [기업명]의 메일에 포함시킬 [회사명] 송장을 [이름2]에게 줍니다.

이것이 모든 것을 설명했기를 바랍니다!
질문이 있으면 전화 주세요.
감사합니다.
[발신자]
"
"The attached list are outstanding receivables associated with the Central Region group that have occurred prior to December 2000.
These are in addition to the receivables Frank Semin sent to you on December 19, 2001.
Total value of these receivables are $13,039.98.
Please have these receivables written off prior to January 1, 2002.
Thanks!
",Accounts Receivables,"안녕하세요 [수신자],

첨부된 목록은 [기업명] 그룹과 관련된 미수금입니다.
이것은 [이름]이 [날짜]에 귀하에게 보낸 미수금에 추가된 것입니다.
이러한 미수금의 총 가치는 [금액]입니다.

[날짜] 이전에 이러한 미수금을 탕감해 주십시오.
감사합니다!
[발신자]"
"John and Terry, could you check into having a Business Objects report done for all groupings with 	the following information.
Previous Cyclce Nomination	Current Nomination	Confirmation	Schedule  	Confirmation piece is not critical if that prolongs getting the report.
The reason for the report  - Gas Control needs to know what changes have taken place and 	this will prevent the teams from doing a manual report.
If we already have access to something similar to this, let me know.
I would like to be 	able run this report during cycle.
(I think I am probably asking for the moon), but that 	would be the best time for Gas Control.
Thanks.
Lynn
",Kermit to Beaver Grouping,"안녕하세요 [수신자],

다음 정보를 사용하여 모든 그룹에 대한 [보고서 이름]를 작성할 수 있는지 확인해 주시겠습니까?
이전 사이클 지명, 현재 지명, 확인 일정, 확인 부분은 보고서를 받는 데 시간이 오래 걸린다면 중요하지 않습니다.

보고서의 이유 - 가스 제어에서 어떤 변경 사항이 발생했는지 알아야 하며, 이를 통해 팀에서 수동 보고서를 작성하지 못하게 됩니다.
이미 이와 유사한 것에 액세스할 수 있는 경우 알려주세요.
사이클 중에 이 보고서를 실행할 수 있기를 바랍니다.
(아마 달을 요청하는 것 같습니다.) 하지만 가스 제어에 가장 적합한 시기가 될 것입니다.

감사합니다.
[발신자]"
"I've mentioned to all teams that I will be leaving early today.
I am going to do an end of day for UPS shipments if there are any that need to be canceled please leave at my work area also if you have any UPS additions you will need to fill out a Package & Ship request form, located at my desk along with UPS envelops.
If you should need any assistance please let Sharon Brown know.
Thanks,
",Out of Office,"안녕하세요 [부서명],

저는 오늘 일찍 퇴근할 것이라고 모든 팀에 말했습니다.
저는 [배송업체] 배송에 대한 하루를 마감할 것입니다. 취소해야 할 것이 있다면 제 작업 구역에 남겨주세요.
또한 [배송업체] 추가 사항이 있다면 [배송봉투]와 함께 제 책상에 있는 패키지 및 배송 요청 양식을 작성해야 합니다.

도움이 필요하면 [이름]에게 알려주세요.
감사합니다.
[발신자]
"
"Attached is the file to be used for demand invoice verification for December 2001 capacity release transactions.
If you have any questions, please feel free to contact me.
Thanks,
",Transwestern Capacity Release Report for December 2001 Reservation  Invoices,"안녕하세요 [수신자],

첨부된 파일은 [직접 입력]에 사용될 파일입니다.
질문이 있으시면 언제든지 저에게 연락해 주십시오.

감사합니다.
[발신자]
"
"Mike  Attached is the summary of the Carlsbad/Crawford/WT-1 oba.
The balance as of 11/30/2001 is $1,497,337.92 due Transwestern.
This balance will probably grow by an additional $50,000 due TW in 12/2001.
Please let me know if you desire additional detail.
Hopefully we already reconcile.
I will call Sharon Tischer on Wednesday January 2nd to discuss the other balances that exist between TW and DEFSSW - and also the possibility of netting the Hobbs and Artesia payable balances against the Crawford and Waha receivable balances.
","""Crawford"" oba","안녕하세요 [수신자],

첨부된 것은 [자료명]입니다.
[날짜] 현재 잔액은 [금액]입니다.
이 잔액은 아마도 [날짜]에 [회사명]에 [금액]이 더 늘어날 것입니다.

추가 세부 정보가 필요하면 알려주세요.
바라건대 우리는 이미 조정을 마쳤습니다.
[날짜]에 [이름]에게 전화해서 [회사명]과 [회사명2] 사이에 존재하는 다른 잔액과 [이름1]과 [이름2] 지급 잔액을 [이름3]과 [이름4] 미수금 잔액과 상쇄할 가능성에 대해 논의하겠습니다.

감사합니다.
[발신자]
"
"Just a reminder, we are planning a TW Imbalance meeting on Thursday, January 3, 2002 	in 42C2 at 8:30, right after the NNG/TW morning meeting.
Richard will bring updated reports for us to review.
Thanks.
Lynn
",TW Imbalance Meeting,"안녕하세요 [수신자],

알려드립니다. [날짜] [시간]에 [회의실]에서 [회의 주제] 회의를 계획하고 있습니다.
회의 직후에 [이름]가 업데이트된 보고서를 가져와서 검토할 것입니다.

고맙습니다.
[발신자]"
"After further investigation here are the facts as of today (Monday) on the UCU SBA issue:  	1.
UCU nominated 20,000 dth on their SBA contract  	2.
UCU reduced there Carlton transportation by 10,000 dth  	3.
Kathy is checking all of UCU's contracts to see if overall they:  		a.
Reduced deliveries 		b.
Increased Receipts elsewhere to make up for the Carlton reduction  	We will have an answer by the morning meeting on Wednesday.
Have a great New Years Eve and be careful.
Thanks.
Lynn
","UCU - SBA - Peaking at Carlton for 20,000 dth","안녕하세요 [수신자],

추가 조사 결과, 오늘 현재 [계약명] 문제에 대한 사실은 다음과 같습니다.
1. [기관명]이 계약에 [일수]일을 지정했습니다.
2. [기관명]이 [운송업체명]을 [일수]일로 줄였습니다.
3. [이름]가 [기관명]의 모든 계약을 확인하여 전체적으로 다음 사항이 있는지 확인하고 있습니다.
3.a. 배송 감소
3.b. [운송업체명] 감소를 메우기 위해 다른 곳에서 영수증 증가

[요일] 아침 회의까지 답변을 드리겠습니다.

새해 복 많이 받으시고 조심하세요.
감사합니다.
[발신자]
"
"Dave,  We have made good progress on our NNG accounts receivable clean up effort.
We will have a transportation write-off package for you to review later this week.
Our previous observation that most of the outstanding dollars are tied to work orders was correct.
John Cobb and I spoke and he will focus on researching these work orders and will submit a separate write-off package.
My group has prepared some excellent detailed reports that should be useful to John's group.
We will let you know if we need assistance from you or your group.
Rick
",NNG A/R Issues,"안녕하세요 [수신자],

NNG 미수금 정리 작업에서 좋은 진전을 이루었습니다.
이번 주 후반에 검토할 수 있는 운송 대손 처리 패키지를 제공할 예정입니다.
대부분의 미지급 달러가 작업 지시서와 연결되어 있다는 이전 관찰은 정확했습니다.
[이름]과 저는 이야기를 나누었고, 그는 이러한 작업 지시서에 대한 조사에 집중하고 별도의 대손 처리 패키지를 제출할 것입니다.
저희 그룹은 [이름]의 그룹에 유용할 만한 훌륭한 세부 보고서를 준비했습니다.

귀하 또는 귀사의 그룹으로부터 도움이 필요한 경우 알려드리겠습니다.
감사합니다.
[발신자]
"
"NNG had EDI problems this morning,  Evidently TMS ran out of disc space cau= sing all of the files to get hung up in the HUB for the Final cycle and the=  ID1 cycle.
The help desk was paged at 7:35 a.m. to report the problem , To= by responded, but was having trouble reaching the on call TMS.
We did not g= et a response until 8:55 a.m. from TMS , the EDI files were in the HUB for = over two hours.
Mary Draemer was very helpful and made follow up calls so w= e could relay an estimated time frame to our customers when this problem wo= uld be resolved.
Monday 12/31/2001 we also experienced printer problems , w= e were told that a print server was down, the Solution Center was redirecti= ng print servers on an individual basis at our work stations.
Kathy Washing= ton could not print this morning and had tried to contact someone at the So= lution Center, and did not receive a response back for quite a while, we we= nt through the Help desk (Toby) and either he contacted Glen or Glen respon= ded to the earlier page, We had several technical problems to work through = this morning, but the most critical problem was trying to reach our support=  people.
New Years Morning Crew, Kathy Washington Chris Greaney
",New Years Day,"안녕하세요 [수신자],

오늘 아침 [회사명]에서 EDI 문제가 발생했습니다. TMS에서 디스크 공간이 부족하여 모든 파일이 최종 주기와 1주기 동안 HUB에 걸렸습니다.
헬프 데스크에 오전 [시간]에 호출하여 문제를 보고했고, 담당 부서에서 응답했지만, 당직 TMS에 연락하는 데 문제가 있었습니다.
TMS에서 오전 [시간]까지 응답을 받지 못했고, EDI 파일은 HUB에 [시간] 이상 있었습니다.
[이름]에게 후속 전화를 걸어 이 문제가 해결될 예상 시간을 전달했습니다.

또한, [날짜]에 프린터 문제가 발생했는데, 인쇄 서버가 다운되었다고 들었습니다. 솔루션 센터에서 작업 스테이션에서 개별적으로 인쇄 서버를 리디렉션하고 있었습니다.
[이름1]은 오늘 아침 인쇄가 안돼서 연락하려고 했다고 합니다. [부서]에 연락했는데, 꽤 오랫동안 답변을 받지 못했습니다. 헬프 데스크를 통해 연락했는데, 그가 [이름2]에 연락했거나 [이름2]이 이전 페이지에 답장을 보냈습니다.

오늘 아침에 해결해야 할 기술적 문제가 몇 가지 있었지만, 가장 중요한 문제는 지원 담당자에게 연락하려는 것이었습니다.

새해 아침 작업반,
[발신자]
"
"Attached is the report I mentioned, in printed form it shows each discount for each path for each contract.
I will mention this to the TW team now, but go over the report in further detail on the first day of invoicing so each can see the discounts for their own shippers.
Hopefully this will reduce future PPA's.
Thanks,
",Negotiated Rates,"안녕하세요 [수신자],

첨부된 것은 제가 언급한 보고서입니다. 인쇄된 형태로 각 계약의 각 경로에 대한 각 할인을 보여줍니다.
지금 [부서] 팀에 이 사실을 언급하겠지만, 청구 첫날에 보고서를 더 자세히 살펴보세요. 그러면 각자가 자신의 운송업체에 대한 할인을 볼 수 있을 것입니다.
이렇게 하면 향후 PPA가 줄어들 것입니다.

감사합니다.
[발신자]
"
"Here is the information that was requested.
Hopefully, it makes sense without any explanation.
Otherwise, we will talk from this whenever we meet to discuss to & through procedures at some time in the future to be determined.
Thanks!
",Schematics from our Meeting,"안녕하세요 [수신자],

요청하신 정보는 다음과 같습니다.
설명 없이도 이해가 되기를 바랍니다.
그렇지 않으면, 우리는 언젠가 미래에 결정될 절차를 논의하기 위해 만날 때마다 이것에 대해 이야기할 것입니다.

감사합니다!
[발신자]"
"Please attend a meeting at the following time and location to start discussions on gas quality on Northern's system.
Day			Thursday 		Date			November 8 		Time			2:00 to 3:30 pm 		Location		Video Conference  ECN 42C2/OMA 696  I would like to start the dialogue in what will be a series of meetings to discuss the impact of non-spec gas on Northern's system and explore solutions to the problems created by the non-spec gas.
The following list of issues will be addressed on November 8 and at subsequent meetings.
Randy and Danny, will you please select a representative or representatives from your respective regions to be a participants on this project?
List of Issues to be explored:  	Identify the contaminants/gas quality problems 	 	What is our tariff specification of each contaminant?
System impacts resulting to taking non-spec gas  	Cost to system to accept non-spec gas  	Revenue impact of non-spec gas  	What is the tariff spec of other interconnecting pipelines?
Possible solutions by region and contaminant/problem  	Impact of proposed rules which will require Northern to post tariff waivers on gas quality  This list of issues will be expanded and modified as this project moves forward.
Please feel free to contact me if you have questions.
Feel free to invite others to this meting that I have not included in the notification of this meeting.
Penny McCarran
",Meeting on Gas Quality,"안녕하세요 [수신자],

다음 시간과 장소에서 열리는 회의에 참석하여 [프로젝트명]에 대한 논의를 시작하십시오.

요일: [날짜] [시간]
장소: 화상 회의 [링크]

저는 시스템에 대한 비규격 가스의 영향에 대해 논의하고 비규격 가스로 인해 발생하는 문제에 대한 해결책을 모색하기 위한 일련의 회의에서 대화를 시작하고자 합니다.

다음 문제 목록은 [날짜]과 후속 회의에서 다룰 것입니다.

탐구할 문제 목록:
1. [문제1]
2. [문제2]
3. [문제3]

이 문제 목록은 이 프로젝트가 진행됨에 따라 확장되고 수정될 것입니다.

[수신자], 이 프로젝트에 참여할 각 지역의 대표자를 한 명 이상 선정해 주시겠습니까?

질문이 있으시면 언제든지 저에게 연락해 주십시오. 이 회의에 대한 통지에 포함되지 않은 다른 사람을 이 회의에 초대해도 좋습니다.

감사합니다.
[발신자]"
"Beginning  10/1/2001, TMS stopped excluding city gates locations from the allocation, thereby they would be subject to allocation, where they were not before,  this was requested by John Buchanan.
Unfortunately or fortunately, NNG customers do not nominate a large portion of their gas to theses city gate locations, rather they nominate to the zone locations, so there is a 99.9% probability, that these city gates would never have to be allocated any way.
Currently in TMS we exclude the zone nomination locations (OPS type) from the allocation process.
Therefore my question is, since we wanted to include the city gates in the allocation process do we also want to include the zone delivery locations in the allocation process?
Bewlow is a list of OPS type points.
(234 3026 3041 3042 3044 3047 3049 3050 3051 3054 3055 3056 3057 3058 3059 3061 3062 3063 3064 3065 3066 3067 3068 3069 3071 3072 3075 3076 3077 3079 3080 3082 3083 3084 3085 3086 3087 3088 3089 3091 3093 3094 3095 3096 3097 3098 3099 3100 3101 3102 3103 3104 3108 3109 3110 3111 3112 3113 3114 3115 3116 3117 3119 3120 3122 3123 3124 3126 3184 3363 3438 4816 55935 57178 59043 59271 60226 60228 60230 61427 61704 62818 62819 62820 62821 62862 62906 62956 62957 71488)  These points are not eligible for allocations, with the exception of 234 (Nigas).
",Market Point Allocations,"안녕하세요 [수신자],

[날짜]부터 TMS는 할당에서 도시 게이트 위치를 제외하는 것을 중단했으며, 따라서 이전에는 할당 대상이 아니었던 곳이 할당 대상이 되었고, 이는 [요청자명]의 요청이었습니다.
불행히도 또는 다행스럽게도 [회사명] 고객은 가스의 상당 부분을 이러한 도시 게이트 위치에 지정하지 않고 구역 위치에 지정하므로 이러한 도시 게이트는 어떤 식으로든 할당되지 않을 확률이 99.9%입니다.
현재 TMS에서는 구역 지정 위치(OPS 유형)를 할당 프로세스에서 제외합니다.

따라서 제 질문은 할당 프로세스에 도시 게이트를 포함시키고자 했으므로 구역 배달 위치도 할당 프로세스에 포함시키고 싶은가입니다.

아래는 OPS 유형 지점 목록입니다.
([직접 입력])
이 포인트는 [직접 입력]를 제외하고는 할당 대상이 아닙니다.

답변을 기다리겠습니다.
감사합니다.
[발신자]"
"Hasan,  We have been asked to retrieve some information to assist us in our decision making regarding a tariff filing on TW.
We would like to see the Final Operational Capacity vs.
Final Scheduled volume by day from Oct. 2000 to Oct. 2001. for these groups.
I/B Link   Group      28 San Jaun Group     26 West of Thoreau    24  We also need to know when these groups were allocated during this same time frame by day.
We would like to have all this information by next Wednesday, November 7th if possible.
If not, please let me know as soon as possible.
The information only needs to be sent to me to reconfigure.
Thank you.
Terry Kowalke
",Data Request for 637 filing,"안녕하세요 [수신자],

[부서]에 대한 관세 신고와 관련하여 의사 결정을 돕기 위해 몇 가지 정보를 검색해 달라는 요청을 받았습니다.
이러한 그룹에 대한 [년1] [월1]부터 [년2] [월2]까지 일별 최종 운영 용량 대비 최종 예정 용량을 보고 싶습니다.
- [그룹1]
- [그룹2]
- [그룹3]

또한 이 그룹이 일별로 같은 기간 동안 할당된 시점을 알아야 합니다.

가능하다면 [날짜]까지 이 모든 정보를 받을 수 있기를 바랍니다.
그렇지 않다면 최대한 빨리 알려주십시오.
재구성을 위해 정보를 저에게만 보내주시면 됩니다.

감사합니다.
[발신자]"
"Please mark your calendar for the following dates and times as a temporary schedule for the Regulatory Roundtable meetings for 2002.
All meetings will be in conference room 49C2.
Tuesday            January 15        1:30 - 2:30 pm Tuesday            February 12       1:30 - 2:30 pm Tuesday            March 12           1:30 - 2:30 pm Tuesday            April 9                1:30 - 2:30 pm Tuesday            May 14               1:30 - 2:30 pm Wednesday      June 12              3 - 4 pm Tuesday            July 9                  1:30  - 2:30 pm Tuesday            August 13          1:30 - 2:30 pm Tuesday            September 10    1:30 - 2:30 pm Tuesday            October 8            1:30 - 2:30 pm Tuesday            November 12      1:30 - 2:30 pm Tuesday            December 10      1:30 - 2:30 pm   Thanks,
",Regulatory Roundtable Meetings for 2002,"안녕하세요 [수신자],

[회의명]회의의 임시 일정으로 다음 날짜와 시간을 일정에 표시해 주십시오.
모든 회의는 회의실 [회의실]에서 진행됩니다.

[날짜] [시간]

[날짜1] [시간1]

감사합니다.
[발신자]"
"The revised invoices for Duke contracts 27291 and 27349 appear to be correct.
The attached schedule shows the estimated revenue impact and the actual revised billing for both contracts.
The invoices are going out today to the customer along with an explanation for the change.
I will strive to capture the alternate deliveries to California calculation each month and forward the data to Lorraine and Jan/Jeanette.
If you have any questions, please let me know.
Thanks,  Bert
",DUKE INVOICES,"안녕하세요 [수신자],

[직접 입력] 계약에 대한 수정된 송장은 정확한 것으로 보입니다.
첨부된 일정에는 두 계약에 대한 예상 수익 영향과 실제 수정된 청구가 나와 있습니다.
송장은 오늘 고객에게 변경 사항에 대한 설명과 함께 발송됩니다.

매월 [지역명]로의 대체 배송 계산을 수집하여 데이터를 [이름]과 [이름1]에게 전달하도록 노력하겠습니다.
궁금한 사항이 있으면 알려주세요.

감사합니다.
[발신자]
"
"I wanted to make sure everyone was aware of the changes that we have had so far to the available short-term sustainable/daily capacity approvals/postings.
The attached file shows the points that have been approved as potential points for short term sustainable and/or daily capacity.
We currently have 20,000 MMBtu/day posted as available short term sustainable capacity for the month of November for Ventura and Demarc as receipts.
We also have 3,600 MMBtu/day posted as available short term sustainable capacity for the month of November for East leg deliveries.
Daily we may/may not have available 5,000 East Leg delivery capacity and 20,000 Carlton delivery capacity.
Several of the points that have been approved for sale of short term capacity if it becomes available currently show no available firm capacity for the rest of November.
These points include:  TBPL/Beatrice, Pony Express, and Mullinville as receipts and Keystone as a delivery.
If gas control and planning determine we can support additional receipts/deliveries at these points, the available capacity postings could change.
If you have questions or would like to know where the postings are located on our website, let me know.
Also, please forward this on to other members of your team that I haven't included above.
Thanks.
Ranelle
",short term/daily capacity update,"안녕하세요 [수신자],

저는 지금까지 이용 가능한 [단기 용량/일일 용량] 관련 변경 사항을 모든 분께 공유하고자 합니다.
첨부 파일에는 [단기 용량/일일 용량]에 대해 잠재적으로 승인된 [지점/포인트] 목록이 포함되어 있습니다.

현재 [월/기간] 동안 [지점1, 지점2]에서 [단기 용량]으로 [수치1]이 게시되어 있으며, [지점3]에서 [단기 용량]으로 [수치2]이 게시되어 있습니다.
매일 [수치3] [지점4] 배달 용량과 [수치4] [지점5] 배달 용량이 있을 수도, 없을 수도 있습니다.

단기 용량 판매가 승인된 [지점] 중 일부는 [기간] 동안 이용 가능한 확정 용량이 없는 것으로 나타났습니다.
이러한 지점에는 [지점6, 지점7, 지점8] (영수증)과 [지점9] (배달)이 포함됩니다.

[운영/계획/관리] 부서에서 추가 지원이 가능하다고 판단되면, 이 시점에서 [영수증/배달], 사용 가능한 용량 게시 내용이 변경될 수 있습니다.

질문이 있거나, 해당 게시물이 웹사이트 어디에 위치해 있는지 궁금하신 경우 알려주세요.
또한, 이 내용을 전달받지 못한 다른 팀원에게도 공유 부탁드립니다.

감사합니다.
[발신자]"
"Contract	Shippers			Contract Date  	107018		Tenaska Marketing Ventures	Nov 1 2000 	107019		Texaco Gas Marketing		Nov 1 2000 	107021		OGE Energy Resources		Nov 1 2000 	107989		Tenaska Marketing		Jun 1 2001 	108021		Arkla Energy Marketing Co.	Jul 1 2001 	108284		Tensaka Marketing Ventures	Nov 1 2001 	108290		Texaco Gas Marketing		Nov 1 2001 	108281		El Paso Merchant Energy	Nov 1 2001 	108282		UtiliCorp United, Inc.		Nov 1 2001 	108283		Engage Energy American	Nov 1 2001  	These are the SBA contracts that were provided during the due diligence.
I'd like to be able to verify and support that the changes in the business requirements for the scheduling priority for these SBA contracts do not result in an impact to NNG's primary firm shippers.
Your assistance would be greatly appreciated.
Thanks MW
",SBA Contracts,"[수신자]님께,
 
계약 운송업체 계약 날짜
[계약번호1] [회사명1] [날짜1]
[계약번호2] [회사명2] [날짜2]
[계약번호3] [회사명3] [날짜3]

위의 목록은 실사 기간 동안 제공된 [계약유형] 계약입니다.

저는 이러한 [계약유형] 계약의 스케줄링 우선순위 변경이
[송신자명/담당조직]의 주요 확정 [거래/운송] 업체에 영향을 미치지 않는다는 점을 확인하며, 이를 지원할 수 있음을 알려드립니다.

귀하의 협조에 깊이 감사드립니다.

감사합니다.
[발신자]
"
"Mike/Steve - we have verified all of the volume information and our numbers are correct.
Their numbers do not include prior period adjustments in the correct production month and our PVR volumes are correct and agree with the worksheets that they sent us even though they didn't use the correct volumes for the PVR on their worksheets.
We still cannot figure out how they got to the amounts that they invoiced us.
Please let me know if we are going to go back to those months that we underbilled them so that NNG can recoup that money.
If you have any questions, let me know.
Thanks,
",EPPI Schedules,"안녕하세요 [수신자],

저희는 모든 볼륨 정보를 확인했고 저희의 수치는 정확합니다.
그들의 수치에는 올바른 생산 월에 대한 이전 기간 조정이 포함되지 않았고, 저희의 [데이터]은 정확하며, 워크시트에 [데이터]에 대한 올바른 볼륨을 사용하지 않았음에도 불구하고 저희에게 보낸 워크시트와 일치합니다.

저희는 여전히 그들이 저희에게 청구한 금액을 어떻게 얻었는지 알아낼 수 없습니다.
저희가 그들에게 과소 청구한 그 달로 돌아갈 것인지 알려주세요. 그러면 [기업명]이 그 돈을 회수할 수 있을 것입니다.

궁금한 사항이 있으면 알려주세요.
감사합니다.
[발신자]
"
"Shelley & Lynn,   Fran has advised me there are no legal problems with schedulers working a weekend shift from 7 am to 10 pm for one weekend day, the other scheduler will take the other day.
Each will be given a two days of comp time as they are today for their two 8 hour shifts.
Fran does have a concern of fatigue in the later hours, just a we do.
There are only two team members that are interested in this schedule, so we'll give it a try and let you know how it goes.
Sheila
",Weekend duty,"안녕하세요 [수신자],

[이름]은 스케줄러가 주말 하루 동안 [시간]부터 [시간]까지 주말 교대로 근무하는 데는 법적 문제가 없다고 조언했습니다. 다른 스케줄러는 다른 날을 맡을 것입니다.
각자에게 오늘과 같이 8시간 교대 근무에 대해 2일의 보상 시간이 주어집니다.
[이름]은 늦은 시간에 피로가 걱정되지만, 우리도 마찬가지입니다.
이 일정에 관심이 있는 팀원이 두 명뿐이므로 시도해 보고 결과를 알려드리겠습니다.

감사합니다.
[발신자]"
"The following Items resulted from our meeting with Duke on November 14, 2001.
1.
Resolve issue concerning January 2001 Reservation Charges by end of 2001 (Shawn Davis, Robert, & Penny)  	2.
Duke to return signed Confirmation Letter for K# 21047 and remit amount due NNG ($283,109.51) by November 19, 2001.
3.
Duke and NNG will schedule a monthly meeting (after NNG Accounting Close) to allow the identification of any issues in a timely manner.
4.
A meeting to be scheduled in December 2001 to discuss the Bushton Audit Process between Northern Natural Gas, Mobil, and Duke.
If you have any questions, please contact Harry Woodson, Joe Linhart, or myself.
Robert
",Results of 11/14/01 Duke Meeting,"안녕하세요 [수신자],

다음 항목은 최근 회의에서 논의된 내용입니다:
1. 예약 요금에 대한 문제를 연말까지 해결할 예정입니다 ([이름2], [이름3], [이름4])
2. [이름]은 K# [직접 입력]에 대한 서명된 확인서를 반환하고 지정된 미납 금액을 [기한]까지 송금합니다.
3. [이름]과 관련 부서는 월례 회의를 정기적으로 일정에 포함시켜, 회계 마감 후 발생할 수 있는 문제를 적시에 파악할 수 있도록 합니다.
4. 감사 프로세스를 논의하기 위해 관련된 모든 담당자들과의 회의를 [월]에 예정하고 있습니다.

위 사항에 대해 궁금한 점이 있으시면 언제든지 [이름], [이름1] 또는 저에게 연락해 주세요.

감사합니다.
[발신자]
"
"Gary could you provide me with a list of the 7, 16, and 31 day NNG charts for the month of Oct. that were received late for measurement close.
Gas Logistics, Marketing and Operations is trying to get a feel for the number(s) of late charts that GMS is receiving.
If you have any question please give me a call.
j.  floyd
",Late Charts for Oct. 2001,"안녕하세요 [수신자],

[월] 측정 마감을 위해 늦게 수신된 [날짜1], [날짜2], [날짜3] NNG 차트 목록을 제공해 주실 수 있습니까?
[기업명], [기업명1]에서 GMS가 수신하는 늦은 차트의 수를 파악하고 있습니다.

궁금한 사항이 있으면 언제든지 전화해 주세요.
감사합니다.
[발신자]"
"In our effort to decide if we need to re-negotiate contract 101021 and 101073 with Duke to possibly eliminate the BTU Daily Gas Wire numbers and instead use the Gas Daily numbers, I have attached a spreadsheet that gives the Gas Daily and BTU Daily Gas Wire numbers for Mid 13 and Demarc.
Randy, could you please run the Gas Daily numbers in your calculation for the last 13 months?
We would like to see the bottom line impact between using the BTU Daily Gas Wire publication vs. the Gas Daily publication.
We are hoping this will give some insight on whether it would be beneficial to us to re-negotiate the 2 contracts.
Thanks,
",Duke Field Services Contract,"안녕하세요 [수신자],

[이름]와 [계약1], [계약2]의 재협상을 위해, [지표1] 수치를 제외하고 [지표2] 수치를 사용하는 것이 적절할지 검토하고자 합니다.
이에 따라, [지점1] 및 [지점2]의 [지표1] 및 [지표2] 관련 데이터를 정리한 스프레드시트를 첨부합니다.

[담당자명], 지난 [기간] 동안 [지표2] 데이터를 계산에 포함시켜 주실 수 있나요?
[지표1]과 [지표2] 데이터를 각각 적용했을 때 최종 결과에 어떤 차이가 있는지 확인하고 싶습니다.

이 검토가 두 [계약]을 재협상하는 데 유리한 판단을 내리는 데 도움이 되기를 바랍니다.
감사합니다.

[발신자]"
"The Christmas Cards are in and I have gone ahead and merged them into labels for the envelopes for TW, NNG (North & South) Teams.
There are many wholes on the NNG labels and you may want to visit with the teams before printing.
I should have the labels here tomorrow, we have plenty of time.
Thank you, Ricki
",Christmas Cards,"안녕하세요 [수신자],

[문서]가 들어왔고, [팀1], [팀2]의 봉투용 라벨로 병합을 완료했습니다.
[팀2] 라벨에는 몇 가지 문제가 있어 인쇄 전에 팀과 상의하는 것이 좋을 것 같습니다.
내일 라벨을 여기에 올려놓을 예정이니 확인하시고 필요한 수정 사항을 알려주세요. 시간이 충분하므로 빠른 피드백 부탁드립니다.

감사합니다.
[발신자]"
"Attached for your review and comment is an initial draft of procedures that Gas Logistics will follow in providing administrative support to 3rd Party storage transactions.
Please take a few minutes to review and return to me any suggestions you may have on these procedures.
Thanks!
",3rd Party Storage Procedures - Initial Draft,"안녕하세요 [수신자],

귀하의 검토 및 의견을 위해 첨부한 것은 [기업명]이 제3자 저장 거래에 대한 행정 지원을 제공하기 위해 따를 절차의 초기 초안입니다.
잠시 시간을 내어 검토해 주시고, 해당 절차에 대한 제안 사항이 있으면 알려주시기 바랍니다.

감사합니다!
[발신자]"
"FYI:  PEP is accessible remotely from the web by typing pep.enron.com into the address bar of your browser.
To enter you must have your user id and password.
The PEP Help Desk line is x34777.
Thanks,
",Remote access is available for PEP,"안녕하세요 [수신자],

[시스템명]가 브라우저 주소창에 [링크]을 입력하면 웹에서 원격으로 접속할 수 있습니다.
참여하려면 사용자 ID와 비밀번호가 있어야 합니다.
[시스템명] 헬프 데스크 전화번호는 [전화번호]입니다.

감사합니다.
[발신자]"
"Per my conversation with Chris this morning, she wanted me to pass this information on regarding some of the things that we have found that have to do with our TBS/End User problem.
We have some end user daily volumes that are more than the physical daily volume at their related TBS (which also may have to do with the problem that we have with 16 and 31 day charts not being read) - when that happens we end up overbilling the LDC.
The ones that we are having a problem with are Wisconsin Power and Light and Wisconsin Gas.
If you need any other details on this, please let me know or you can bring them up at our meeting on Monday.
Thanks,
",Measurement TBS/End User Problems,"안녕하세요, [수신자].

오늘 아침 [이름]와 나눈 대화에 따르면, [시스템/문제명]과 관련된 몇 가지 사항에 대한 정보를 전달해 달라고 했습니다.
일부 최종 사용자의 일일 거래량이 관련 [시스템]의 실제 일일 거래량보다 많습니다([날짜] 차트가 읽히지 않는 문제와도 관련이 있을 수 있음). 이런 일이 발생하면 [부서명]에 과도하게 청구하게 됩니다.
문제가 있는 회사는 [회사명]와 [회사명1]입니다.
이에 대한 다른 세부 정보가 필요하면 알려주시거나 [날짜] 회의에서 논의할 수 있습니다.
감사합니다."
"Here is the information that was requested from our last meeting on Oct. 31, 2001.
The last page of the report has the summary of the whole report.
If you have questions, please respond.
When is the next meeting?
Thank you.
Terry Kowalke
",Data Request for Tariff Filing (OBA's),"안녕하세요, [수신자].

다음은 [날짜] 회의에서 요청한 정보입니다.
보고서의 마지막 페이지에는 전체 보고서의 요약이 포함되어 있습니다.
질문이 있으면 답변해 주세요.
다음 회의는 언제인가요?

감사합니다.
[발신자]"
"Folks, Here are the draft Pipeline Interconnect Forum Minutes from the meeting on October 22, 2001.
Please review them and get back to me with any comments or corrections by Friday, December 7th.
After that, I'll send the final minutes to the complete distribution list.
",Pipeline Interconnect Forum Draft Minutes,"안녕하세요, [수신자].

[날짜] 회의의 [회의명] 회의록 초안입니다.
검토하시고 의견이나 수정 사항이 있으면 [날짜]까지 알려주십시오.
그 후 최종 회의록을 전체 배포 목록에 보내겠습니다.

감사합니다.
[발신자]"
"The following summarizes the results of our meeting......If you want to discuss further, please call me.
Break Field Area in 3 Regions / Allocate by point The decision was made to sub-divide the Field Area storage group into two regions; South of Plainview and North of Plainview, rather than 3 regions or allocating by point.
If it is determined that additional divisions are necessary in the future, such changes can be made at that time.
Changes  to CAS are required.
I have discussed the changes with Bob Johnson and Doug Aschwege and have learned that the changes are not difficult to make and could be made in a couple days.
Gary Spraggins and I will determine which deferred delivery points are in these new field regions and then provide the information to Bob and Doug.
Question:  Should this change be implemented immediately or should it wait until the beginning of the withdrawal season?
Change from 'net zero' approach / Provide minimum level of activity The decision was made to table this concern for now.
The scheduled activity that drives the allocation process does not guarantee physical pipeline operations.
In most cases, the flexibility provided by the Cunningham Field allows Gas Control to adjust operations to maintain the required minimum level of injections/withdrawals into Redfield and Lyons.
Further analysis is required.
Steve Thomas, Larry Swett and I will continue to monitor the system conditions/operations that effect physical storage to determine if and what additional changes maybe warranted.
Send ""Notice"" when final scheduled number exceeds operational capacity The IT group will modify the scheduling cycle to add a procedure where the final net scheduled storage quantity is compared to the operational capacity set for storage.
If the final scheduled quantity exceeds operational capacity, I will receive a notification via e-mail.
The purpose here is to monitor occurrences to determine the magnitude of the problem.
I will get with Gerry Medeles to finalize the matter.
",Results of Meeting on Storage Allocation Changes,"안녕하세요, [수신자].

회의 결과를 요약해드립니다.
더 자세한 논의가 필요하시면 언제든지 연락 주세요.

기존에는 3개 지역 또는 지점별로 구역을 나누어 운영했으나, 이번에 2개 지역으로 재분류하기로 결정했습니다.
향후 필요에 따라 추가 구분이 있을 경우, 그때 다시 조정할 예정입니다. 관련 시스템에도 변경이 필요합니다.

저는 [이름1], [이름2]와 변경 사항에 대해 협의했으며, 조만간 변경을 완료할 수 있을 것으로 확인했습니다.
[이름3]와 함께 새롭게 분류된 지역별로 영향받는 지점이 있는지 확인한 후, 관련 정보를 공유할 예정입니다.

질문: 이 변경을 즉시 적용할까요? 아니면 특정 시점(예: 다음 시즌)까지 기다릴까요?

한편, [직접 입력]과 관련된 활동은 일단 보류하기로 결정했습니다.
업무 프로세스를 움직이는 계획된 활동이 실제 운영에 바로 연결되지 않는 경우가 있습니다. 대부분은 현장 운영의 유연성 덕분에 필요한 최소 수준을 유지할 수 있지만, 추가 분석이 필요합니다.

[이름4], [이름5], 그리고 저는 계속해서 시스템 상태와 운영 조건을 모니터링하여 추가 조정 필요 여부를 확인하겠습니다.
만약 계획된 용량이 실제 운영 가능 용량을 초과하면, 즉시 알림을 발송하겠습니다. IT 부서는 이러한 비교 절차를 자동화하기 위해 업무 프로세스를 개선할 예정입니다.

여기서 목적은 문제 발생 시 신속히 파악하고 대응하는 데 있습니다.
저는 [이름6]와 함께 최종 마무리를 진행하겠습니다.

감사합니다.
[발신자]"
"I just ran several Shipper Scheduled Quanties reports and discovered the fomat had changed.
I monitor several contracts for forecasting purposes and also provide Market Services invoicing  information for revenues for negotiated rates and sharing revenues for volumes flowing West for USGT.
I rely upon the Shipper Scheduled Quantities report to get the information I need.
Before the change,  I was able to run 1 report for each of these shippers each week, a total of 3 reports.
Because the new  report does not give me month-to-date totals I now have to run a report for each shipper for each gas day,  a total of 21 reports each week.
It is very time consuming to run and analyze all these reports.
As  Marketing does more of these sort of deals the volume will only grow.
It is critical that I get a report that gives me month-to-date totals so I don't have to run a report for each shipper for each day.
Is there some way you could revise the report to again show the month-to-date totals?
Minor comparisons:  1)  The 2nd portion of the original report had an area where you could quickly glance at either your receipt            or delivery point totals.
In order to get a break out of receipt and delivery points now, you have to run 1             report sorted by receipt point and 1 report by delivery point.
2)	This is very minor, but I also liked the fact that the report was on letter size paper.
All my files have              been set up to accomodate that size of report.
I now have to set up new files.
I appreciate any help you can give me in this matter.
Thanks!
",TMS Shipper Scheduled Quantities Report,"안녕하세요, [수신자].

최근 여러 개의 [보고서 이름]을 실행해보니, 보고서의 형식이 변경된 것을 확인했습니다.
저는 여러 [계약]을 모니터링하고, 협상된 요금에 대한 수익 및 특정 구간의 거래에 대한 수익 공유 정보 등을 분석 목적으로 활용합니다. 이때 필요한 정보는 [보고서 이름]에 의존하고 있습니다.

기존에는 각 [직접 입력]별로 매주 1개의 보고서를 실행해 총 3개의 보고서만으로 충분했습니다.
하지만 최근 보고서 형식이 변경되면서, 월별 총계를 제공하지 않게 되었고 이제는 각 [직접 입력]별로 매일 보고서를 실행해야 해서 주당 총 21개의 보고서를 관리해야 하는 상황입니다.

이로 인해 업무량과 분석 시간이 크게 늘어났으며, 앞으로 이와 유사한 거래가 늘어나면 작업량은 더욱 많아질 것으로 예상됩니다.
따라서, 월별 총계가 포함된 [보고서 이름]가 다시 제공된다면 매일 각각의 [보고서 이름]을 실행하지 않아도 되어, 업무 효율성이 크게 향상될 것 같습니다.

또한, 몇 가지 추가 사항이 있습니다:
1. 기존 보고서에는 [장소]별로 영수증 및 배송 총계를 한눈에 확인할 수 있는 영역이 있었지만, 이제는 각각 따로 정렬된 두 개의 보고서를 실행해야 합니다.
2. 이전에는 보고서가 특정 양식으로 맞춰져 있어서 모든 파일을 동일하게 관리할 수 있었으나, 이제는 새로 맞는 양식을 다시 설정해야 하는 번거로움이 있습니다.

이 부분에 대해 도움을 주실 수 있으시면 감사하겠습니다.

감사합니다.
[발신자]
"
,,"안녕하세요, [수신자]님.

[회사명]의 [프로젝트명]과 관련하여, 다음 주 [요일] 오전 [시간]에 회의를 요청드립니다. 회의에서는 [주제]에 대한 논의가 이루어질 예정입니다. 참석 가능하신 시간을 알려주시면 감사하겠습니다.

또한, [장소]에서 진행될 예정이오니, 미리 확인 부탁드립니다.

회의 자료는 [날짜]까지 전달드릴 예정입니다.

감사합니다.

[발신자]"
"As you are aware,  NNG has reached a settlement with the shippers in the SLA proceeding.
Part of the settlement provides that NNG and its shippers will work together in good faith to develop an imbalance resolution which includes a shipper option of in-kind balancing or cash out.
Also, the working group would define the parameters around which NNG could buy or sell gas into or out of the operational storage account.
Mary Kay has asked that Steve Kirk & myself co-chair this committee for NNG and that the two of you also be members of the committee on behalf of NNG.
I assume you are OK with this assignment.
We would like to get together and discuss our general approach to this effort.
Steve and I think our initial meeting could be held in the Video Conference room.
Could you let me know your availability to get together sometime next week for appr 1 -1/12 hours?
",SLA Settlement,"안녕하세요, [수신자]님.

[회사명]는 [직접 입력] 과정에서 [회사명1]와 합의에 도달했습니다.
이번 합의에는, [회사명]와 [회사명1]가 상호 협력하여 [회사명1]의 불균형을 해소하는 방안을 마련하며, 여기에는 현물 잔액 처리 또는 현금화 옵션 등이 포함됩니다.

또한, 작업 그룹은 [회사명]가 운영 계정을 통해 자원을 매수하거나 매도할 수 있는 구체적인 조건을 정의하게 됩니다.

[이름1]은 [이름2]와 제가 [회사명]를 대표해 이 위원회의 공동 위원장이 되며, 두 분 모두 [회사명]를 대표하여 위원회 위원이 되어주실 것을 요청했습니다.
이 역할을 수락해주실 것으로 기대합니다.

저희는 조만간 모여 이번 업무의 전반적인 접근 방식에 대해 논의하고자 합니다.
[이름2]와 저는 첫 [프로젝트]를 온라인 회의실에서 개최할 계획이며, 다음 주 중 [1시간에서 1시간 30분 정도 시간을 내어 함께 논의하실 수 있는 일정을 알려주시면 감사하겠습니다].

감사합니다.
[발신자]
[회사명]"
"Mike,  Kent and Tim called me this morning and said that they have received a letter from LS Power requesting compensation for costs they feel they incurred to adjust their supply due to cuts on their FDD overrun.
Their analysis applies to the period June 1, 2001 to present.
Kent and Tim need data to perform an analysis that will be used to respond to LS Power's (USES) request.
Kent has requested the following for the period June 1 forward:  A list of days where at least one cycle was not allocated (in other words, if we allocated one or more cycles of a gas day, but not every cycle (regardless of which cycle was not allocated), they need an electronic list of those days.
Electronic copies of each of your final month end sum sheets for June forward.
They want to answer the customer within a week, so they'll need this information at least by early next week.
Kent has requested that all of the information be sent to both him and Tim.
Thanks for your help!
",Information Request for LS Power FDD Overrun Analysis,"안녕하세요, [수신자]님.

[이름], [이름1], [이름2]이 오늘 아침 전화에서 [회사명]에서 FDD 초과 공급량 감소로 인해 공급을 조정하는 데 발생한 비용에 대한 보상을 요청하는 편지를 받았다고 했습니다.
그들의 분석은 [날짜]부터 현재까지의 기간에 적용됩니다.

[이름1]와 [이름2]은 [회사명]의 요청에 응답하는 데 사용될 분석을 수행하기 위한 데이터가 필요합니다.
[이름1]는 6월 1일 이후의 기간에 대해 다음을 요청했습니다. 최소한 한 주기가 할당되지 않은 날짜 목록(즉, 가스 일의 한 주기 이상을 할당했지만 모든 주기를 할당하지 않은 경우) 해당 날짜의 전자 목록이 필요합니다. 또한, 6월 이후의 각 최종 월말 합계표의 전자 사본도 요청하였습니다.

그들은 일주일 이내에 고객에게 답변을 원하므로, 적어도 다음 주 초까지는 이 정보가 필요합니다.
[이름1]는 모든 정보를 자신과 [이름]에게 보내 달라고 요청했습니다.

도와주셔서 감사합니다.

[발신자]
"
"Hi Lynn, I worked through lunch Friday so that I could leave at 4 sorry I missed you.
Attached will be the insert for the Nutcraker Invitation.
Shelley would like for me to get these out ASAP so I just wanted to get your approval on the insert.
Are there any changes you would like for me to make??
Because of paper format you will need to scroll down.
Also will Sheila, Shelley and yourself be taking their own vehicle or would you like for me to rent a van big enough for everyone to be in one group??
Thanks,
",Nutcraker Invitation,"안녕하세요, [수신자]님.

이전에 일찍 퇴근해 자리를 비운 점 죄송합니다.
[장소] 초대장을 첨부합니다.
[이름]가 최대한 빨리 보내달라고 해서, 그냥 삽입에 대한 승인을 받고 싶었습니다.

제가 변경해야 할 사항이 있나요?
종이 형식 때문에 아래로 스크롤해야 합니다.

또한, [이름1], [이름] 그리고 [수신자]님은 각자 차량을 가져가시나요? 아니면 제가 밴을 렌트해서 모두를 태우고 이동할까요?

감사합니다.
[발신자]"
"UNITED STATES OF AMERICA 	FEDERAL ENERGY REGULATORY COMMISSION  Texas Gas Transmission Corporation   				Docket No.
RP01-278-002                                                        	NOTICE OF COMPLIANCE FILING  	(October 22, 2001)  Take notice that on October 17, 2001, Texas Gas Transmission Corporation (Texas Gas) tendered for filing as part of its FERC Gas Tariff, First Revised Volume No.
1, the  following tariff sheets to become effective October 1, 2001:                                  Primary                                 Third Revised Sheet No.
181                                 Third Revised Sheet No.
182                                 Third Revised Sheet No.
183                                 Sheet No.
184 (reserved)                                 Second Revised Sheet No.
185                                                                  Alternate                                 Alternate Third Revised Sheet No.
181                                 Alternate Third Revised Sheet No.
182                                 Alternate Third Revised Sheet No.
183                                  Texas Gas states that this filing is being submitted in compliance with the Commission's Order issued on September 19, 2001 in the above-referenced docket.
As directed, the tariff sheets removed  the daily  high/low index price for cash-out.
In response, Texas Gas proposes to establish a cash-out price based on a weekly high/low index price determined from the weeks within the applicable month, plus the first week of the following month.
The primary and alternate sheets require in-kind make-up  of imbalances up to 2% and use the same index price  for  imbalances  above 5%.
However,  the primary sheets also propose to eliminate cash-out for all imbalances up to  5%  by also requiring a mandatory in-kind make-up level from 2% to 5% and by eliminating any use of the 100% price index for this tier of imbalance.
Texas Gas states that copies of  the revised  tariff sheets are being mailed to Texas  Gas's  jurisdictional customers and interested state commissions.
",Texas Gas Case,"안녕하세요, [수신자]님.

[기관]의 [문서번호] 관련하여 [회사]는 [날짜]부로 해당 문서에 대한 준수 보고서를 제출하였음을 알려드립니다.
[회사]는 해당 문서에 따라, 자사의 [요율표] 중 일부 항목을 [날짜]부터 적용하기 위해 아래의 수정 시트를 제출하였습니다:
- [수정 시트 1]
- [수정 시트 2]

이번 제출은 [기관]이 [이전 날짜]에 발행한 명령에 따른 것으로, 관련 도켓 번호에 따라 이루어졌습니다.

요율표의 변경 내용 중에는, [가격기준]에서 일일 최고/최저 지수 가격을 제거하고 해당 월과 다음 달 초 주간의 최고/최저 지수 평균을 기반으로 새로운 기준을 제안하는 내용이 포함되어 있습니다.
또한 불균형 처리 방식에 대한 주요 변경 사항은 다음과 같습니다:
- 최대 [n%] 수준까지는 [형태1]으로 보완
- [n%] 이상일 경우 동일한 지수 가격을 적용

기존에는 [범위] 구간에 대해 [가격 정책1]가 적용되었으나, 개정안에서는 해당 구간에 대한 [가격 정책2]를 제거하고, 전체 구간을 [형태2] 방식으로 처리하도록 제안하였습니다.

이와 함께, 개정된 관세표 문서는 관할 고객 및 관련 위원회에 우편 발송 중임을 안내드립니다.

감사합니다.
[발신자]"
"Lynn,  I was ask to make a selection between Amy and Christine to do testing for the  new accounting project.
Which will take up to 50% of their time away from the team.
My recommendation to you and Rick Dietz was Christine McEvoy to be the selected individual to test on this project.
If you have any concerns on this matter please let me know.
Thank you.
One more thing, could we mention this in the next team leader meeting for all the individuals involved in this testing.
Terry Kowalke
",TW Accounting Testing Project,"안녕하세요, [수신자]님.

새로운 회계 프로젝트를 테스트할 사람을 [이름1]와 [이름2] 중에서 선택하라는 요청을 받았습니다.
그들은 팀에서 최대 50%의 시간을 빼앗길 겁니다.

저는 당신과 [이름3]에게 이 프로젝트를 테스트할 사람으로 [이름2]를 추천했습니다. 이 문제에 대해 우려 사항이 있으면 알려주세요.

한 가지 더 말씀드리자면, 이 테스트에 참여하는 모든 사람을 대상으로 다음 팀 리더 회의에서 이 문제를 언급할 수 있을까요?

감사합니다.
[발신자]"
"Call me to discuss if needed.
The excel file has a shortened version of the questions along with the answers and scores.
The word file is the full set of questions with the answer choices.
Thanks, Jane
",Market Knowledge Survey (not a test!!),"필요하면 전화해서 상의하세요.
엑셀 파일에는 질문의 단축 버전과 답변 및 점수가 있습니다.
워드 파일에는 답변 선택지가 있는 전체 질문 세트가 있습니다.

고맙습니다.
[발신자]"
"Attached is the spreadsheet of those attending the Transwestern Update Mtg.
names highlighted in BLUE are people who will be attending the TRAINING session.
Thanks,
",TW Attendee Spreadsheet,"첨부된 스프레드시트는 [회의]에 참석한 사람들의 목록입니다.
파란색으로 강조된 이름은 TRAINING 세션에 참석할 사람들입니다.

감사합니다.
[발신자]"
"The Envision System will be down beginning Friday, October 26th at 5:00pm and will remain unavailable for use until Sunday, October 28th, 2001 at 8:00 am  This is being done to comply with the scheduled building power outage performed by TrizecHahn Office Properties.
The Three Allen Center Building, where the Envision equipment is located, has scheduled their annual building electrical shutdown on October 27, 2001.
The shutdown is required to perform preventive maintenance on the main switchgear and any necessary repairs to electrical panels, bus ducts, equipment, etc.
Access to the building will not be allowed during this power outage.
Envision/EnCompass Support Team Document Mgmt and Process Automation 713/853-1511 Opt 1
",FILENET SYSTEM OUTAGE,"[직접 입력] 시스템은 [날짜] [시간]부터 가동이 중단되며, [날짜] [시간]까지 사용할 수 없습니다. 이는 [지역] 사무실 정책에 명시된 예정된 건물 정전을 준수하기 위한 조치입니다.

[직접 입력] 장비가 있는 [장소]은 [날짜]에 연례 건물 전기 정전을 예정했습니다.
정전은 주 스위치기어에 대한 예방 유지관리와 전기 패널, 버스 덕트, 장비 등에 대한 필요한 수리를 수행하기 위해 필요합니다.
이 정전 동안에는 건물에 대한 접근이 허용되지 않습니다.

[부서]팀 문서 관리 및 프로세스 자동화
[전화번호]

감사합니다.
[발신자]"
"As discussed in our morning meeting the other day, NNG has a few points that have been approved as points that could potentially have daily capacity (capacity available for some time frame less than 30 days) throughout this winter.
The attached file shows the points and the volume level that have been approved as points which may have daily capacity.
As long as the amount of daily capacity that is determined to be available is within the points/volumes listed on this report, Omaha Planning will be able to post the capacity on our daily capacity report for 1 hour then we are able to sell it.
If we exceed the volumes on this file or have capacity at other points, the capacity change will need to be routed for approval.
At this time, we don't have any short term sustainable (capacity available for at least one month but less than 150 consecutive days) to post for this winter.
If anyone is aware of short-term sustainable capacity that needs to be posted, please let me know.
As changes are made to this list, I will forward them on to you.
Beginning November 1, this posting (without the items in blue type) will be on our website.
Finalized posting procedures for NNG will be completed by Michele Winckowski and forwarded to everyone.
Please send this email on to the rest of the people on your teams.
Thanks.
Ranelle
",daily capacity,"저번 아침 회의에서 논의했듯이, [회사명]에는 이번 겨울 내내 일일 용량(30일 미만의 기간 동안 사용 가능한 용량)을 가질 수 있는 지점으로 승인된 몇 가지 지점이 있습니다.
첨부 파일에는 일일 용량이 있을 수 있는 지점으로 승인된 지점과 볼륨 수준이 나와 있습니다.

사용 가능한 것으로 판단된 일일 용량이 이 보고서에 나열된 지점/볼륨 내에 있는 한, [프로젝트]은 일일 용량 보고서에 1시간 동안 용량을 게시한 다음 판매할 수 있습니다.
이 파일의 볼륨을 초과하거나 다른 지점에서 용량이 있는 경우, 용량 변경은 승인을 위해 라우팅되어야 합니다.

현재로서는 이번 겨울에 게시할 단기 지속 가능(최소 한 달 이상 사용 가능하지만 150일 연속 미만)이 없습니다.
게시해야 할 단기 지속 가능 용량을 아는 사람이 있으면 알려주십시오.

이 목록에 변경 사항이 있으면 전달해 드리겠습니다.
[날짜]부터 이 게시물(파란색 글씨로 된 항목 제외)이 저희 웹사이트에 게시됩니다.
[회사명]에 대한 최종 게시 절차는 [이름]가 완료하여 모든 사람에게 전달합니다.

이 이메일을 팀의 나머지 사람들에게 보내주세요.

감사합니다.
[발신자]"
"See attached for NNG's draft notes from the 08/29/01 meeting, please review and feel free to suggest changes.
Please forward to anyone I may have missed on the distribution list.
John Buchanan
",NNG/Oneok Meeting Notes,"[프로젝트]의 [날짜] 회의 초안 노트를 첨부했으니, 검토하시고 변경 사항을 제안해 주시기 바랍니다.
배포 목록에서 놓친 사람이 있으면 전달해 주시기 바랍니다.

감사합니다.
[발신자]"
"Recap for the 26th is not available.
There are incorrect actuals in the TMS system that will need to be corrected before we can get accurate information for this report.
Randy Janzen
",Oneok recap Oct.26th is Unavailable,"안녕하세요, [수신자]님.

[일] 요약은 제공되지 않습니다.
TMS 시스템에 잘못된 실제 데이터가 있어 이 보고서에 대한 정확한 정보를 얻기 전에 수정해야 합니다.

감사합니다.
[발신자]"
"All Reps, please check with all our customers and make sure that they can retrieve and print the scheduled quantities report.
Also make sure they are correct.
Please have one team member, let me know the status of this by days end.
Thank you.
Terry Kowalke
",Scheduled Quantities Report,"안녕하세요, [수신자]님.

모든 담당자, 모든 고객에게 확인하여 예약 수량 보고서를 검색하고 인쇄할 수 있는지 확인하십시오.
또한 보고서가 정확한지 확인하십시오.
팀원 한 명에게 오늘 하루가 끝나기 전에 이 보고서의 상태를 알려주십시오.

감사합니다.
[발신자]"
"Shelley,   Attached is a draft notice for the reinstatement of the old Shipper Scheduled Quantities report.
I will have Legale post the final notice after your changes and  approval.
Thx, Jim
",Draft Notice for reinstating the Sched Qty report,"안녕하세요, [수신자]님.

첨부된 것은 이전 [보고서 이름] 보고서의 복구를 위한 초안 공지입니다.
귀하의 변경 및 승인 후 게시판에서 최종 공지를 게시하도록 하겠습니다.

고맙습니다.
[발신자]"
"These notes are very high level.
The goals of Brads meeting was to evaluate the need for the development of a systems diagnostic tool and to develop a process for notification of critical business application and hardware failure.
This was a follow up meeting where alternate forms of communicating with customers was discussed.
Critical Business Application: Outlook (Exchange Servers) Mailman.Enron.com Websites / Servers (all the www.hottap.enron.com there are eight in total) EDI Hub EDI Net VPN PGas TMS CMS CRS  	 Set up a process for notification of outages and customer notification: Scott Abshire felt Blackberry would be very beneficial for internal communication due to the ability to send direct messages to one another inside the building.
Develop three methods for communicating (Email, Page and voice mail, Pop Up messaging).
Outage and failure communications to go to the HotTap Help Desk, Shelley, Directors and Team Advisors.
Outage and failure communication messages to be distributed from either the Help Desk or Jean McFarland.
EDI possibly could be rolled into the same communication method.
Scott Abshrie and his group are all ready planned and budgeted a diagnostic tool, the first phase is for hardware and will be functional by yearend 2001.
The second phase will be for applications in in service sometime in 2002.
With this plan in place there is no need to duplicate efforts.
",Notes from Critical Business Apps. meeting,"안녕하세요, [수신자]님.
이 메모는 비교적 상위 수준의 논의 내용을 담고 있습니다.
이번 회의의 주요 목표는 [시스템 진단 도구] 개발의 필요성을 평가하고 중요한 [비즈니스 애플리케이션] 및 [하드웨어] 오류에 대한 알림 프로세스를 마련하는 것이었습니다.
이 회의는, 고객과의 다양한 커뮤니케이션 방안에 대해 논의한 이전 논의의 후속 회의였습니다.
중요 비즈니스 애플리케이션 예시:
[이메일 시스템], [웹사이트/서버], [허브], [VPN], [업무용 관리 시스템 등]

중단/오류 알림 및 고객 알림 프로세스 설정 방안:
[이름]는, 사내에서 빠른 커뮤니케이션을 위해 [내부 커뮤니케이션 수단]이 효과적일 것이라는 의견을 냈습니다.
이메일, 호출/음성 메시지, 팝업 메시지 등 세 가지 커뮤니케이션 방법을 개발할 예정입니다.

장애 및 중단 안내는 [이름1], [이름2], [이름3]에 전달되며, 실제 안내 메시지는 [이름1] 또는 [이름]가 배포합니다.
특정 시스템(예: [허브] 등)도 동일한 방식으로 통합될 수 있습니다.

[담당자]와 그의 팀은 이미 진단 도구 개발 계획과 예산을 수립했으며,
1단계: [하드웨어] 진단(올해 말까지 완료 예정)
2단계: [비즈니스 애플리케이션] 진단(내년 중 서비스 예정)

이와 같이 계획이 마련되면, 유사 업무에 대한 중복 노력이 불필요해집니다.

감사합니다.
[발신자]"
"Terry Kolwalke asked me to send an e-mail to the Hottap HelpDesk concerning the missing estimated volumes for the 20th.
Hottap HelpDesk:  Will you contact the proper persons concerning the missing estimated volumes in TMS for the 20th?
Randy Janzen 3-5962
",Estimated volumes for the October 20th,"[이름]가 [날짜]의 누락된 추정 볼륨에 관해 헬프데스크에 이메일을 보내달라고 했습니다.
헬프데스크: [날짜]의 TMS 누락된 추정 볼륨에 관해 적절한 담당자에게 연락해 주시겠습니까?

감사합니다.
[발신자]"
"Hey Theresa and Lynn.
I just wanted to say that I really enjoyed getting to know you two last week and that I hope we can stay in contact.
I typically just meet Regulatory people in my circle so it's good to know people who actually know how their pipeline operates!
Lynn - I think I am finally getting the hang of operating those earrings.
That Tuesday morning when we were leaving San Fran.
the little dangle got cock-eyed and I couldn't get the earring out to fix it.
At some point at the airport I managed to get it out.
Am much better now.
Take care and hope to see both of you soon.
Michelle
",Forum,"안녕, [수신자]님, [수신자1]님.

지난주에 두 분을 알게 되어 정말 기뻤고 앞으로도 계속 연락할 수 있기를 바랍니다.
저는 보통 제 주변에서 규제 담당자만 만나기 때문에 파이프라인이 어떻게 운영되는지 실제로 아는 사람들을 알게 되어 기쁩니다!
곧 두 분을 다시 만나기를 바랍니다.

감사합니다.
[발신자]"
"these are the only points that we need curve structures to.
i am not sure on the gd points yet, but will get let you know.
thanks,
",east basis and index points,"이것이 우리가 곡선 구조에 필요한 유일한 지점입니다.
아직 [장소] 지점에 대해서는 확신이 없지만 알려드리겠습니다.

고맙습니다.
[발신자]"
"Greetings, Sandra.
I hope life will be treating you better over there soon.
As you might know, most of EnergyUSA was given pink slips effective over the next 3-6 months.
As a result, it is back looking for another job.
I was wondering if it would be possible for you to write a letter of recommendation for me?
I'm really regretting this leave from Enron now.
In my quest for looking for something stable, I ended up fucking myself up.
At least I have a few months before our house is finished.
Hopefully, I'll have something by then.
Thanks,
",Greetings,"안녕하세요, [수신자]님.

옮긴 곳에서 금방 적응하시길 바라요.
아시다시피, [기업명]의 대부분은 앞으로 3~6개월 동안 유효한 해고 통지서를 받았습니다.
결과적으로, 다른 직장을 찾고 있습니다.
저를 위해 추천서를 써주실 수 있을지 궁금합니다.
저는 지금 [기업명1]에서 휴가를 낸 것을 정말 후회하고 있습니다.
안정적인 것을 찾으려고 노력하다가 결국 스스로를 망친 것 같네요.
적어도 우리 집이 완성되기까지 몇 달은 남았습니다.
바라건대 그때쯤에는 뭔가를 갖게 될 겁니다.

고맙습니다.
[발신자]"
"Hi Sandra,  I hope you had a nice Christmas and a fun holiday season.
We as you can imagine with three  5 year old boys, it was hectic but, the look on their faces Christmas morning was priceless.
I wanted to let you know that I am leaving Prebon as of January 15th.
I have spent the last eight years of my 16 years in the Energy field with Prebon and we part on the best of terms.
I am talking with a few banks, a consulting firm and some energy companies, but also plan on spending some time at the house with the family.
I will let you know when and where I decide to go.
Hopefully we can work together again in the future.
Best wishes for continued success in 2002 and the years to come.
Please give my best to Kenny.
",Howdy!,"안녕하세요, [수신자]님.

[날짜]자로 [지역명]을 떠난다는 사실을 알려드리고 싶었습니다.
저는 에너지 분야에서 16년 동안 일한 가운데 지난 8년을 [지역명]에서 보냈고, 우리는 최상의 조건으로 헤어졌습니다.
현재 몇몇 은행, 컨설팅 회사, 몇몇 에너지 회사와 이야기를 나누고 있으며, 향후 계획이 확정되면 다시 연락드리겠습니다.

앞으로 다시 함께 일할 수 있기를 기대합니다.
[수신자]님의 지속적인 성공을 기원합니다.
[이름]에게도 제 인사를 전해 주세요.

감사합니다.
[발신자]"
"I have some of your mail and I am not sure of your location.
If you would like to stop by ESC06406 and pick it up or give me a call and I can forward it to your assistant that would be great.
Thanks,
",Mail,"안녕하세요, [수신자]님.

저는 당신의 우편물 중 일부를 가지고 있는데, 당신의 위치를 잘 모르겠습니다.
[장소]에 들러서 우편물을 받아가시거나 저에게 전화를 주시면 제가 당신의 비서에게 전달해드리겠습니다.

감사합니다.
[발신자]"
"Louise,  Sempra Energy has called and asked to ""cover' outstanding positions with Enron.
They have done some deals with me this morning via EOL, as well as a ""sleeve"" with EPNG in order to minimize their exposure with us.
Indications were that they have longer dated power and other gas positions that they want to minimize as well,  I advised them to call the respected traders first, as apposed to calling voice brokers,  to see what they can facilitate.
",Concerned Counter parties,"안녕하세요, [수신자]님.

[기업명1]에 전화해서 [기업명]과의 미처리 포지션을 ""커버""해 달라고 요청했습니다.
그들은 오늘 아침 EOL을 통해 저와 몇 가지 거래를 했고, EPNG와 ""슬리브""를 맺어 저희와의 노출을 최소화했습니다.
그들은 더 오래된 전력 및 기타 가스 포지션을 최소화하고 싶어한다는 징후가 있었습니다.
저는 그들에게 음성 브로커에게 전화하는 대신 먼저 존경받는 트레이더에게 전화해서 그들이 무엇을 도울 수 있는지 알아보라고 조언했습니다.

감사합니다.
[발신자]"
"As I sit here this Wednesday morning and watch ENE trade $15.80 I can not begin to explain the pit in my stomach.
I have been an employee of Enron since June of 1984, I have never written a memo to my CEO to express opinions and or ask direct questions.
I can not believe that the individuals that are responsible for this catastrophe are still employed.
And I guess I need to understand why?
FIRED THEM !
It is apparent to me  that the information we have given to the market place is not sufficient enough.
""THEY"" don't trust us anymore.
Get a plan of action, attack it, and save this company.
",Enron,"[요일] 아침 여기 앉아 [상품명]이 [가격]에 거래되는 것을 지켜보면서 속이 메스꺼워지는 이유를 설명할 수가 없습니다.
저는 [시작 년도]부터 [기업명]의 직원이었고, [CEO명]에게 의견을 표명하거나 직접 질문하기 위해 메모를 쓴 적이 없습니다.
이 재앙에 책임이 있는 사람들이 아직 고용되어 있다는 것을 믿을 수 없습니다.
그리고 왜 그럴까요?
그들을 해고했습니다!

저는 우리가 시장에 제공한 정보가 충분하지 않다는 것이 분명합니다.
""그들은"" 더 이상 우리를 믿지 않습니다.
행동 계획을 세우고, 공격하고, 이 회사를 구하십시오.

감사합니다.
[발신자]"
"Brad,  I really don't know where to begin other than just to say it.
Enron is having some extremely difficult times now.
I have been trying to focus on helping Enron stay together.
This is not a good time for you or anyone else to try and seek employment here.
I am sorry if I am letting you down.
I was only wanting to help.
I will always keep you in mind, and hopefully when things turn around here I will be able to address you coming here.
",Summer Enron Internship,"안녕하세요, [수신자]님.

정말 어디서부터 시작해야 할지 모르겠어요. 그냥 말하고 싶어요.
[기업명]은 지금 엄청나게 힘든 시기를 겪고 있어요.
저는 [기업명]이 함께 지낼 수 있도록 돕는 데 집중하려고 노력했어요.
지금은 당신이나 다른 사람이 여기서 일자리를 구하려고 하기에는 좋은 시기가 아니에요.
제가 당신을 실망시켰다면 죄송합니다.
저는 그저 돕고 싶었을 뿐이에요.
저는 항상 당신을 염두에 두고 있을 거고, 상황이 호전되면 여기로 와서 당신에게 말을 걸 수 있기를 바랍니다.

감사합니다.
[발신자]"
"Please make sure that your things are packed and ready to be moved before you leave today.
The move should start first thing tomorrow morning!
Please let me know if you need any help packing and I will be more than happy to help you.
Thank you,
",Tomorrow's Move,"안녕하세요, [수신자]님.

오늘 떠나기 전에 짐을 싸서 옮길 준비가 되어 있는지 확인하세요.
이사는 내일 아침 일찍 시작해야 합니다!
짐을 싸는 데 도움이 필요하면 알려주세요. 기꺼이 도와드리겠습니다.

감사합니다.
[발신자]"
"Sandra,  Your ICE access has been completed from previous request #61174:  User ID:  sabrawner Password:  gig9raw5  Please contact the ICE help desk at 770-738-2101 should you have any questions.
The answer to your secret question is ASTROS.
Let me know if you have any questions.
Thank you,
",Intercontinental Exchange - User ID and Password,"안녕하세요, [수신자]님.

이전 요청에서 접근 승인이 완료되었습니다.
사용자 ID: [아이디]
비밀번호: [비밀번호]

질문이 있으면 헬프 데스크([전화번호])에 문의하세요.
비밀 질문에 대한 답은 [직접 입력]입니다.

질문이 있으면 언제든지 알려주세요.

감사합니다.
[발신자]"
"Jeff,  Just a quick note to say ""thank you"" for your comments at year end.
I  sincerely appreciated your comments and support.
I hope your Holidays were safe, healthy, and happy.
Say when am I going to  see that new home of yours?
You know it is hard to continue to live  vicariously through you if I don't know what to picture!
Sandra
","""Thank You !!""","안녕하세요, [수신자]님.

연말에 ""감사합니다""라는 짧은 메모를 남기고자 합니다.
저는 진심으로 당신의 댓글과 지원에 감사했습니다.
당신의 휴일이 안전하고 건강하고 행복했기를 바랍니다.

언제 당신의 새 집을 볼 수 있을까요?
당신을 통해 간접적으로 계속 사는 것이 어렵다는 것을 알고 있습니다. 무엇을 그려야 할지 모른다면!

감사합니다.
[발신자]"
"Hello Kenny,  Just a couple of things.
One our stock is up again today  now it is up 2 at  62$  I was wondering if we should sell some?
What is your opinion.
Also I have some reading for you tonight - The Skiliing Story is all over the  Gas Market.
(I told Ya).
I know that Clayton has soccer tonight - dont  worry about dinner , I would actually prefer some of that Turkey tonight.
I love you
",Misc,"안녕하세요, [수신자]님.

몇 가지 말씀드리겠습니다.
오늘 우리 주식이 다시 올랐는데 지금은 [금액]로 올랐어요. 몇 개 팔아야 할까요?
당신의 의견은 어때요?

[발신자]"
"April 8, 2001, 10:45PM                             Learn the ins and outs of filing after mid-April  deadline                              By GARY KLOTT                             Tribune Media                              For the many millions of individuals who have yet  to file their 2000 income tax returns, there is no                            reason to panic.
If you need more time to file your return, you can  easily get a filing extension.
And if you can't afford to pay your tax bill now,  you can buy more time to pay up.
While you may be                            subject to interest and penalties for payments  made after April 16, you can put off the day of                            reckoning for months without fear that IRS  collection agents will come after you.
There is even a                            loophole in the law that will enable many  individuals to get an extra month to pay up without being                            assessed interest or penalties.
Nevertheless, April 16 is a critical deadline for  anyone who has yet to file his tax returns.
You'll need                            to file either your tax return or an extension  request by the deadline.
And to avoid interest and                            penalties, you'll generally need to pay any taxes  owed by April 16.
April 16 is also the deadline for making IRA  contributions for 2000 returns and for making the first                            installment of quarterly estimated taxes for 2001.
Filing extension: If you'd like more time to file  your return, getting a filing extension is simple.
In fact,                            the IRS has expanded the options this year for  obtaining a filing extension.
You can now do it by                            phone, computer or mail.
",Income Tax - Information,"안녕하세요, [수신자]님.

[날짜] 이후에 [신고]를 해야 하는 분들을 위한 안내입니다.
아직 [신고서]를 제출하지 않은 많은 분들은 걱정하지 않으셔도 됩니다. 신고서를 제출하는 데 시간이 더 필요한 경우, 비교적 간단하게 신고 연장을 받을 수 있습니다.
그리고 당장 세금을 납부할 여력이 없는 경우에도 납부 연장을 받을 수 있습니다.

[날짜] 이후에 납부한 금액에 대해 이자와 과태료가 부과될 수 있지만 반드시 즉시 징수 담당자의 징수 절차가 시작되는 것은 아니므로 수개월 동안 추가 준비가 가능합니다.
일부 상황에서는 이자나 과태로 없이 한 달 더 납부할 수 있는 법적 예외가 적용될 수 있습니다.

하지만, [날짜]은 아직 세금 신고서를 제출하지 않은 분들에게 매우 중요한 날짜입니다. 기한까지 반드시 세금 신고서나 연장 요청을 제출하세요.
그리고 이자와 벌금을 피하기 위해 일반적으로 [날짜]까지 납부해야 할 세금을 모두 납부해야 합니다.
[날짜]은 또한 이전 연도 신고서에 대한 기여금을 내고 올해의 분기별 추정 세금의 1차 납부기한이기도 합니다.

신고 연장 방법: 더 많은 시간이 필요하다면 연장 신청이 매우 간단합니다.
최근에는 기관에서 연장 신청 방법을 확대하여, 전화, 온라인, 우편 등 다양한 방식으로 연장 신청이 가능합니다.

감사합니다.
[발신자]"
"You are in the New York Times today, page C6.
Can't tell if it's good or bad cuz I don't understand business jargon.
I'm about to go for a little run.
It's beautiful out.
Met a new professor today, Russian but nice.
Ready for summer vacation already!
At least we have a three day weekend.
Hope you're having a good day.
Cheers,
",Famous Dad,"안녕하세요, [수신자]님.

오늘은 [신문명] [페이지번호]에 실렸어요.
비즈니스 전문 용어를 몰라서 좋은지 나쁜지 모르겠어요.
조금 달리러 가려고 해요.
날씨가 참 좋네요.

오늘 새로운 교수를 만났어요. 러시아 사람이지만 친절해요.
이미 여름 휴가를 갈 준비가 됐어요!
적어도 주말은 3일이에요.

좋은 하루 보내시길 바랍니다.
[발신자]"
"As you all know, the recruiting season is in full swing and the AA Program's recruiters are hitting campus as we speak.
One of the most important parts of the process and a key to Enron's future success are the Fantastic Friday and Super Saturday interview dates where we make the selections on those candidates who will receive offers from Enron for the 2002 recruiting class.
It is important that these candidates be interviewed by business leaders from each business unit and specifically those who utilize AA pool members.
Our goal is for each business unit to identify a core group of interviewers for each of the four interview weekends which will be held as follows:  		Dates						Total Number of Interviewers Needed**  October 25-26           Fantastic Friday - Analysts			100		30 for dinner/70 for interview         November 2 -4 -        Super Saturday - Associates		100		30 for dinner/70 for interview
",Fantastic Friday/Super Saturday Interviewers,"여러분이 아시다시피, 채용 시즌이 한창이며 [직접 입력]의 채용 담당자들이 지금 캠퍼스에 와 있습니다.
프로세스에서 가장 중요한 부분 중 하나이자 [회사명]의 미래 성공을 위한 열쇠는 [면접1]와 [면접2] 면접 날짜입니다. 이 날짜에 [회사명]에서 [채용설명회]에 대한 제안을 받을 후보자를 선정합니다.
이러한 후보자는 각 사업부의 비즈니스 리더, 특히 [직접 입력] 멤버를 활용하는 사람과 면접을 보는 것이 중요합니다.

저희의 목표는 각 사업부가 다음과 같이 진행될 4주차 면접 주말 각각에 대한 핵심 면접관 그룹을 파악하는 것입니다.

날짜 필요 면접관 총 수
[날짜] [면접1] - [직접 입력]
[날짜] [면접2] - [직접 입력]

감사합니다.
[발신자]"
"The EIU Country Reports on Afghanistan, Pakistan, and India are now available in our Resource Library.
To access the Resource Library: O:\RAC\RESOURCE LIBRARY\20 - Sovereign Investment Issues\India Pakistan Afghanistan Research  The library has been temporarily moved from the RAC website but will be available through the website later this week.
Thanks!
","EIU Country Reports on Afghanistan, Pakistan, and India","[국가1], [국가2], [국가3]에 대한 EIU 국가 보고서는 이제 리소스 라이브러리에서 이용할 수 있습니다.
리소스 라이브러리에 액세스하려면: [파일 경로][보고서 이름]

라이브러리는 일시적으로 [회사명] 웹사이트에서 옮겨졌지만 이번 주 후반에 웹사이트를 통해 이용할 수 있게 됩니다.

감사합니다!
[발신자]"
"I have been advised that the board meeting will most likely last until 4:30 p.m.
I have adjusted the departure from White Plaines to 4:45 p.m.; which will have you arriving into Houston at approximately 7:00 p.m.  A hot dinner aboard the plane has been arranged.
Please let me know if you have any questions.
Tori L. Wells Executive Assistant Office of Ken Lay Chairman & CEO ENRON
",Updated Itinerary for 09/28/01 - 12:50 pm,"이사회 회의가 [시간]까지 진행될 가능성이 높다는 통보를 받았습니다.
[비행기편] 출발을 [시간]으로 조정했습니다. 그러면 [시간]경에 [도시명]에 도착하게 됩니다. 비행기 안에서 따뜻한 저녁 식사를 준비했습니다.
궁금한 사항이 있으면 알려주세요.

[발신자]"
"Attached, please find our revised presentation for the October 8th Board Meeting.
In addition, I have attached a replacement page for the DASH that Chip Schneider asked to be distributed.
The change is a correction of the mill's power service territory.
The original DASH stated that the mill is in the Entergy service territory - the correct region is SERC.
The Board Resolution has not changed since the Sept 25th Executive Committee presentation.
I believe that Rebecca Carter has the final version.
I currently have the signed DASH and will sending it to RAC to be archived.
Let me know if you have questions.
- Matt (3-9166)
",Leaf River Information for Board Presentation,"첨부된 [회의 날짜] [이사회 회의]에 대한 수정된 [자료명]을 확인해 주세요.
또한, [이름]의 요청에 따라 [자료명]의 대체 페이지도 함께 첨부했습니다.
이번 변경 사항은 [회사명]의 [부서] 정보를 수정한 내용입니다.
원래 자료에는 해당 [회사명]이 [장소]에 있다고 명시되어 있었으나, 정확한 지역은 [장소1]입니다.

이사회 결의안은 지난 회의 이후 변경되지 않았습니다.
최종 버전은 [이름1]가 보관하고 있는 것으로 알고 있습니다.
현재 서명된 [자료명]이 있으며, 이는 [부서]에 전달해 보관할 예정입니다.

추가로 궁금한 점이 있으시면 언제든 연락해 주세요.
[발신자]"
"Rick, I wanted to summarize for you my budget meeting with Michael on Wed.
I will send you the whole pack under separate cover, but here are the highlights: 	Relatively speaking, it was constructive - he has made unequivical cut demands of other groups  	Original (adjusted) headcount budget for 2001 was 52, he is asking me to freeze heads at current 44  					which includes: not replacing recent leaver - Karin Levin 							not replacing scheduled Houston rotation - Oliver Harrison 							Scheduled new arrrivals	- John Collenette, Karl Sees, Blair Van Zant, Adam Bauer, Michel Gantois 							Tracy Ngo, plus 5 new in last month.
2002 budget looks much larger than 2001, despite lower headcount due to: $1.6MM increase due to full costing of expats @ salary plus 4x salary (instead of just 											salary) 										$500k for communications allocated 										increase in benefit costs from 10% to 23% 	All other expenses lowered -    Budget not finalized.
Michael requested: reduce Travel by a significant amount ($100k?)
get more precise justification of allocations from RAC Corp -  						Credit - $350k looks a little low (includes you, bill, debbie, credit reserve,CAS..) 						Market - $660 looks a little high/ok 						UndWr - $499 looks too high 						Portfolio - $108 ??
be prepared to shed under 2 scenarios a) 5 heads 										b) 10 heads 5 heads can be accomodated with little change in service, provided we continue to shed 'operational' credit responsibility and the current low level of large underwritten transactions and revals.
Specific coverage holes and weakness will continue to be: EBS, German speaking credit person, depth in international markets, depth in market risk management.
10 heads would be quite disruptive and my recommendation would be to re-assess the role of RAC with an eye towards much less process work and immunity from finger pointing.
Budget to be finalized a more comprehensive business review is completed over the coming few weeks.
Perhaps we can discuss next week after you have reviewed.
Ted
",2002 Budget,"안녕하세요, [수신자]님.

수요일에 [이름]과 가진 예산 회의의 주요 내용을 요약해 드리겠습니다. 전체 내용은 별도로 공유드리겠습니다.

주요 내용:
회의는 비교적 건설적이었습니다. [이름]는 다른 그룹에 명확한 비용 삭감 요청을 했습니다. [년1]의 원래(조정된) 인원 예산은 [직접 입력]명이었고, 그는 현재 [직접 입력]명으로 인원을 동결해 달라고 요청했습니다. 여기에는 다음이 포함됩니다. 최근 퇴사자 대체 없음, [이름1]은 예정된 인사이동 대체 없음, 신규 인원 배치 및 지난달 신규 입사자 포함할 것([이름2], [이름3], [이름4], [이름5], [이름6]).

[년2] 예산은 전년 대비 크게 증가할 것으로 예상됩니다. 주요 이유는 다음과 같습니다. 급여, 복리 후생비, 커뮤니케이션 비용 증가, 기타 모든 경비가 감소했으나, 전체 예산이 감소하지 않음.

다음은 [이름]의 요청 사항입니다:
1. 여행비 등 특정 비용 항목을 상당 금액 삭감하기
2. [기업명]에서 할당 항목에 대해 보다 정확한 정당성 산출 근거 제시하기
3. 주요 비용, 시장, 포트폴리오 항목별로 금액 검토 및 조정할 것
4. 두 가지 시나리오에 대해 대비할 것
4.a) 5명 감축시: 일부 업무/서비스 변화는 크지 않을 수 있음
4.b) 10명 감축 시: 업무에 상당한 영향 예상, 핵심 역할 재정립 필요

구체적인 보장 홀과 약점은 다음과 같습니다:
- EBS
- 독일어를 구사하는 신용 담당자
- 국제 시장의 깊이
- 시장 위험 관리의 깊이

10명을 감축하는 것은 상당히 파괴적일 것이고, 제가 추천하는 것은 훨씬 적은 프로세스 작업과 손가락질에 대한 면역성을 목표로 [회사명]의 역할을 재평가하는 것입니다.
예산이 확정되고, 보다 포괄적인 사업 검토가 앞으로 몇 주 안에 완료됩니다.
검토가 끝나면 다음 주에 논의할 수 있을 것입니다.

감사합니다.
[발신자]"
"Please see attached.
Thank you.
Donna M. Cagle Executive Administrator to President & CEO Mariner Energy, Inc. 580 WestLake Park Blvd., Suite 1300 Houston, TX  77079 281/584-5511 (phone)     281/584-5515 (fax) dcagle@mariner-energy.com   <<Mtg.
Notice to BOD - Exec..doc>>
",Notice of Special Telephonic Meeting of the Executive Committee,"첨부된 내용을 참조하세요.

감사합니다.
[발신자]
[직책]
[전화번호]
[팩스번호]
[이메일 주소]
[자료명]"
"Last week we completed preliminary ROCAR calculations on the following deals:  					ROCAR  Georgia Pacific/Leaf River		29.03%  Owens DSM				10.75%  Project Oz				 2.74%   These results place Georgia Pacific at the high end of all of the deals we have looked at so far.
The ROCAR for GP includes the impact of the swap which only slightly improved the return (versus the asset only) due to the credit risk associated with a BBB minus credit.
Owens is about on par with other energy management deals we have seen coming out off EES.
Operational risk (implementation/contract risk) is considered low due to the ongoing nature of the project.
Project Oz is one of the worst deals we have analyzed.
Margins are very thin, and due to the illiquid nature of the asset, market risk is very large (1 day VAR $45MM).
Since most of the ROCAR's are still not included on the DASH, I will provide you with weekly updates on the current deals we are analyzing.
Regards,
",ROCAR Update,"지난주에 우리는 다음 거래에 대한 [지표] 계산을 완료했습니다.
이러한 결과는 [기업명]을 지금까지 살펴본 모든 거래 중에서 가장 높은 수준에 올려놓았습니다.

[기업명1]에 대한 [지표]에는 신용 위험 조정과 신용 등급 변동에 따른 스왑 영향이 포함되어 있습니다.
[기업명2]의 경우, 기존에 진행한 다른 에너지 관리 거래와 유사한 수준을 보였습니다.
운영 위험(구현/계약 위험)은 프로젝트의 진행 중인 특성으로 인해 낮게 평가되었습니다.
반면, [기업명3]는 우리가 분석한 최악의 거래 중 하나입니다.
마진은 매우 얇고 자산의 유동성이 부족하기 때문에 시장 위험이 매우 큽니다.

대부분의 [지표]가 아직 분석 시스템에 포함되지 않았으므로 현재 진행 중인 거래에 대한 주간 업데이트를 제공하겠습니다. 분석 중입니다.

감사합니다.
[발신자]"
"Following is a status of RAC initiated audits in 2001 and year-to-date cash recoveries related to the Merchant Investment Portfolio:  Oil & Gas Joint Venture Audits Completed:  Program		Operator		Gross Claims	Net Claims  Vastar			BP Amoco	$177,432		$  88,716 Hughes-Rawls		EPL		$285,176		$129,954 E. Sour Lake		Adobe		$285,126		$256,613 Total					$747,734		$475,283  Oil & Gas Joint Venture Audits Scheduled:  Program		Operator			Date  Cypress		Meridian Resources	10/01 Juniper			Bois D'Arc Resources	10/01 Vastar			Key Production Co.	12/01  Coal Venture Audits Completed:  Program		Operator		Gross Claims	Net Claims  Jupiter			Cline		$  66,250		$  66,250 Jupiter			Cline		$126,000		$126,000 Total					$192,250		$192,250  DPR                                 Cline	 The audit determined that, contrary to the agreement; excess funds were transferred to an investment account in Chris Cline's name rather than DPR.
Potentially $5.5 million was at risk to Enron.
The situation has been corrected.
Cash recovered in 2001 from Audits as of 9/30/01:  Oil & Gas - 2000			$315,579 Oil & Gas - 2001			$  43,913 Coal				$  66,250 Total				$425,742
",Status of Audits & Cash Recoveries,"다음은 [년] RAC에서 시작한 감사의 상태와 상인 투자 포트폴리오와 관련된 연초부터 현재까지의 현금 회수입니다.

완료된 석유 및 가스 합작 투자 감사: 프로그램 운영자 총 청구 순 청구: [직접 입력]
예정된 석유 및 가스 합작 투자 감사: [직접 입력]
완료된 석탄 투자 감사: [직접 입력]

[기업명1] 감사 결과, 계약과 달리 초과 자금이 [기업명1]이 아닌 [기업명2] 명의의 투자 계좌로 이체되었습니다.
잠재적으로 [기업명]에 550만 달러가 위험에 처했습니다.
상황은 시정되었습니다.

[년] [월] [일] 기준 감사에서 회수된 현금: [직접 입력]

감사합니다.
[발신자]"
"With respect to future Enron guarantees, there are at least three issues to be addressed in addition to the pervasive objective of transitioning out of the parent guarantee:  	1.
Excluding the value of major equipment from the guarantee.
I believe this is already being done for new bids.
2.
Carving out at least part of the guarantee as within Enron's/Nepco's discretion to establish performance or other 	bonding instruments.
3.
Negotiating transferability of the guarantee, i.e.
the guarantee can be assumed by another credit-worthy entity 	with at least investment grade or, if necessary, at least a rating equal to Enron's at the time of assumption.
Since the substantive financial protection afforded by an Enron parent guarantee to the contract value would not be compromised if these are implemented, Enron's corporate position is very likely to push very hard on these points.
Logically, owners and project lenders should be willing to accept these structures--even though there undoubtedly would be strong initial pushback.
On the other hand, there may be a real question whether to accept contracts that do not provide for these relatively small steps away from the traditional hell or high water parent guarantee that Enron has approved in the past.
Discussion of these issues should be included in the DASH.
In any event, each new contract requiring an Enron guarantee will have to be approved by Rick Buy personally.
",Enron parent guarantees,"향후 [기업명] 보증과 관련하여 모회사 보증에서 벗어나는 전반적인 목표 외에도 해결해야 할 문제가 최소한 세 가지 있습니다.
1. 보증에서 주요 장비의 가치를 제외합니다.
이미 새로운 입찰에 대해 이 작업을 수행하고 있다고 생각합니다.
2. [기업명]의 재량에 따라 성과 또는 기타 보증 도구를 확립하기 위해 보증의 일부를 최소한 분할합니다.
3. 보증의 양도 가능성 협상, 즉 보증은 인수 시점에 최소한 투자 등급 또는 필요한 경우 최소한 [기업명]과 동일한 등급을 가진 다른 신용 등급이 있는 기관이 인수할 수 있습니다.

[기업명] 모회사 보증이 계약 가치에 제공하는 실질적인 재정적 보호는 이러한 사항이 구현되더라도 손상되지 않으므로 [기업명]의 기업 입장은 이러한 사항에 대해 매우 강력하게 추진할 가능성이 매우 높습니다.
논리적으로 소유주와 프로젝트 대출 기관은 의심할 여지 없이 강력한 초기 반발이 있을지라도 이러한 구조를 기꺼이 수용해야 합니다.
반면에, [기업명]이 과거에 승인했던 전통적인 지옥이나 높은 물 부모 보증에서 비교적 작은 단계를 벗어나지 않는 계약을 수락할 것인지에 대한 실질적인 의문이 있을 수 있습니다.

이러한 문제에 대한 논의는 [자료명]에 포함되어야 합니다.
어떤 경우든 [기업명] 보증이 필요한 각 새로운 계약은 [이름]가 개인적으로 승인해야 합니다.

감사합니다.
[발신자]"
"Attached please find the weekly summary for week beginning Sep 24.
Please note a format change in summary.
The rolling 30 day late graph is no longer included as part of the summary as the data is now published as part of the Executive Reports Viewer.
If you have any questions related to the log please feel free to contact me at ext 54751.
Regards,
",Weekly Summary for 09/24/01,"안녕하세요, [수신자]님.

[날짜]의 [시간]에 진행된 [회의/이벤트]에 대한 주요 사항을 요약해 드립니다.
이번 [회의/이벤트]에서는 [주요 논의 사항]이 다뤄졌으며, 이에 따라 다음과 같은 변경 사항이 있었습니다:
1. [세부사항1]
2. [세부사항2]
3. [세부사항3]

또한, [위치]에서 [날짜]에 예정된 [이벤트/회의]에 대해서도 추가적인 논의가 있을 예정입니다. 이와 관련하여 [기타 사항]이 있습니다.

기타 문의사항이 있으시면 언제든지 [연락처]로 연락 주시기 바랍니다.
[회사명]에서 진행하는 후속 작업에 대한 업데이트는 추후 공유드리겠습니다.

감사합니다.
[발신자]"
"All:  Attached is a draft of the NewPower DASH.
The maximum amount available against AR and Inventory may adjust slightly based on projected eligible accounts receivable versus ineligble.
We also need to coordinate the legal risk memo.
Regards,
",NewPower DASH,"안녕하세요, [수신자]님.

[자료명] 초안을 첨부했습니다.
AR 및 재고에 대해 사용 가능한 최대 금액은 예상 적격 미수금 대비 부적격 미수금에 따라 약간 조정될 수 있습니다.
또한 법적 위험 메모도 조정해야 합니다.

감사합니다.
[발신자]"
"Attached are the marks for New Power for COB 10/02/01.
The exposure as increased by $24.5MM due to a large number of capacity deals that have rolled-off bringing our total Net Exposure after collateral to $36.6MM.
Please let me know if you would like any additional information.
Thank you
",New Power,"첨부된 것은 [직접 입력]입니다.
많은 수의 용량 거래가 롤오프되어 노출이 [금액1] 증가하여 담보를 제외한 총 순 노출이 [금액2]가 되었습니다.

추가 정보가 필요하면 알려주십시오.

감사합니다.
[발신자]"
"PRIVILEGED AND CONFIDENTIAL - ATTORNEY/CLIENT COMMUNICATION  As we said in our initial meetings with you, it is very important that you preserve your records relating to Enron.
Attached is a letter we received from one of the plaintiffs' lawyers requesting that we preserve all documents relating to Enron.
We have already responded to the letter, but we are passing it on to you because, despite its tone, it provides a useful outline of the types of records you should preserve and the places where such documents might be found.
Please do not hesitate to call me if you have any questions.
",Retention of Documents,"귀하와의 첫 만남에서 말씀드렸듯이, [기업명]과 관련된 기록을 보존하는 것이 매우 중요합니다.
원고측 변호사 중 한 명으로부터 [기업명]과 관련된 모든 문서를 보존해 달라는 요청서를 받았습니다.
이미 해당 서한에 답장을 보냈지만, 어조에도 불구하고 보존해야 할 기록 유형과 해당 문서를 찾을 수 있는 장소에 대한 유용한 개요를 제공하기 때문에 귀하에게 전달합니다.

궁금한 사항이 있으면 언제든지 전화해 주십시오.

감사합니다.
[발신자]"
"Management Committee Offsite Wednesday, October 24 11:30a - 5:00p Four Seasons Hotel, Whitney Room Lunch will be provided  An agenda will be distributed prior to the meeting.
Please call if you have any questions.
Thanks,
","Confirmation of Management Committee Offsite - Wednesday, October  24, 11:30a - 5:00p","경영 위원회 오프사이트 [날짜] [시간]~[시간] [장소], [미팅룸]에서 점심이 제공되는 회의 전에 일정을 배포합니다.

질문이 있으면 전화해 주세요.

감사합니다.
[발신자]"
"It is already time to begin preparation for another regular Board meeting on Tuesday, Feb. 12 with Committee meetings on the afternoon of Monday, Feb. 11.
We need to set the schedule this week in order for the members of the Board to get nonrefundable airfares.
By Thursday, please advise me of how much time you will need for the Committee meetings (or for your portion) on Feb. 11:  Audit			Andrew Compensation		Mary Finance			Rick  			Ray  Thanks.
Paula
",Board Committee Meetings,"이미 [날짜]에 정기 이사회 회의를 준비하고, [날짜]에 위원회 회의를 열 준비를 시작할 때가 되었습니다.
이번 주에 이사회 구성원들이 환불 불가 항공료를 받을 수 있도록 일정을 정해야 합니다.
목요일까지 [날짜] 위원회 회의(또는 귀하의 회의)에 얼마나 많은 시간이 필요한지 알려주십시오.

감사 [이름]
보상 [이름1]
재무 [이름2], [이름3]

감사합니다.
[발신자]"
"The Management Committee is invited to join the Enron Corp. Board of Directors on Tuesday, October 9th, for it's open Board session and lunch.
Among other agenda items, management briefings will be made for both Enron Americas and Enron Energy Services.
Please come to EB5001 at 9:20 a.m. on Oct. 9.
A seated lunch will be held in the 50M dining room following the meeting.
Thanks.
",ENE Board Meeting - October 9th - NEW TIME!,"경영 위원회는 [날짜] [회사명] 이사회에 참석하여 공개 이사회 세션과 오찬에 초대되었습니다.
다른 의제 항목 중 [기업명]와 [기업명1]에 대한 경영 브리핑이 있을 예정입니다.
[날짜] [시간]에 [회의실]에 참석해 주시기 바랍니다.

회의 후 근방 50M 식당에서 오찬이 열립니다.

감사합니다.
[발신자]"
"The resume for Jeff Huff was inadvertently dropped from the message we sent yesterday evening.
The resume is attached below for your convenience.
Below are a few points for your review:  Resume: Currently the second most productive Partner at Diamond-Cluster, a technology consulting firm.
He has been a consultant dedicated to Enron for the last 2+ years, first for Tom Gros in EBS and Net Works and then for Dan Reck in Freight, developing trading systems.
The Job: We are looking to bring Jeff in as VP, Commercial Support.
The demands of growing the group require a consistent focus on technology, expenses, front and back office productivity, as well as constant re-analysis of growth strategies.
Justification: Jeff's capabilities in these areas make him extremely qualified.
We rely on him heavily already, but at consulting rates he costs us more than $1.3mm per year and his focus is limited to technology.
Most importantly, the lead commercial folks in the group are overburdened with administrative issues and spending too little time bringing in earnings.
Thank you.
",Jeff Huff Resume,"[이름]의 이력서가 어제 저녁에 보낸 메시지에서 실수로 삭제되었습니다.
귀하의 편의를 위해 이력서를 아래에 첨부했습니다.
다음은 검토할 몇 가지 사항입니다. 

이력서: 현재 기술 컨설팅 회사인 [회사명]에서 두 번째로 생산적인 파트너입니다.
그는 지난 2년 이상 [회사명1]에 전담 컨설턴트로 일했으며, 처음에는 [부서]와 [부서1]에서 [이름1] 아래에서 일했고, 그다음에는 [부서2]에서 [이름2] 아래에서 일하면서 거래 시스템을 개발했습니다.

업무: [이름]를 상업 지원 부사장으로 영입하고자 합니다.
그룹을 성장시키는 데 필요한 요구 사항으로 기술, 경비, 프런트 및 백오피스 생산성에 지속적으로 집중하고 성장 전략을 지속적으로 재분석해야 합니다.

정당성: 이러한 분야에서 [이름]의 역량은 그를 매우 자격을 갖춘 사람으로 만듭니다.
우리는 이미 그에게 크게 의존하고 있지만 컨설팅 요금으로는 연간 130만 달러가 넘고 그의 초점은 기술에 국한됩니다.
가장 중요한 것은 그룹의 주요 상업 담당자들이 행정 문제로 과중한 부담을 지고 수익을 창출하는 데 너무 적은 시간을 보내고 있다는 것입니다.
감사합니다.
[발신자]"
"Sorry for the inconvenience.
The 10/5/01 Turbine Position Report had a minor revision after distribution.
The revised report is attached.
Please call Becky Caudle at 3-9749 with any questions.
",REVISED - Turbine Position Report,"불편을 끼쳐드려 죄송합니다.
[보고서] 보고서는 배포 후 사소한 수정이 있었습니다.
수정된 보고서를 첨부했습니다.

질문이 있으면 [이름]([전화번호])에게 전화하세요.

감사합니다.
[발신자]"
"Rick,  I am writing in regards to a training seminar I am developing on enterprise risk management for the power/energy sector.
I am inviting speakers for the course and would very much like for you to participate as an instructor.
Our training seminars are structured as interactive workshops.
We limit the audience to about 20 people and bring in 2-3 instructors to facilitate the course - generally speakers present for half-day sessions.
I'm attaching a draft of topics that could be covered.
I will follow up with more details but please let me know if you have an initial interest in participating.
<<agenda.doc>>  Thank you,
",course instructor,"안녕하세요, [수신자]님.

저는 [산업 부문]의 기업 위험 관리에 대한 교육 세미나를 개발하고 있으며, 이에 대해 글을 쓰고 있습니다.
저는 이 과정에 연사를 초대하고 있으며, 강사로 참여해 주셨으면 합니다.
저희 교육 세미나는 대화형 워크숍으로 구성되어 있습니다.
저희는 청중을 약 20명으로 제한하고 2~3명의 강사를 초빙하여 과정을 진행합니다. 일반적으로 연사는 반나절 세션에 참석합니다.

다루어질 수 있는 주제의 초안을 첨부합니다.
저는 자세한 내용을 알려드리겠지만, 참여에 관심이 있으시면 알려주시기 바랍니다.

<<[자료명]>>

감사합니다.
[발신자]"
"Good morning.
Per Michael Tribolet's request, I am forwarding you graphs that display the high level detail of bankruptcy exposure by 1) Business Unit and 2) Enron Corp consolidated.
Regarding the Portland General graph, please note that we currently have knowledge of only one counterparty exposure - PG&E.
Please call me if you have any questions or comments.
Thank you and have a great day.
Regards,
",Bankruptcy Exposure Graphs,"좋은 아침입니다.

[이름]의 요청에 따라 1) 사업부 및 2) [회사명] 통합의 파산 노출에 대한 높은 수준의 세부 정보를 표시하는 그래프를 전달합니다.
[직접 입력] 그래프와 관련하여 현재 [직접 입력]라는 하나의 상대방 노출에 대한 정보만 알고 있습니다.

질문이나 의견이 있으면 저에게 전화해 주세요.
좋은 하루 보내세요.

감사합니다.
[발신자]"
"The EES/EWS Process Meeting will now be held EVERY THURSDAY at 3:00.
We have also changed the location since we were bumped the last two meeting 	dates.
The NEW  LOCATION is EB2868.
",EES/EWS Process Meeting,"[프로젝트] 회의는 이제 [날짜] [시간]에 열립니다.
또한 지난 두 회의 날짜가 연기된 이후로 장소도 변경했습니다.
새로운 장소는 [회의실]입니다.

감사합니다.
[발신자]"
"Please note the following addition to the credit reserve for October 2001:  CP:  Talisman Energy Inc. Deal No: 813319 Deal Date:  10/10/01 Deal Specifics:  ECC sells financial swap to CP Term:  1/1/2002 thru 12/31/2010 Volume:  2 MW/h, 7x24 Price:  Fixed $41.90 CAD Region:  Alberta Power Pool Trader/Mid-Marketer:  John Zufferli/Derek Davies Credit Reserve Amount:  $65,000 CAD  RAC: transaction confirmed under 3/4/99 ISDA Master Agreement between ECC and Talisman Energy Inc.
Please call with questions or comment.
Thank you
",October Reserves - Talisman Deal #813319,"[년] [월] 신용 준비금에 다음 추가 사항을 참고하십시오. 
거래처: [직접 입력]
거래번호: [직접 입력]
거래일: [날짜]
거래 세부: [회사명]가 거래처에 금융 스왑 판매
기간: [시작일] ~ [종료일]
거래량: [직접 입력]
가격: [직접 입력]
지역: [직접 입력]
거래 담당자: [이름1], [이름2]
신용 준비금 금액: [직접 입력]
계약 확인: [회사명]와 거래처 간의 [계약서명]에 따라 거래 확인

질문이나 의견이 있으시면 전화해 주십시오.
감사합니다.
[발신자]"
"All:  We have set up the following recurring meetings:  1.
One hour on Thursdays with Mark Haedicke and his legal team 2.
One half hour on Monday and Wednesday with Bill, Molly, Teresa, Sharon, Tracey, and Lisa.
Also Rita Bohner, Paul Darmitzel and Ed Essandoh of EES legal will attend.
This meeting will be primarily for the dealing with the high volume of small EES deals.
The aim is to define the process and drill on implementation (notices, termination, physical disconnection, proofs of claim, etc.).
Molly has made great strides here.
3.
Sharon Sullo and Tracey Kozadinos are developing a standardized database for the effort.
Debbie Brackett has gotten involved on system feeds.
More to come on this.
The initial thoughts with Mark Haedicke were to parse the debtors into two or three baskets.
Smallest size would be a process.
We are grappling with whether we need a mid size and a large size process.
As not all these deals show up on the Hot Deals Report.
I have scratched out the top ten, high touch, efforts below:  1.
PG&E 2.
Edison 3.
360 4.
NPW 5.
Polaroid 6.
California PX 7.
Global Crossing 8.
DPC LNG 9.
EPIK 10.
Cuiab?
Turbine 11  Regards,
",Getting organized,"[수신자]에게,
다음과 같이 정기 회의 일정을 설정했습니다.
- [이름1] 및 [부서]와 매주 [요일1] 1시간 회의
- [이름2], [이름3], [이름4] 등과 매주 [요일2]와 [요일3] 30분 회의
- 또한 [부서]의 추가 인원도 참석할 예정입니다.

이 회의들은 주로 다수의 소규모 거래 처리를 위한 것으로,
목표는 프로세스를 정의하고 실제 공지, 종료, 단절, 청구 증명 등
구체적 실행 절차에 대한 교육 및 훈련을 진행하는 데 있습니다.
특히, [이름1]의 주도로 큰 진전을 이루고 있습니다.

[이름5], [이름6]는 이 업무를 위한 표준화된 데이터베이스를 개발 중이며, [이름7]는 시스템 연동 작업에 참여했습니다.
자세한 내용은 추후 공유드리겠습니다.

[이름1]와 논의한 초기 방향은, 채무자(대상)를 두세 개의 그룹으로 나누는 것이었습니다.
가장 작은 규모의 그룹이 표준 프로세스가 되며, 이외에 중간 규모, 대규모에 대한 별도의 프로세스가 필요할 것으로 보입니다.

모든 거래가 [보고서/시스템]에 포함되지는 않으며, 아래에는 주요 [고객/거래처] 및 [거래] 리스트를 참고용으로 남깁니다.
[고객/거래처1]
[고객/거래처2]
[고객/거래처3]
[고객/거래처4]
[고객/거래처5]
[프로젝트/설비 등]

감사합니다.
[발신자]"
"I will likely begin polling the Board tomorrow for availability for a special meeting to consider Project Southwood (again!).
Please advise if you are aware of any other agenda items that are critical in terms of timing.
Thanks.
Paula
",Board Meeting,"저는 내일 이사회에 [프로젝트]를 고려하기 위한 특별 회의에 참석할 수 있는지 여론 조사를 시작할 가능성이 큽니다.
시간 면에서 중요한 다른 의제 항목이 있는지 알려주세요.

감사합니다.
[발신자]"
"The following comprises the minutes of the PRC Committee Meeting of 11 October, and the template for PRC recommendations provided to the HR VPs for meetings with their OTCs.
Please don't hesitate to contact me should you have any questions or concerns.
Gina Corteselli
",Minutes of 11 October 2001 PRC Committee Meetingi,"다음은 [날짜] [회의명] 회의록과 [기업명] 부사장이 [기업명1]와의 회의를 위해 제공한 [프로젝트] 권장 사항 템플릿입니다.

궁금한 사항이나 우려 사항이 있으시면 언제든지 저에게 연락해 주십시오.

감사합니다.
[발신자]"
"I left a voice mail for David since he's out, but I have a suggestion on our reporting for this meeting (not that I'm reporting anymore...).
I wasn't included in the discussions on how this report started up again, so I may not have all the facts on why we're doing what we're doing.
- at a minimum, we should use the Commodity DPR instead of the Business Unit DPR - for example, he was unable to see the 850 Bcf 	NA Gas NOP, or the components thereof as the Business Unit DPR is used  - would it be worthwhile to do a report that shows a week on week comparision of NOP, M/G, and VaR, with a 5-day P/L, based on the 	Concentration Limit DPR?
It seems to me that is what he's looking for - what happened this past week, and why, not just what our  	current position is.
This type of report is also consistent with how Credit presents their information (week on week change).
Let me know if you agree, and maybe Veronica can have that ready for you next week.
Regards,
",Frevert's Market Risk Report,"[이름]가 부재 중이어서 음성 메시지를 남겼지만,
이번 [회의명]에 대한 [보고서] 작성과 관련하여 제안이 있습니다
(제가 더 이상 직접 보고서를 작성하지는 않지만...).

이 [보고서]가 어떻게 다시 시작되었는지에 대한 논의에는 참여하지 못해
현재 우리가 이 작업을 하는 이유에 대한 모든 배경을 정확히 알지는 못합니다.

최소한, [지표1] 대신 [지표2]를 사용해야 한다고 생각합니다. 기존에는 특정 데이터나 지표가 포함되지 않았습니다.
만약 [지표1]을 기준으로 [주요 항목1], [주요 항목2], [주요 항목3], [주요 항목4] 등 주요 항목의 주별 비교를 포함하는 [보고서]를 만든다면, 실제 필요로 하는 정보에 부합할 것이라 생각합니다.

[이름]가 찾고 있는 것은 지난주에 무슨 일이 있었는지, 왜 일어났는지, 현재 상황이 무엇인지에 대한 내용이 아니라 이런 식의 핵심 지표 주별 비교 자료일 것입니다.

이런 형태의 [보고서]는
[부서] 부서에서 주로 정보 변동을 제시하는 방식과도 일치합니다.
동의하신다면 알려주세요.
[이름1]가 다음 주에 이를 준비할 수 있을 것입니다.

감사합니다."
"If these look OK, let me know and I will print for your signature.
I have sent Murphy a copy of David Port's.
Let me know.
Thanks.
",Employment Agreements on Port and Gorte,"이게 괜찮아 보이면 알려주세요. 서명을 위해 인쇄해 드리겠습니다.
저는 [이름]에게 [이름1]의 사본을 보냈습니다.
알려주세요.

고맙습니다.
[발신자]"
"Tim/Mary/Naveen,  David Port and I are working with Accenture to benchmark and analyze our Liquidity and Collateral Management Process.
We have asked them to analyze the metrics currently utilized at Enron relative to our internal needs and relative to other leading companies.
During this process they may wish to meet with the two of you to gain a better understanding of the Treasury group's Liquidity management process.
Please advise if you have any questions before I give them the go ahead to contact you regarding this project.
Bill
",Liquidity Analysis,"[수신자]에게,

[이름]와 저는 [회사명]와 협력하여 유동성 및 담보 관리 프로세스를 벤치마킹하고 분석하고 있습니다.
우리는 그들에게 [기업명]에서 현재 사용하는 지표를 내부 요구 사항과 다른 선도 기업과 비교하여 분석해 달라고 요청했습니다.
이 과정에서 그들은 두 분을 만나 재무 그룹의 유동성 관리 프로세스를 더 잘 이해하고자 할 수 있습니다.

이 프로젝트와 관련하여 연락을 시작하기 전에 질문이 있으면 알려주십시오.

감사합니다.
[발신자]"
"We plan to hold a special meeting of the Enron Corp. Board of Directors next week.
We expect the meeting will last less than an hour.
Following are the proposed dates and times:  October 22nd	3:00 p.m. - 4:00 p.m. (CDT)	 October 23rd 	8:30 a.m. - 9:30 a.m. (CDT)	 October 23rd 	Noon - 1:00 p.m. (CDT)	  Please reserve the above on your calendars.
We will notify you of meeting date and time once it has been established.
",Special Board of Directors Meeting - Week of October 22nd,"[수신자]에게, 
우리는 다음 주에 [기업명] 이사회의 특별 회의를 개최할 계획입니다.
회의는 1시간 이내에 끝날 것으로 예상합니다.
다음은 제안된 날짜와 시간입니다.

- [날짜1] [시간]~[시간]
- [날짜2] [시간]~[시간]
- [날짜3] [시간]~[시간]

위의 일정을 일정에 예약해 주세요.
회의 날짜와 시간이 확정되면 알려드리겠습니다.

감사합니다.
[발신자]
[직책]
[회사명]"
"Rick,  One thought to absorb some of the budget would be to purchase Blackberry mobile devices for some of the RAC staff.
With many of the business units migrating to the new building, it is likely to be beneficial to have continuous e-mail access when Underwriters and others in the group are away from the floor.
The cost of the units, which seem to be the technology of choice, is about $300 apiece; monthly charges are about $30.
Please let me know your opinion.
Regards,
",Blackberry Mobile Devices,"안녕하세요, [수신자]님.

예산 일부를 흡수하기 위한 한 가지 생각은 [회사명] 직원 중 일부를 위해 블랙베리 모바일 기기를 구매하는 것입니다.
많은 사업부가 새 건물로 이전함에 따라, 보험사와 그룹의 다른 사람들이 현장에 없을 때에도 지속적으로 이메일을 사용할 수 있는 것이 유익할 가능성이 높습니다.

선택 기술인 듯 보이는 기기 비용은 각각 약 [금액]이고 월 사용료는 약 [금액]입니다.

의견을 알려주십시오.

감사합니다.
[발신자]"
"Please plan to attend the Quarterly Managing Director Meeting scheduled for Monday, October 22.
An agenda will be distributed at the meeting.
Meeting details are as follows:  Monday, October 22 8:30 - Noon Hyatt Regency Dogwood Room (located on the 3rd floor)  A video connection will be made from the London office.
Please call if you have any questions.
Joannie 3-1769
","Quarterly Managing Director Meeting - Monday, October 22","안녕하세요, [수신자]님

[날짜]에 예정된 분기별 전무이사 회의에 참석하시기 바랍니다.
회의에서 의제가 배포됩니다.
회의 세부 정보는 다음과 같습니다.
- [날짜] [시간]~[시간]
- [장소] [회의실]

[장소] 사무실에서 영상 연결이 이루어집니다.

질문이 있으면 전화해 주십시오.

감사합니다.
[발신자]"
"Been following the Enron story as everyone else.
I am sure that is another side to it.
Hope things are going OK for you.
Lets catch up when things calm down.
Regards,
",How are you?,"안녕하세요, [수신자]님.

다른 모든 사람들처럼 [기업명] 사건을 주시하고 있었습니다.
저는 그것이 다른 측면이라고 확신합니다.

당신에게 일이 잘되기를 바랍니다.
일이 진정되면 따라잡읍시다.

감사합니다.
[발신자]"
"I think ""gremlins"" got ahold of that last e-mail or else I need a long rest (this is true)!!
I do apologize.
I meant to offer the dates of Tuesday, January 22 beginning with the Management Committee meeting and extending to approx.
4:00 p.m.  OR  the date of Wednesday, January 23 - beginning morning or afternoon!!
Thanks.
",PLEASE DISREGARD THE PREVIOUS E-MAIL RE:  MC EXTENDED MEETING,"안녕하세요, [수신자]님.

[이름]이 마지막 이메일을 손에 넣었나 봐요. 아니면 긴 휴식이 필요할 것 같아요.
정말 사과드립니다.

[날짜] [시간] 경영위원회 회의로 시작해서 [시간]경까지 연장되는 날짜를 제안하려고 했었어요.
또는 [날짜] 오전이나 오후부터 시작하는 날짜를 제안하려고 했어요!!

감사합니다.
[발신자]"
"Hello to all,  In an effort to maintain correct data and effectively handle transitions,  please notify your appropriate HR Rep of any known future terminations that may happen within the next 60 - 90 days.
These terminations should include both Voluntary and Involuntary terms.
Please let me know if there are any questions.
Thank you,
",Future Terminations,"안녕하세요, 모든 분들께.

정확한 데이터를 유지하고 전환을 효과적으로 처리하기 위해 향후 60~90일 내에 발생할 수 있는 알려진 향후 해고에 대해 [부서] 담당자에게 알려주십시오.
이러한 해고에는 자발적 및 비자발적 조건이 모두 포함되어야 합니다.

질문이 있으면 알려주십시오.

감사합니다.
[발신자]"
"Please be advised that a copy of a Congressional Subpoena issued January 9, 2002, and accepted for you by Robert S. Bennett on January 11, 2002 is being hand delivered to your office.
In the event you are represent by counsel, please provide a copy of this Subpoena to your counsel.
Please be advised that responsive documents are due by February 1, 2002.
",Service of Congressional Subpoenas,"안녕하세요, [수신자]님.

[날짜]에 발행되어 [날짜]에 [이름]이 귀하를 대신하여 수락한 [문서명] 사본을 귀하의 사무실로 직접 전달합니다.
변호인이 귀하를 대리하는 경우, 이 [문서명] 사본을 귀하의 변호사에게 제공하십시오.

답변 문서는 [날짜]까지 제출해야 합니다.

감사합니다.
[발신자]"
"There will be an Enron Management Committee meeting in the boardroom on Monday, January 14, 2002 at 11:00 a.m.
Please let me know whether you plan to attend in person or via conference call.
Thanks.
","Enron Management Committee meeting, Monday, January 14, 2002","안녕하세요, [수신자]님.

[날짜] [시간]에 이사회 회의실에서 [회의명] 회의가 열립니다.
직접 참석하실지, 아니면 컨퍼런스 콜로 참석하실지 알려주시기 바랍니다.

감사합니다.
[발신자]"
"Just to give you a heads up, the Tom James of Houston office will be moving to a new location on February 1, 2002.
We have bought a building, and our beautiful new office will be located in the Brookhollow area, close to 610 and 290.
Our new information:
",Moving,"안녕하세요, [수신자]님.

알려드리자면, [이름] 사무실은 [날짜]에 새로운 위치로 이전합니다.
우리는 건물을 매입했고, 아름다운 새 사무실은 [주소]과 [주소1]에 가까운 지역에 위치할 것입니다.

새로운 정보: [직접 입력]

감사합니다.
[발신자]"
"J.C. asked me to send you the following note and attached letter:   Please note the attached letter to Bob Bennett from the U.S. Senate Permanent Subcommittee on Investigations.
We are told that the return date for the subpoena will be February 1st.
I will be calling each of you within the next few days to discuss this.
J.C.
This e-mail and any attached files may be confidential and subject to attorney/client privilege.
If you received it in error, please immediately notify the sender by return e-mail or by calling (713)654-7600.
",Senate Subpoenas,"안녕하세요, [수신자]님.

[이름]가 저에게 다음 메모와 첨부된 편지를 보내 달라고 했습니다.
[기관명]에서 [이름]에게 보낸 첨부된 편지를 참고해 주십시오.
소환장 반환 날짜가 [이름]이라고 들었습니다.
저는 며칠 안에 여러분 각자에게 전화하여 이에 대해 논의할 것입니다.

이 이메일과 첨부된 파일은 기밀일 수 있으며 변호사/고객의 특권이 적용됩니다.
오류로 받은 경우 즉시 발신자에게 회신 이메일로 알리거나 [전화번호]으로 전화해 주십시오.

감사합니다.
[발신자]"
"Respond by January 10, 2002 and no later than 4:00 p.m.  Enron Corp. is circulating this Questionnaire to directors, executive officers and key employees to develop and verify information that will be used in connection with the sale by the Company of its business of wholesale trading of natural gas and electricity with customers in North America.
In a nutshell, we need to disclose any transactions between you and Enron Corp., Enron North America Corp. or Enron Net Works relating to the trading business since September 30, 1999.
We expect to be in position to sign the purchase documents upon completion of the auction scheduled for Thursday, January 10, 2002.
Unfortunately, that means we need your responses to the questionnaire as soon as possible, and in no event later than 4:00 p.m. of January 10, 2002.
Regards,
","Sent on behalf of James Derrick, Jr.","안녕하세요, [수신자]님.

[날짜] [시간]까지 답변해 주십시오.
[회사명]는 고객과의 천연 가스 및 전기 도매 거래 사업을 매각하는 데 사용될 정보를 개발하고 확인하기 위해 이 설문지를 임원, 임원 및 주요 직원에게 배포하고 있습니다.
간단히 말해서, [보고서] 또는 [기업명] 간의 모든 거래를 공개해야 합니다.

[날짜]에 예정된 경매가 완료되면 매수 문서에 서명할 수 있을 것으로 예상합니다.

불행히도, 가능한 한 빨리 설문지에 대한 귀하의 답변이 필요하며, 어떠한 경우에도 [날짜] [시간] 이전에는 답변해 주셔야 합니다.

감사합니다.
[발신자]"
"This has got to be the last time.
Tomorrow morning a new team will arrive for due diligence purposes.
Tom Martin will be hosting this team  The Schedule outline is based on initial overview discussions/presentations  and then more detailed discussion can occur in individual groups the outline is as follows.
It may be better to split up earlier but I leave all those decisions to Tom   .
9:00		Introduction			John Lavorato & Louise Kitchen 9:30		Financial Overview		Wes Colwell 10:00		Risk Overview			Buy / Port 10:30		Credit				Bradford 11:00		Back Office			Beck/Hall	 11:30		Systems (EnronOnline)		Jay Webb	 12:00	            Mid/Back Office Systems	Jay Webb 12:45		Infrastructure			Jenny Rub / Bob  1:15		HR				Oxley  Afternoon	Dataroom and Trader discussions  Please make yourselves available.
Tammie - please check availability.
Thanks for your continued understanding.
",The Maple Leaves,"안녕하세요, [수신자]님.

이게 마지막이 될 겁니다.
내일 아침 새로운 팀이 실사 목적으로 도착할 겁니다.
[이름]이 이 팀을 호스팅할 겁니다. 일정 개요는 초기 개요 토론/프레젠테이션을 기반으로 하며, 이후 개별 그룹에서 더 자세한 토론이 이루어질 수 있습니다.
개요는 다음과 같습니다.
9:00 [직접 입력]
9:30 [직접 입력] 
10:00 [직접 입력]
10:30 [직접 입력] 
11:00 [직접 입력]
11:30 [직접 입력] 
12:00 [직접 입력]
12:45 [직접 입력] 
1:15 [직접 입력]
일찍 헤어지는 게 나을 수도 있지만, 저는 모든 결정을 [이름]에게 맡깁니다.
시간을 확인하시면 되겠습니다.

감사합니다.
[발신자]"
"We remain in the process of gathering information sought by various governm= ental agencies.
Please search your files and collect all records and documents covered by o= r relevant to the following requests:  (1)=09All records relating to any investigations/review of the allegations = raised by Sherron Watkins in her August memo to Ken Lay, including but not = limited to:  (A) =09=09The review conducted by V&E in relation to which you were intervi= ewed.
(B)=09=09Any review conducted by AA.
(C) =09Any relevant internal Enron review.
(2)=09All records from investment bankers or other financial advisors,  oth= er than AA,  regarding the structuring, financing or accounting relating to=  Enron's SPEs, subsidiaries, and/or partnerships including but not limited = to LJM1, LJM2, JEDI, CHEWCO, RAPTOR ENTITIES, OSPREY, BLUE DOG, and their s= ubsidiaries.
In the context of the above requests, ""records"" includes, whether in electr= onic or hard copy form, all and any emails or regular mail/memoranda you ma= y have sent or received, notes you may have made, documents (including draf= ts) on shared/hard drives, meeting notes or minutes or actual opinions/advi= ce from any of the above sources.
A full definition provided by the govern= ment is attached hereto.
If you discover any records/documents, or if you have any questions, please=  contact the RAP TEAM at responseteam@enron.com or ext.
x5-3723.
=20  We appreciate that you may have received what appear to be similar requests=  in relation to other governmental lines of inquiry but it is very importan= t that we respond, and are seen to respond, to each governmental request as=  specifically, fully and promptly as possible.
Thank you in advance for your continuing assistance in this matter.
Regards,
",TEAM 4 - HR ENERGY & COMMERCE SUBPOENA (1) (01/14/02) AND (2)  (12/10/01),"안녕하세요, [수신자]님.

우리는 다양한 정부 기관에서 요구하는 정보를 수집하는 과정에 있습니다.
귀하의 파일을 검색하고 다음 요청과 관련된 모든 기록 및 문서를 수집하십시오:

[이름]가 [이름1]에게 보낸 [월] 메모에서 제기한 주장에 대한 조사/검토와 관련된 모든 기록, 여기에는 다음이 포함되지만 이에 국한되지 않습니다.
(A) [직접 입력]
(B) [직접 입력]
(C) [직접 입력]

[회사명]가 아닌 투자 은행가 또는 기타 재무 고문의 [기업명]의 SPE, 자회사 및/또는 파트너십과 관련된 구조화, 자금 조달 또는 회계와 관련된 모든 기록, 여기에는 [직접 입력]가 포함되지만 이에 국한되지 않음

위 요청의 맥락에서 ""기록""에는 전자 또는 인쇄본 형태 여부에 관계없이 귀하가 보내거나 받았을 수 있는 모든 이메일 또는 일반 우편/메모, 귀하가 작성한 메모, 공유/하드 드라이브의 문서(초안 포함), 회의록 또는 의사록 또는 위 출처의 실제 의견/조언이 포함됩니다.

정부에서 제공한 전체 정의가 여기에 첨부되어 있습니다.
기록/문서를 발견하거나 질문이 있는 경우 [이메일 주소] 또는 내선 번호 [전화번호]으로 [부서]에 문의하십시오.

다른 정부 문의 라인과 관련해 비슷한 요청을 받았을 수도 있다는 점은 알고 있습니다. 하지만 각 정부의 요청에는 가능한 한 구체적이고, 완전하며, 신속하게 답변하고 대응하는 것이 매우 중요합니다.

이 문제에 대한 지속적인 도움에 미리 감사드립니다.

감사합니다.
[발신자]"
"As discussed in the Management Committee meeting this morning, Ken would like to have an extended meeting of the Committee on Friday, January 11 from 8:00 a.m. to approximately 2:00 p.m.
He is inviting Gary Hickerson, Dan Leff, Cindy Olson, Paula Rieker, Jeff Sherrick and Beth Tilney as observers.
We will provide a Continental breakfast and lunch.
Please let me know if you can attend.
Rosie
",Enron Management Committee Meeting,"오늘 [회의명] 회의에서 논의한 대로, [이름]은 [날짜] [시간]부터 [시간]경까지 위원회의 확장 회의를 갖고 싶어합니다.
그는 [이름1], [이름2], [이름3], [이름4], [이름5]를 관찰자로 초대합니다.

우리는 조식과 점심을 제공할 것입니다.
참석 가능하시면 알려주세요.

감사합니다.
[발신자]"
"Everyone,   J.C. asked me to send you the attached Notice that Judge Rosenthal entered on 12/21/01, and to remind you that this, like everything else in the case, is not a matter for public discussion.
If you have trouble opening the attachment (which is in Adobe format), please let me know and I will try something else.
Also, please do not hesitate to e-mail us or call if you have questions or comments.
Terri    This e-mail and any attached files may be confidential and subject to attorney/client privilege.
If you received it in error, please immediately notify the sender by return e-mail or by calling (713)654-7600.
","Judge Rosenthal's Notice of December 21, 2001","여러분,

[이름]가 판사님께서 [날짜]에 입력한 첨부 통지문을 보내 달라고 부탁했고, 이 사건의 다른 모든 것과 마찬가지로 이 문제도 공개 토론의 문제가 아니라는 점을 상기시켜 달라고 했습니다.

첨부 파일(Adobe 형식)을 여는 데 문제가 있으면 알려주세요. 다른 방법을 시도해 보겠습니다.
또한 질문이나 의견이 있으면 언제든지 이메일을 보내거나 전화해 주세요.

이 이메일과 첨부 파일은 기밀일 수 있으며 변호사/고객의 특권이 적용됩니다.
오류로 받은 경우 즉시 발신자에게 회신 이메일을 보내거나 [전화번호]으로 전화해 주세요.

감사합니다.
[발신자]"
"Please let me know as soon as possible if you can attend this meeting in person or if you want to call-in.
I will provide the call-in number.
Thanks.
","Enron Management Committee Meeting, Monday, January 7, 2002 @ 11:00  a.m.","안녕하세요, [수신자]님.

이 회의에 직접 참석할 수 있는지 또는 전화로 참석하고 싶은지 가능한 한 빨리 알려주세요.
전화 번호를 알려드리겠습니다.

감사합니다.
[발신자]"
"All,  Attached is a draft of a revised DASH template to better reflect some of the considerations required for asset divestitures in light of Enron's Chapter 11 status.
Please let me know if you have any comments; after any comments have been incorporated, we will plan to use this as the DASH template going forward.
Thanks and regards,
",Draft Revised DASH Template,"모두에게,

첨부된 자료는 [기업명]의 상황을 반영하여
자산 매각 시 고려해야 할 사항들을 보다 잘 담을 수 있도록
개정된 문서의 초안을 마련한 것입니다.

의견이나 제안이 있으시면 알려주시기 바랍니다.
모든 의견을 반영한 후, 앞으로 이 문서를 공식적으로 사용할 계획입니다.

감사합니다.
[발신자]"
"Will you please let me know your boss' availability for Friday, January 11 from approximately 8:00 a.m. to 2:00 p.m. for an off-site meeting or a meeting here in the Enron building.
As this is short notice, I would appreciate your response as soon as possible.
Many thanks!!
Rosie
",Enron Management Committee Off-site or Extended Meeting,"안녕하세요, [수신자]님.

[날짜] [시간]부터 [시간]까지 사장이 외부 회의나 [장소]에서의 회의에 참석할 수 있는지 알려주시겠어요?
이건 짧은 통보이니 최대한 빨리 회신해 주시면 감사하겠습니다.

정말 고맙습니다!!
[발신자]"
"Rick -   As we discussed, I have an outstanding tax liability with the Australian government, and I need your help in this matter.
Working for Enron Ex-Pat Services, I incurred additional tax liabilities which Enron was to pay on my behalf.
In simple terms, Enron agreed to make up the difference between my U.S. income tax liability and that charged by Australia.
My full U.S. tax liability was withheld from my paychecks and Enron was to make up the difference between this and the 48% charged by the Australian government.
As of today, the incremental tax liability has not been addressed by Enron, and I need to resolve this issue immediately.
It appears that the easiest solution is for Enron Corp. to wire Enron Australia the estimated tax liability, with Enron Australia passing the money to the Australian tax authority.
I will have the final estimate from PWC first thing Monday morning, but it has been indicated that the liability in total will be less than $50,000 U.S..
I appreciate any help you can provide in getting this matter resolved.
I will provide you the specific estimates Monday morning, and in the interim, if there is anything else you need from me, I am at your disposal.
Thanks -
",Australian Tax Liability,"안녕하세요, [수신자]님.

논의했듯이 저는 [국가명] 정부에 미납 세무 채무가 있고, 이 문제에 대해 당신의 도움이 필요합니다.
제가 [기업명]에서 일하면서, [기업명]이 저를 대신하여 지불해야 할 추가 세무 채무가 생겼습니다.
간단히 말해서, [기업명]은 제 [국가명] 소득세 채무와 [국가명]에서 부과한 세무 채무의 차이를 메우는 데 동의했습니다.

저의 전체 [국가명] 세무 채무는 급여에서 원천징수되었고, [기업명]은 이 세무 채무와 [국가명] 정부가 부과한 [직접 입력]%의 차이를 메워야 했습니다.
오늘까지 [기업명]은 증가 세무 채무를 처리하지 않았고, 저는 이 문제를 즉시 해결해야 합니다.

가장 쉬운 해결책은 [기업명]가 [기업명1]에 추정 세무 채무를 송금하고, [기업명1]가 그 돈을 [국가명] 세무 당국에 전달하는 것 같습니다.
월요일 아침 일찍 [회사명]에서 최종 추정치를 받을 예정이지만, 총 채무가 [직접 입력]달러 미만일 것으로 나타났습니다.
이를 얻기 위해 도움을 주시면 감사하겠습니다. 문제가 해결되었습니다.

월요일 아침에 구체적인 견적을 제공해 드리겠습니다. 그 사이에 다른 것이 필요하시면 언제든지 연락해 주십시오.

감사합니다.
[발신자]"
"Attached is The New Power Company's Notice of Final Settlement amount pursuant to the Master Netting Agreement.
We have also sent hard copies of these materials via Federal Express overnight delivery for receipt on Thursday, January 3, 2002.
(See attached file: Notice of Final Settlement Amount.doc)(See attached file: Final Settlement Sheet.xls)  Supporting documentation:  (See attached file: TAB1_EPMI_Power.xls)(See attached file: TAB2_EES_Power.xls)(See attached file: TAB3_EES_Gas.xls)(See attached file: TAB4_ENA_Gas.xls)(See attached file: TAB5_ENA_ISDA.xls)(See attached file: TAB6_EPMI_ISDA.xls)(See attached file: TAB7_EES_ISDA.xls)(See attached file: Tab 8.xls)(See attached file: Tab 9.xls)(See attached file: Tab 10.xls)
",Final Settlement Statement,"[수신자]님,
첨부된 것은 [프로젝트] 계약에 따른 [기업명]의 최종 합의 금액 통지입니다.
또한 [날짜]에 수령할 수 있도록 [택배사] 익일 배송을 통해 이 자료의 인쇄본을 보냈습니다.
(첨부 파일 참조: [자료명], [자료명1])

지원 문서: (첨부 파일 참조: [자료명2], [자료명3], [자료명4], [자료명5], [자료명6])

감사합니다.
[발신자]"
"The Post Petition Meeting which took place every Tuesday and Thursday at 9:00 am is being cancelled.
We are currently organizing an Enron Wholesale Meeting and will communicate once finalized.
Issues that were addressed at the post petition meeting will be handled at either the Management Committee Meeting or the new Wholesale Meeting.
Thank you.
",Canceling Post Petition Meeting,"매주 [요일] [시간]에 열리는 청원 후 회의는 취소됩니다.
현재 [프로젝트] 회의를 구성 중이며, 완료되면 연락드리겠습니다.
청원 후 회의에서 다루어진 문제는 경영 위원회 회의 또는 새로운 [프로젝트] 회의에서 처리됩니다.

감사합니다.
[발신자]"
"I would like to request carryover of 7 vacation days from 2001 to 2002.
This reflects usage of only 8 vacation days in 2001.
Best regards,
",Vacation Carryover from 2001 to 2002,"안녕하세요, [수신자]님.

올해의 휴가 중 7일을 내년으로 이월해 달라고 요청하고 싶습니다.
이것은 올해에 8일의 휴가만 사용한 것을 반영합니다.

감사합니다.
[발신자]"
"Rick,      As discussed earlier, most of the Research group does not want to come along.
Given that, here are some names of people who are capable, and who may be more willing to stay on board.
I have put folks with a valuation focus, who could help out on deal revaluations, etc.
Naveen  Members for Estate  Alex Huang (valuation)  Jaesoo Lew  (risk for estate) Paolo Issler (valuation) Robert Lee (valuation) Nelson Neale Tom Barkley (valuation)  Currently Laid-off  Stig Faltinsen (UK) Kirstee Hewitt (UK)
",Research Members,"안녕하세요, [수신자]님.

앞서 논의했듯이, 연구 그룹의 대부분은 참여하고 싶어하지 않습니다.
그렇기 때문에, 유능하고 계속 참여할 의향이 있는 사람들의 이름을 몇 가지 소개해드릴게요.
저는 거래 재평가 등에 도움을 줄 수 있는 평가에 초점을 맞춘 사람들을 배치했습니다.

평가: [이름1], [이름2], [이름3], [이름4]
부동산 위험: [이름5]

현재 퇴사한 인물도 알려드리겠습니다.
퇴사자: [이름6], [이름7]

감사합니다.
[발신자]"
"J.C. asked me to send the following:  We are sending you by messenger today a subpoena that we received last night asking that you produce documents and appear to give testimony before the SEC.
IGNORE THE DATES INDICATED IN THE SUBPOENA.
We will negotiate significant and reasonable restrictions on the documents produced and different deadlines and appearance dates.
These negotiations will likely result in new such dates from mid- to late-January.
To the extent you have not already done so, please segregate and assemble any documents that you might have, even for the broadest request.
I will be in touch with more details.
Please do not be overly alarmed.
This subpoena issued to nineteen others merely indicates that the SEC believes that you have material information relative to its investigation.
It does not mean that you are a target of that investigation.
J.C. Nickens    This e-mail and any attached files may be confidential and subject to attorney/client privilege.
If you received it in error, please immediately notify the sender by return e-mail or by calling (713)654-7600.
",SEC Subpoena,"[수신자]님께

[이름]가 저에게 다음을 보내라고 했습니다. 오늘 메신저로 소환장을 보내서 어젯밤에 받은 소환장을 제출하고 [장소]에 증언하러 오라고 요청합니다.
소환장에 표시된 날짜는 무시하세요.
제출된 문서에 대한 상당하고 합리적인 제한과 다른 마감일 및 출석 날짜를 협상할 것입니다.
이 협상의 결과로 [날짜] 중순에서 하순 사이에 새로운 날짜가 생길 가능성이 큽니다.

아직 하지 않았다면 가장 광범위한 요청일지라도 가지고 있는 모든 문서를 분리하고 조립하세요.
자세한 내용은 나중에 알려드리겠습니다.
너무 걱정하지 마세요.

다른 19명에게 발급된 이 소환장은 [부서]가 조사와 관련하여 중요한 정보를 가지고 있다고 생각한다는 것을 나타낼 뿐입니다.
그렇다고 해서 조사 대상이 된다는 것은 아닙니다.

[이름]이 이메일과 첨부 파일은 기밀일 수 있으며 변호사/고객 특권의 적용을 받습니다.
오류로 받은 경우 즉시 발신자에게 답신으로 알려주십시오. 이메일 또는 전화 [전화번호]으로 연락하세요.

감사합니다.
[발신자]"
"Paul Flack asked me to ask each of you if you have received any materials relating to lawsuits about which you have not yet informed us.
Paul's question arises from our learning about a motion that was filed in federal court in Texarkana in a case styled Davis, et al.
v. Enron, et al., in which you were named as defendants, and about which we have received no prior notice.
Thank you for your assistance.
","""New"" Lawsuits","안녕하세요, [수신자]님.

[이름]이 저에게 여러분 각자에게 아직 우리에게 알리지 않은 소송과 관련된 자료를 받았는지 물어보라고 했습니다.
[이름]의 질문은 [법원명]에 [이름1] 그 외와 [기업명] 그 외라는 이름의 소송에서 제기된 동의안에 대해 알게 된 데서 비롯되었습니다. 이 소송에서 여러분은 피고로 지명되었고, 우리는 이에 대해 사전 통지를 받지 못했습니다.

도움을 주셔서 감사합니다.
[발신자]"
"The Post Petition Lead Meeting will occur every Tuesday and Thursday through the end of December (excluding 12/25).
Please note, going forward, all meetings will take place in EB49c1.
The agenda for Tuesday, December 18 will be proposed retention plan.
Please call me only if you are unable to attend.
Many thanks, Lucy
",Meeting Reminder,"안녕하세요, [수신자]님.

[회의명] 회의는 [날짜] 말까지 매주 [요일]에 열립니다(12/25 제외).
앞으로 모든 회의는 [회의실]에서 진행됩니다.
[날짜] 일정은 제안된 유지 계획입니다.

참석이 불가능할 경우에만 전화해 주세요.

감사합니다.
[발신자]"
"Announcement  Kevin Garland has joined the Sterling Group as a Principal.
Kevin spent the last 7 years at Enron, where he most recently was Managing Director in charge of Enron's private equity business.
Since its founding in 1982, Sterling has focused on making equity investments in LBO transactions and other acquisition-related financings, primarily in industrial operating businesses.
Sterling has sponsored the buyouts of 26 companies and 20 add-on acquisitions for a total transaction value of $6.0 billion.
Kevin joins the other Principals of Sterling:  Frank Hevrdejs, William Oehmig, Hunter Nelson, and John Hawkins, who have a combined 50 years at the firm.
Contact Information:
",Kevin Garland Joins The Sterling Group,"안녕하세요, [수신자]님.

공지: [이름]가 [기업명]에 합류했습니다.
[이름]은 지난 7년 동안 [기업명1]에서 근무했으며, 가장 최근에는 [기업명1]의 사모펀드 사업을 담당하는 전무 이사로 재직했습니다.

[기업명]은 설립 이래 주로 산업 운영 사업에 대한 LBO 거래 및 기타 인수 관련 자금 조달에 대한 주식 투자에 집중해 왔습니다.
[기업명]은 26개 회사의 매수와 20건의 추가 인수를 후원하여 총 거래 가치가 60억 달러에 달했습니다.

[이름]은 [기업명]의 다른 임원인 [이름1], [이름2], [이름3], [이름4]에 합류했으며, 이들은 회사에서 통산 50년을 근무했습니다.

연락처 정보: [전화번호]

감사합니다.
[발신자]"
"Tim, I have just recieved my pay stub for the period ending 11/30/01.
For the first time, it shows an incredibly disturbing number related to imputed income.
Total Earnings = $352,171 Total Earnings plus Imputed = $1,338, 394.08  Taxes withheld = $19,895.
I do not have any clue as what this imputed income is or why it may be attributed to me.
However,  as I understand it, I am liable for the taxes to the IRS even though I received no benefit.
From our last conversation, I was told that $57k was sent to IRS to settle this amount and ?86k for uK liabilities.
My calculation of the liability is much higher - somewhere in the neighborhood of 40% x 1,338,395 or $535,358.
Please give me a full accounting of the taxable liabilities incurred by Enron on my behalf for the tax year 2001 for both the us and uk and the tax payments made.
I would appreciate that this could be done in the next 24 hours as it is causing immense stress.
I also spoke to PWC in the UK 2 minutes ago who told me that they were not doing any work for Enron at the moment.
Ted
",Personal Tax Liabilities,"안녕하세요, [수신자]님.

방금 [날짜]로 끝나는 기간에 대한 급여 명세서를 받았습니다.
처음으로, 추정 소득과 관련된 믿을 수 없을 정도로 불안한 숫자가 표시됩니다.
총 소득 = [직접 입력]
원천징수 세금 = [직접 입력]

이 추정 소득이 무엇인지 또는 왜 저에게 귀속되는지 전혀 알 수 없습니다.
하지만 제가 알기로, 아무런 혜택을 받지 않았음에도 불구하고 [국가명]의 세무 당국에 세금을 내야 합니다. 마지막 대화에서 이 금액을 정산하기 위해 [국가명] 세무 당국에 $[직접 입력]를 보냈고, [다른 국가명] 부채로 [직접 입력]를 보냈다고 들었습니다. 제가 부채를 계산해봤을 때는 훨씬 높아요.

[국가명]과 [다른 국가명] 모두 [연도] 세무 연도에 대한 [기업명]의 책임과 납부된 세금에 대한 전체 회계를 알려주실 수 있나요?
엄청난 스트레스를 주고 있기 때문에 오늘 안에 이 일을 처리해 주시면 감사하겠습니다.

또한 2분 전에 [다른 국가명]의 [회계법인명]와 통화했는데, 그들은 지금은 [기업명]을 위해 어떤 일도 하지 않는다고 말했습니다.

감사합니다.
[발신자]"
"I will be out of the office from December 14th until next year.
In my absence, your New HR Rep will be Frank DeJesus at Ext 53662 and Sonja Galloway, Ext 35796, will assist him.
Please feel free to call either of them with any questions you may have.
Thanks and Happy Holidays to all of you.
Sheila Walton
",New HR Rep,"안녕하세요, [수신자]님.

저는 [날짜]부터 내년까지 사무실을 비울 것입니다.
제가 없는 동안 새로운 [부서] 담당자는 [이름](내선 [전화번호])이고 [이름](내선 [전화번호])가 그를 도울 것입니다.

궁금한 사항이 있으면 언제든지 두 분에게 전화해 주십시오.

감사합니다. 여러분 모두에게 행복한 휴일 보내세요.

[발신자]"
"Reminder   	Please have your Corporate Governance material to me by 2:00 p.m. this afternoon in order to put together in booklet form and deliver to each team member 	this same afternoon.
A hard copy would be much appreciated, but if need be please send via email.
Thank you in advance.
",Corporate Governance,"알림, 오늘 [시간]까지 기업 지배 구조 자료를 제게 보내주세요.
소책자 형태로 정리하여 같은 오후에 각 팀원에게 전달해 주세요.

인쇄본을 보내주시면 감사하겠지만, 필요하면 이메일로 보내주세요.

미리 감사드립니다.
[발신자]"
"Attached is the Agenda for the Enron Corp. Board of Directors Meeting.
Please advise if you have additional agenda items or changes before 10:00 a.m. Friday, December 14, 2001.
Thank you.
","BOARD AGENDA FOR DECEMBER 20, 2001 BOARD MEETING","첨부된 것은 [기업명] 이사회 회의 일정입니다.
추가 일정 항목이나 변경 사항이 있는 경우 [날짜] [시간] 전에 알려주시기 바랍니다.

감사합니다.
[발신자]"
"Attached is the draft presentation of the internal controls component of the audit.
We are only planning on including the first 4 of 8 pages.
The last 4 pages were built anticipating Andersen being involved and are included here for reference only.
Page 4 is the RAC component.
Thanks,
",Internal Controls presentation,"첨부된 것은 감사의 내부 통제 구성 요소에 대한 초안 프레젠테이션입니다.
우리는 8페이지 중 처음 4페이지만 포함할 계획입니다.
마지막 4페이지는 [이름]이 참여할 것으로 예상하여 작성되었으며 참조용으로만 여기에 포함되었습니다.
4페이지는 RAC 구성 요소입니다.

감사합니다.
[발신자]"
"As we move forward in the planning stages for NETCO we need to identify all systems which need to be moved or copied into the entity.
We have identified the great majority of the systems to be moved but we may not be able to identify particular tools used by your group or you individually.
This would include spreadsheets etc.
Please send lists of systems and software required to Anne Koehler by close of business today.
To be clear we can (subject to the negotiation) move/copy systems and some data however, we CANNOT move either transaction data if counterparty specific or data obtained from a counterparty under a confidentiality agreement.
For Houston traders, Geof Storey is compiling your lists.
Thanks
",NETCO,"안녕하세요, [수신자]님.

[프로젝트]를 진행함에 따라,
우리는 이관 또는 복사해야 할 모든 시스템을 파악해야 합니다.

대부분의 주요 시스템은 이미 확인했으나,
귀하의 [부서]가 사용하는 특정 자료가 누락될 수 있습니다.
여기에는 스프레드시트 등 기타 파일도 포함됩니다.

따라서 오늘 [시간]까지
필요한 시스템과 소프트웨어 목록을 [이름]에게 제출해 주시기 바랍니다.
명확히 말씀드리면, 협의에 따라 시스템과 일부 데이터는 이관 또는 복사가 가능하지만, 상대방이 별도로 지정했거나, 기밀 유지 계약에 따라 제공된 데이터는 옮길 수 없습니다.

[부서]의 경우, [이름1]가 관련 목록을 정리하고 있습니다.

감사합니다.
[발신자]"
"Bob Bennett, the Skadden Arps lawyer who has been retained by the Company to represent it in the Congressional Committees' investigations, will be here next Thursday and Friday, December 20-21, to meet with you about the interviews the staff attorney for the House Energy and Commerce has requested with you.
I will let you know the time and place.
Please call me with any questions.
",Congressional Committees' Investigations,"안녕하세요, [수신자]님.

의회 위원회 조사에서 회사를 대신하기 위해 회사에서 고용한 변호사인 [이름]이 다음 주 [날짜]에 여기 와서 하원 에너지 및 상무부 직원 변호사가 요청한 인터뷰에 대해 여러분을 만날 것입니다.
시간과 장소를 알려드리겠습니다.

질문이 있으면 전화해 주세요.

감사합니다.
[발신자]"
"All,  Jim requested I get everyone a copy of the bankruptcy document he referred to in Tuesday's meeting.
Can you please confirm your current location so that I can send you a copy or if you prefer to have a copy picked up, my location is EB4522.
Many thanks, Lucy
",Bankruptcy Document,"안녕하세요, [수신자]님.

[이름]이 [요일] 회의에서 언급한 파산 문서 사본을 모두에게 한 부씩 가져다 달라고 부탁했습니다.
현재 위치를 확인해 주시면 사본을 보내드리거나 직접 찾아가서 받아가길 원하시면 제 위치는 [회의실]입니다.

고맙습니다.
[발신자]"
"Holly:  The instructions for access to ECN 2886 provided by Sharon Sullo should remain in effect and Sharon and myself are now the authorized approvers of access authority.
These changes were authorized by Rick Buy, Chief Risk Officer.
Please call me if you have questions.
Regards!
Rick Carson
",Security for ECN 2886,"안녕하세요, [수신자]님.

[이름]가 제공한 [자료명] 접근 지침은 유효해야 하며, [이름]과 저는 이제 접근 권한의 승인자가 되었습니다.
이러한 변경 사항은 최고 위험 책임자인 [이름1]가 승인했습니다.

질문이 있으면 저에게 전화해 주세요.

감사합니다!
[발신자]"
"Agenda Meeting of the Board of Directors Enron Corp. 5:00 p.m., C.S.T., December 11, 2001	   1.	Review of Bankruptcy-Related Matters - Messrs. Lay and McMahon  2.
Update on Sale of Wholesale Trading Operations - Messrs. McMahon and Whalley  3.
Consideration of Employee Retention Proposal - Ms. Joyce  4.
Other Business  5.
Adjournment
","Board Meeting Today @ 5:00 p.m., C.S.T.","안녕하세요, [수신자]님.

[회의명] 회의 일정은 다음과 같습니다.
- [날짜], [시간]
- 장소: [회의실]

회의 내용:
- [주제1] - [이름]와 [이름1] 씨
- [주제2] - [이름2]과 [이름3] 씨
- [주제3] - [이름4] 씨
- [주제4]

감사합니다.
[발신자]"
"Attached please find information which has been sent to active and inactive deferral plan participants regarding the status of their deferred compensation accounts.
The information consists of a letter which provides details of account balance(s) by plan, life-to-date contributions under most plans, general Q&A's regarding top hat non-qualified deferral plans, the process for preserving a claim with the bankruptcy court and a sample claim form.
We have received many calls and think that this will answer most questions.
Any additional questions regarding deferrals may be forwarded to executive.compensation@enron.com, voice mail 713-345-7960, or to P. O.
Box 1188 in care of the Deferral Plan Administration group for a written response.
We will continue to work with Weil, Gotshal, and Manges LLP to exhaust any reasonable effort as it relates to making payments to the participants of Enron's deferral plans.
If you have questions, please call me at x35816.
Pam Butler
",Communication of Deferral Plan Status for Active and Inactive  Employees,"안녕하세요, [수신자]님.

첨부된 정보는 활성 및 비활성 연기 계획 참여자에게 연기 보상 계정 상태에 관해 전송된 것입니다.
이 정보는 계획별 계정 잔액, 대부분 계획에 따른 현재 기여금, 최고 모자 비자격 연기 계획에 대한 일반적인 Q&A, 파산 법원에 청구를 보존하는 절차 및 샘플 청구 양식으로 구성되어 있습니다.
많은 전화를 받았으며 이것이 대부분의 질문에 대한 답이 될 것이라고 생각합니다.

연기에 대한 추가 질문은 [이메일 주소], 음성 메일 [전화번호] 또는 서면 답변을 위해 연기 계획 관리 그룹의 [장소]로 전달해 주십시오.
우리는 [기업명1], [기업명2], [기업명3]와 협력하여 [기업명] 연기 계획 참여자에게 지불하는 것과 관련하여 합리적인 노력을 다할 것입니다.

질문이 있으면 다음 주소로 전화해 주십시오. [전화번호]

감사합니다.
[발신자]"
"We are scheduling an Enron Corp. Board of Directors meeting for tomorrow.
Time to be advised as soon as possible.
Please advise of any agenda items that need to be addressed by the end of the day.
Thank you.
",Agenda Items for Tomorrow's Board of Directors Meeting,"안녕하세요, [수신자]님.

우리는 내일 [회의] 회의를 예약하고 있습니다.
가능한 한 빨리 알려드리겠습니다.
오늘 하루가 끝나기 전에 처리해야 할 의제 항목이 있으면 알려주십시오.

감사합니다.
[발신자]"
"We now have a structure in place dealing with Enron Americas estate and ensuring that we best maximize all of our contractual and asset positions.
This team will be headed by Don Miller going forward please help him and the team as this is our highest priority.
Some areas of this organization remain blank and will be completed by Don and the head of the appropriate business unit.
There are some areas which will also be dual tasking for a period.
Louise
",New Organisation for maximising ENA positions,"안녕하세요, [수신자]님.

우리는 이제 [기업명]의 재산을 처리하고 모든 계약 및 자산 포지션을 최대한 극대화할 수 있는 구조를 갖추었습니다.
이 팀은 앞으로 [이름]가 이끌게 될 것입니다. 이것이 우리의 최우선 순위이므로 그와 팀을 도와주세요.

이 조직의 일부 영역은 비어 있고 [이름]과 해당 사업부 책임자가 채울 것입니다.
일부 영역은 일정 기간 동안 이중 작업을 하게 될 것입니다.

감사합니다.
[발신자]"
"Everyone,   Paul Flack called from the courthouse at 3:40.
The Judge had taken a break, and they were to reconvene in a few minutes.
Paul said it was going well, but would likely last for some time longer.
Apparently there are around 50 lawyers in the court room.
I will send you an email as soon as the hearing is concluded, or, if I receive another update from the courthouse, I will pass that along as well.
In the meantime, please don't hesitate to call me if you need to.
",1 p.m. Hearing,"안녕하세요, [수신자]님.

여러분, [이름]이 [시간]에 법원에서 전화했습니다.
지금은 중간 휴식 시간이고, 10분 휴식 후에 다시 재판이 시작될 거라고 했습니다. [이름]은 잘 진행되고 있지만, 아마 좀 더 오래 재판이 진행될 것이라고 말했습니다.
법정에 변호사가 [숫자]명 정도 있는 것 같습니다.

심리가 끝나자마자 이메일을 보내드리겠습니다. 아니면 법원에서 다른 업데이트가 있으면 그것도 전달하겠습니다.
그동안 필요하면 주저하지 말고 전화주세요.

감사합니다.
[발신자]"
"IF YOU ARE A DIRECTOR OR OFFICER OF A NON-US CORPORATION WITHIN THE ENRON GROUP, PLEASE NOTE THE FOLLOWING:    As you are aware, Enron Corp. and some of Enron's subsidiaries have voluntarily filed for Chapter 11 earlier this week.
We are in the process of evaluating the effect of the filing on the company in which you serve as a director or officer.
It is possible that the filing may trigger default or cross default provisions under contracts and other instruments to which your company is a party or otherwise subordinated.
With that respect, we request that you DO NOT TAKE ANY STEPS TO FILE FOR ANY LOCAL INSOLVENCY PROCEDURE UNTIL YOU HAVE NOTIFIED THE ENRON IN-HOUSE ATTORNEY WITH WHOM YOU NORMALLY WORK AND ALSO HAVE SPOKEN TO CHRIS MALLON (christopher.mallon@weil.com) OR MARGARITA COALE (margarita.coale@weil.com)OR RAM BURSHTINE (ram.burshtine@weil.com) AT WEIL, GOTSHAL & MANGES LLP,PHONE NUMBER: +713 546 5000).
**********NOTE********** The information contained in this email message is intended only for use of the individual or entity named above.
If the reader of this message is not the intended recipient, or the employee or agent responsible to deliver it to the intended recipient, you are hereby notified that any dissemination, distribution or copying of this communication is strictly prohibited.
If you have received this communication in error, please immediately notify us by telephone (212-310-8000), and destroy the original message.
Thank you.
",Foreign Insolvency Procedures,"[회사명] 내 임원이신 경우 다음 사항을 참고해 주시기 바랍니다.
알고 계신 대로, 최근 [회사명]과 일부 자회사는 자발적으로 법적 절차를 신청하였습니다.
현재 귀하께서 임원으로 재직 중인 [회사명]에 이번 신청이 미치는 영향을 평가 중입니다.

이 신청으로 인해 귀사가 당사자이거나 연관된 계약 및 기타 문서상
불이행 또는 교차 불이행 조항이 발생할 수 있습니다.
이와 관련하여, 평소에 함께 일하시는 [부서]에게 우선 통지하시고,
별도 안내 또는 로펌의 지정 담당자와 직접 통화하기 전까지는
현지 파산 절차 신청 등 어떠한 법적 조치도 취하지 마시기 바랍니다.
(연락처: [변호사1] [이메일], [변호사2] [이메일], [변호사3] [이메일], [전화번호])

[참고]
이 이메일에 포함된 정보는 지정된 수신자만을 위한 것입니다.
수신자가 아니거나 전달 담당자가 아니라면, 본 이메일의 배포, 전달, 복사는 엄격히 금지됩니다.
만약 이 메시지를 실수로 받으셨다면, 즉시 [전화번호]로 알려주시고 원본을 삭제해 주시기 바랍니다.

감사합니다.
[발신자]"
"We will send an e-mail immediately after the hearing this afternoon to let each of you know what occurred.
After you receive the e-mail, please feel free to call us if you have any questions.
We believe this will be the most efficient way to get the information to you as quickly as possible.
",Today's hearing,"안녕하세요, [수신자]님.

오늘 오후 상담이 끝난 직후에 이메일을 보내서 각자에게 무슨 일이 일어났는지 알려드리겠습니다.
이메일을 받으신 후, 질문이 있으시면 언제든지 전화해 주시기 바랍니다.

이것이 가능한 한 빨리 정보를 전달해 드리는 가장 효율적인 방법이라고 생각합니다.

감사합니다.
[발신자]"
"Due to recent organizational changes, desktop support for managing directors has been streamlined.
The attached document describe the revised services offered.
We appreciate your cooperation in advance.
LaMetrice Dopson Global Infrastructure - Senior Director Enron NetWorks
",Desktop Support for Managing Directors,"안녕하세요, [수신자]님.

최근 조직 변경으로 인해 전무이사를 위한 데스크톱 지원이 간소화되었습니다.
첨부된 문서에는 제공되는 개정된 서비스가 설명되어 있습니다.

미리 협조해 주셔서 감사합니다.

[발신자]"
"We just got notice of new cash control procedures.
Each Thursday, RAC will have to submit to Corp. Accounting a list of payees and amounts that need to be paid for the following two weeks.
All cash expenditures (excluding payroll & benefits) such as fax machine rental, expense accts, cell phones, office supplies, etc will need to be submitted regardless of amount.
Sharon Sullo and I will coordinate for RAC.
We are going to build a spreadsheet with all of the recurring items and establish a reporting system for non-recurring items going forward.
All of the requests for RAC will be aggregated and submitted to Rick Buy for approval before sending to Corp.  Our first report is due by 5:00 PM today.
Your assistance is appreciated.
Rick C.
",Cash Control Procedures,"안녕하세요, [수신자]님.

방금 새로운 현금 관리 절차에 대한 안내를 받았습니다.

매주 [요일]마다 [부서]은 향후 2주 동안 지급해야 할 수취인과 금액의 목록을 [부서]에 제출해야 합니다.

팩스 기기 임대, 경비 계정, 휴대전화, 사무용품 등 모든 현금 지출 항목(급여 및 복리후생 제외)은 금액과 상관없이 반드시 제출해야 합니다.

[이름1]와 저는 [부서]을 위해 협력할 예정입니다.
우리는 모든 [직접 입력]을 포함하는 스프레드시트를 작성하고,
추후 비반복 항목에 대한 보고 시스템도 구축할 계획입니다.

[부서]의 모든 요청은 [부서] 제출 전 [이름1]의 승인을 받아 집계·제출됩니다.
첫 보고는 오늘 [시간]까지 제출해야 합니다.

도움에 감사드립니다.
[발신자]"
"As you are aware, we are in the process of rescheduling the Enron Corp. Board of Directors meeting.
Due to the proximity of the Holidays we will hold committee meetings and Board meeting on the same day.
Therefore, please let us know today the minimum amount of time you would need for your respective committee meetings.
Please be aware that some of our Directors will be joining the meeting via teleconference and we will therefore need to do all mail outs at least one week in advance.
As soon as we have a firm date for the Board meeting, we will advise you.
Thank you.
",Board Meeting Update,"안녕하세요, [수신자]님.

아시다시피, 우리는 [기업명] 이사회 회의 일정을 재조정하는 과정에 있습니다.
휴일이 가까워서 위원회 회의와 이사회 회의를 같은 날에 열 것입니다.
따라서 오늘 각 위원회 회의에 필요한 최소 시간을 알려주십시오.

일부 이사가 텔레컨퍼런스를 통해 회의에 참석할 것이므로 모든 우편물을 최소 1주일 전에 발송해야 합니다.
이사회 회의 일정이 확정되는 대로 알려드리겠습니다.

감사합니다.
[발신자]"
"Dear Rick,   Thanks for speaking with me today.
Here is the position description for the KWI President of the Americas Opportunity.
I feel that this is a tremendous  opportunity to be an integral player with a very exciting relatively early stage Applications Software company, in the very exciting and hot Energy Commodities Sector; They are already profitable, pre-IPO.
This position has a great compensation package.
Please get back to me if you have an interest or if you know someone who might be intrigued by this opportunity.
Thanks,
",KWI President of the Americas Opportunity,"친애하는 [수신자]님,

오늘 저와 통화해 주셔서 감사합니다.
다음은 [회사명]의 사장 직책 설명입니다.
저는 이것이 매우 흥미진진하고 인기 있는 [분야] 부문에서 매우 흥미로운 비교적 초기 단계의 애플리케이션 소프트웨어 회사에서 필수적인 플레이어가 될 수 있는 엄청난 기회라고 생각합니다. 그들은 이미 수익성이 있고, IPO 전에도 그렇습니다.

이 직책은 훌륭한 보상 패키지를 제공합니다.
관심이 있거나 이 기회에 흥미를 가질 만한 사람을 알고 있다면 저에게 다시 연락해 주십시오.

감사합니다.
[발신자]"
"Paula and Rex - I have mentioned this several times in the past several weeks, but have not received an answer.
Isn't it time to significantly adjust our 16b list?
There is clearly a new management team making the key decisions, and with all of the frequent Board meetings, it should be easy to do.
Thanks.
MEK
",16b,"안녕하세요, [수신자]님.

저는 지난 몇 주 동안 이 문제를 여러 번 언급했지만 답변을 받지 못했습니다.
16b 목록을 크게 조정할 때가 아닐까요?
새로운 경영진이 주요 결정을 내리고 있으며, 이사회 회의가 잦아 쉽게 할 수 있을 것입니다.

감사합니다.
[발신자]"
"Dear Rick,  I quickly wanted to send you my new contact information as well as ask you about my Cash Balance Plan.
My fifth anniversary with Enron is coming up this Sunday, December 9.
The Cash Balance Plan vests after five years and I want to make sure that HR's comments to me regarding the plan are right.
HR (Sheila Walton) told me last week that I need not to worry about vesting in the plan since we will officially still be Enron employees as long as we are getting paid severance.
With the latest information we got this seems to be questionable now.
HR and Benefits do not seem to know what is going on now; all my questions remained unanswered when I called them this morning.
Benefits stated that as long as my termination date was after the 9th of December I would vest.
HR doesn't seem to know when my official termination date is.
If needed, I have more than 10 days of unused vacation; I could be deemed on vacation and terminated after the 9th.
I would like to ask you to help me with this matter and try to set my termination date after December 9, i.e.
at the earliest next Monday.
I feel that the company has left us with absolutely nothing but an extreme lack of information and loads of unanswered questions.
I do not see myself in a position where I want to give my Cash Balance Plan up.
",Carol North,"친애하는 [수신자]님께,

새로운 연락처 정보를 전달드리며, 현금 잔액 제도에 대해 문의드리고자 합니다.

[날짜]에 [기업명]에서 근무한 지 5주년을 맞이하게 됩니다.
현금 잔액 제도는 5년 근속 후에 귀속되는 것으로 알고 있는데, HR의 안내가 정확한지 확인하고 싶습니다.

부서에서는 지난주, 퇴직금을 수령하는 한 공식적으로 여전히 [기업명]의 직원이기 때문에
계획 귀속에 대해 걱정할 필요가 없다고 했으나, 최근 상황을 보면 확신이 서지 않습니다.

복리후생 담당 부서에서도 현재 무슨 일이 일어나고 있는지 잘 모르는 듯했고,
오늘 아침 문의했을 때에도 모든 질문에 대한 답변을 받지 못했습니다.
다만, 복리후생 측에서는 해고일이 [날짜] 이후라면 귀속된다고 설명했습니다.

하지만 [부서]에서는 제 공식 해고일이 언제인지조차 명확히 알지 못하는 상황입니다.
필요하다면 사용하지 않은 휴가가 10일 이상 남아 있으니, 휴가 처리가 된 후 9일 뒤에 해고 처리도 가능한지 궁금합니다.

이와 관련해 몇 가지를 여쭤보고 싶습니다.
특히 [날짜] 이후, 즉 다음 주 월요일에 해고일을 지정해주실 수 있는지 문의드립니다.

현재 회사 측으로부터 충분한 안내를 받지 못해
여전히 많은 궁금증이 남아 있습니다.
저는 제 현금 잔액 제도를 포기해야 할 상황에 처해 있다고는 생각하지 않습니다.

도움 부탁드립니다.

[발신자]"
"We are in the process of rescheduling the Enron Corp. Board of Directors meeting (originally scheduled for December 10-11, 2001).
We will confirm new dates as soon as possible.
Please call me if you have any questions at 3-6485.
Thank you.
",Enron Board of Directors Meeting to be rescheduled,"안녕하세요, [수신자]님.

우리는 [회사명] 이사회 회의 일정을 재조정하는 과정에 있습니다(원래 [날짜]로 예정되어 있었습니다).
가능한 한 빨리 새로운 날짜를 확정하겠습니다.

궁금한 사항이 있으면 [전화번호]로 전화해 주세요.

감사합니다.
[발신자]"
"I work for Jeff Donahue in corporate development.
I spoke to Bill Glass, Chief Credit officer of UBSW and hed like to meet tentatively at 8 am tomorrow morning in 49c2/c3 at 8 am.
Hopefully, you are available to address their questions.
I understand that you have been speaking directly to Bill heretofore.
Regards
","tentative 8 am meeting with Bill Glass, Chief Credit Officer","안녕하세요, [수신자]님.

저는 [회사명]의 기업 개발 부서에서 일합니다.
[회사명1]의 최고 신용 책임자인 [이름1]와 통화했는데, 그는 내일 [시간]에 [회의실]에서 잠정적으로 만나고 싶어합니다.
그들의 질문에 답할 수 있기를 바랍니다.
지금까지 [이름2]과 직접 통화했다고 알고 있습니다.

감사합니다.
[발신자]"
"With all of the events of yesterday, information for the DPR for the above dates is not yet complete.
At the present time, we are planning to issue a final DPR for the 30th of November as well as a preliminary and then final for the 3rd of December.
However, we do not yet have an estimated time for these to be issued.
I will keep you up to date when I have additional information.
If you have any questions, please call me at 713 853 9123.
Best regards
",11/30 and 12/3 DPR - update,"안녕하세요, [수신자]님.

어제의 모든 사건으로 인해, 상기 날짜에 대한 DPR에 대한 정보는 아직 완료되지 않았습니다.
현재로서는 [날짜]에 최종 DPR을 발행하고, [날짜]에 예비 및 최종 DPR을 발행할 계획입니다.
그러나 아직 발행 예정 시간은 없습니다.

추가 정보가 있으면 알려드리겠습니다.
궁금한 사항이 있으면 [전화번호]으로 전화해 주세요.

감사합니다.
[발신자]"
"Rick, As follow-up to our discussion of today, we would like to explain our concerns.
EEL entities are under control of an administrator - Price Waterhouse - who represents the interest of the creditors of those entities.
All decisions regarding those entities are being made by the administrator.
Michael Brown, Fernley Dyson, John Sherriff are not in the building and to the best of my knowledge have resigned all directorships.
Most of the remaining employees (300) are working for the administrator.
There are, however, interests of Enron Corp which are housed in Enron House may not be getting the attention they deserve or , potentially more concerning, are being used or eyed by the locals for their benefit.
Examples are : 1) the contractual assets in ECTRIC which include financial trades, weather derivatives, nordic energy, some crude and products trading.
2) large in the money pumped storage trade which is in a US-based LLC - in the money by a net $50MM 3) Enron Direct is being offered for sale (JV with EES) 4) The TXU VPS contracts (currently under termination dispute) is being negotiated solely by administrators and their employees  Transactions are being terminated by counterparties, deals are being cut between the administrators and commercial for the dispostion of assets, and value is being eroded because no support staff will work without a reasonable expectation of being paid.
Finally, the administrators have been here for several weeks and seem woefully prepared to take on the task at hand.
We suggest that the Houston-based 'investor' (whether that is current managment or a trustee) ought to reconstitute some form of governance over its activities in Europe so that it can be assured of receiving maximum value for its assets here.
Currently, we have little capability to cause the local staff to provide us with the information and access to make informed decisions.
Please give us a call so we can discuss a course of action, if any, you would like us to take.
Ted
",US Interests in Europe,"안녕하세요, [수신자]님,

오늘 논의에 대한 후속 조치로 몇 가지 우려 사항을 전달드립니다.
현재 [기업명]은 해당 기업의 채권자의 이익을 대표하는 관리자 [이름1]의 통제하에 있으며, 기업에 대한 모든 주요 결정은 관리자에 의해 이루어집니다.
[이름2], [이름3], [이름4]는 이미 퇴사한 상태이고, 나머지 직원(300명)의 대부분은 관리자를 위해 일하고 있습니다.

그러나 [기업명]의 이익은 마땅히 받아야 할 관심을 받지 못하고 있거나, 더 나아가 지역 주민들이 이익을 위해 이용되고 있을 가능성도 우려됩니다.
구체적인 예시는 다음과 같습니다.
1. 금융 거래, 기상 파생 상품, 북유럽 에너지, 일부 원유 및 제품 거래를 포함하는 ECTRIC의 계약 자산.
2. 미국 기반 LLC의 대규모 자금 펌핑 저장 거래 - 순 50MM달러의 자금
3. [자회사] 형태의 서비스 제공
4. [계약] 계약(현재 종료 분쟁 중)은 관리자와 소수의 직원에 의해서만 협상이 이루어지고, 이 과정에서 자산 가치가 침식되고 있음

마지막으로, 관리자는 몇 주 동안 현장에 있었으나, 당면한 과제를 맡을 준비가 전혀 안 된 것 같습니다.
[지역명]에 있는 '투자자'(현재 경영진이든 수탁자이든)측에서 유럽에서의 활동에 대한 어떤 형태의 거버넌스를 재구성하여 여기에서 자산에 대한 최대 가치를 받을 수 있도록 해야 한다고 제안합니다.
현재로서는 현지 직원이 충분한 정보를 제공하거나 의사결정권을 행사할 역량이 부족한 상황입니다.

추가 논의가 필요하시다면 언제든 전화 부탁드립니다.

감사합니다.
[발신자]"
"Mr. Buy,  Please find attached the list of UBS Warburg Credit Risk Control  contacts as described by Bill Glass during today's phone conversation.
We are looking forward to working with you and your staff.
Kind regards,
",Contact List,"안녕하세요, [수신자] 씨,

오늘 전화 통화에서 [이름1]가 설명한 [회사명] 연락처 목록을 첨부했습니다.
귀하와 귀사 직원과 협력할 수 있기를 기대합니다.

감사합니다.
[발신자]"
"Per Rick Buy's request, we are developing procedures so that the head of each RAC department will have a current list of emergency contact numbers for all RAC employees.
I have outlined the plan below:  The Assistant in each group will be responsible for updating home telephone numbers, cellular phone numbers and home addresses for each member of their group.
Rita Hennessy will consolidate the list for all of RAC on a monthly basis.
The monthly update will be emailed to the personal email address of each department head or their designee.
This update should be stored on a personal computer until the next monthly update is received.
Two hard-copies of the monthly update will be maintained in a file at the home of Rick Carson and at the home of Sharon Sullo.
If this plan is acceptable to you, please let me know the personal email address to use.
Please call me with comments or questions.
Thanks,
",Emergency Contact Procedures,"안녕하세요, [수신자]님,

[이름]의 요청에 따라, 각 [회사명] 부서장이 모든 [회사명] 직원의 비상 연락처 최신 목록을 보유할 수 있도록 절차를 개발하고 있습니다.
아래에 계획을 설명했습니다. 각 그룹의 보조원은 그룹 구성원 각자의 집 전화번호, 휴대전화 번호, 집 주소를 업데이트할 책임이 있습니다.

[이름1]는 매월 [회사명] 전체의 목록을 통합할 것입니다. 매월 업데이트는 각 부서장 또는 지명자의 개인 이메일 주소로 이메일로 전송됩니다.
이 업데이트는 다음 월별 업데이트를 받을 때까지 개인 컴퓨터에 저장해야 합니다. 매월 업데이트의 두 부 인쇄본은 [이름2]의 집과 [이름3]의 집에 보관됩니다.
이 계획이 마음에 드신다면 사용할 개인 이메일 주소를 알려주십시오.

의견이나 질문이 있으시면 전화해 주십시오.

감사합니다.
[발신자]"
"Rick - this is the event that Cal Payne spoke to you about several weeks ago.
He indicated to me that you would be interested in attending.
I am David Johnson - a partner with Andersen and we are sponsoring the Risk Officers Roundtable.
This is not a training seminar or an event with an audience.
This group has been meeting for a couple of years and recently asked Andersen to take the lead in facilitating the group.
The objective of this group is to focus on issues that each of you are facing as risk officers or leading energy trading organizations.
The ideas and issues dicussed will remain confidential.
This is a forum for people facing similar issues to bounce ideas off of each other and to discuss topics of mutual interest.
From an anti-trust perspective, competitive approaches as an industry or similar initiatives will not be discussed.
The group will meet about 4 times a year  Our plans for the next meeting are as follows:  Location  - Las Vegas (Bellagio currently has rooms for $129/night)  Date - Monday November 12 and Tuesday November 13  Agenda - We will get with each attendee and formulate an agenda.
This will be circulated prior to the meeting.
Attendees -  Confirmed - Eddie Meche, Reliant, Philip Chesson - Williams, Glen Labhart - Dynegy, Cal Payne - UtiliCorp Invitations extended to Rick Buy - Enron, Rich Osborne - Duke, Mark Randle - Sempra and Bob Andersen - ElPaso.
",Risk Officers Roundtable,"안녕하세요, [수신자]님,

이 행사는 몇 주 전에 [이름]이 당신에게 이야기한 행사입니다. 그는 당신이 참석하고 싶어할 것이라고 말했습니다.
저는 [이름1]의 파트너인 [이름2]이고, 저희는 위험 관리자 원탁회의를 후원하고 있습니다.
이것은 교육 세미나도 아니고 청중이 있는 행사도 아닙니다. 이 그룹은 몇 년 동안 모임을 가졌고, 최근에 [이름1]에게 그룹을 진행하는 일을 맡아달라고 요청했습니다.

이 모임의 목적은 각 참석자분들이 위험 관리 또는 에너지 트레이딩을 담당하는 입장에서 직면하고 있는 과제와 이슈를 신뢰 속에 편하게 논의하는 데 있습니다.
이 자리에서 논의되는 모든 내용은 비밀이 보장됩니다. 이해관계자 간에 아이디어를 나누고, 상호 관심사에 대한 다양한 주제를 논의할 수 있는 포럼입니다. 단, 독점금지 관련 규정을 준수하기 위해 산업 차원의 경쟁적 접근이나 유사한 이니셔티브는 논의 대상에서 제외됩니다. 그룹은 1년에 약 4회 모임을 가질 것입니다.

다음 회의에 대한 계획은 다음과 같습니다.
장소: [지역명] [장소] [주소]
날짜: [날짜]과 [날짜]
의제: 각 참석자와 함께 의제를 수립합니다. 이는 회의 전에 배포됩니다.

참석자(확정): [이름2], [이름3], [이름4], [이름5], [이름6], [이름7]
[세미나] 초대장은 [이름8], [이름9], [이름10], [이름11]에게 전달되었습니다.

감사합니다.
[발신자]"
"I want to thank everyone for their hard work during these trying times.
Lots of our efforts in the past building systems, procedures and infrastructure pay off in times like these.
Feedback from both Citibank and JPM/Chase and Enron's Board members has been very positive relative to RAC.
Congratulations to all.
On another note I want to caution everyone in the group from making negative statements in the presence of ours and other groups, especially more junior members of these groups.
Because they come from RAC they are not considered idle commentary and can be, and have been, damaging to morale to these people.
We all speculate about the state of affairs and it is a good stress relief but we can not be a part of morale reducing behavior.
Things are not back to normal but they are improving.
Upon receipt of commitment from banks, hopefully later today or early tomorrow, our short term issues should be resolved.
Lots of activities are underway to address medium term and long term solutions.
In the mean time, keep smiling.
Rick
",Memo to RAC,"안녕하세요, [수신자]님,
이 어려운 시기에 애써주신 모든 분들께 진심으로 감사드립니다.

그동안 우리가 시스템, 절차, 인프라를 구축하기 위해 기울인 노력이 지금과 같은 순간에 큰 결실을 맺고 있습니다.

[기업명]와 [기업명1], [기업명2] 이사회의 모든 구성원들로부터
RAC에 대한 매우 긍정적인 피드백을 받았습니다. 모두 수고 많으셨고, 진심으로 축하드립니다.

한 가지 당부의 말씀을 드리자면, 우리 그룹 내 또는 타 부서, 특히 이 그룹의 후배들 앞에서 부정적인 발언을 삼가주시기를 부탁드립니다. 이러한 언급은 사기를 저하시킬 수 있고, 불필요한 오해를 불러올 수 있습니다.

우리 모두가 힘든 상황에서 걱정과 스트레스를 느끼고 있지만, 동료들의 사기를 떨어뜨리는 언행은 피해야 하겠습니다.

상황이 아직 완전히 정상화된 것은 아니지만, 점차 나아지고 있습니다. 은행과의 협의가 마무리되면 오늘 늦게나 내일 중 단기적인 문제는 해결될 전망입니다.

아울러 중장기적인 대책 마련을 위한 다양한 노력도 계속되고 있습니다.

그동안 모두 힘내시고, 긍정적인 마인드를 잃지 않으시길 바랍니다.

감사합니다.
[발신자]"
"Louise has asked me if you are available to meet with Duke Energy on Friday November 2nd at 3pm.
Please let me know your availability.
Thanks  Sue  TIM: can you make sure that Jeff gets this message.
Thanks.
",Meeting with Duke Energy,"[수신자]께,
[이름]가 [날짜] [시간]에 [장소]에서 만날 수 있는지 물었습니다.
시간을 알려주세요.
그리고 [이름1]에게 이 메시지를 전달해 주시겠어요?
고맙습니다.
[발신자]
"
"Rick,  Dave asked me to send you the attached file to use as a starting point for the ""RAC's Roles"" project that you mentioned in the meeting.
This presentation was prepared a few weeks ago.
Thanks,
",RAC's Roles,"안녕하세요, [수신자] 씨,

[이름]가 회의에서 언급하신 ""[프로젝트]"" 프로젝트의 시작점으로 사용할 첨부 파일을 보내달라고 했습니다.
이 프레젠테이션은 몇 주 전에 준비한 자료입니다.

감사합니다.
[발신자]"
"Pls.
plan to join the Enron Corp. Board of Directors meeting scheduled for Friday, November 2, at 3:30 p.m., CST.
For planning purposes, your placement on the agenda is as follows: Jeff McMahon		#1 Rick Buy			#2 Mark Haedicke+Others 	#7  It makes sense for Jeff and Rick to be there at 3:30.
We will call Mark at his office a few minutes before his session and the rest of his team will join via teleconference at that time.
Please call me or Kelly Johnson (36485) if you have any questions.
Thanks.
",Enron Board Meeting,"안녕하세요, [수신자]님.

[회사명]의 이사회 회의가 [날짜] [요일] 시간에 예정되어 있습니다. 원활한 일정 관리를 위해 참석자 배정은 다음과 같습니다.

[참석자1] #1
[참석자2] #2
[참석자3]+기타 #7

[참석자1]과 [참석자2]는 [시간]에 직접 참석하시면 되고, [참석자3]에게는 회의 시작 직전 사무실로 전화를 드릴 예정입니다.
나머지 팀원들은 그 시점에 텔레컨퍼런스를 통해 참석하시면 됩니다.

질문이 있으시면 저나 [이름]([전화번호])에게 전화해 주십시오.
감사합니다.
[발신자]"
"Attached is the updated status of the steel trades/transactions that have potential LOC/cashflow impact in the next few months.
According to Kent, who had a direct conversation with Bowen late yesterday, all new steel trades/structured transactions not yet agreed to will require Bowen approval prior to being reviewed by RAC.
In summary, the commitment status for the Kibar and EDZK trades is yet to be determined, upon reviewing the taped conversation between the traders and the counterparties.
Duferco payments for the final 100,000 ton slab purchase and the $40,000 option are up for restructuring next week with the company.
Please let me know if you have any questions/concerns.
Thanks.
",EIM steel transactions pipeline update,"안녕하세요, [수신자]님,

다음 몇 달 동안 LOC/현금 흐름에 영향을 미칠 수 있는 철강 거래/거래의 최신 상태를 첨부합니다.
어제 늦게 담당자와 직접 대화한 [이름1]에 따르면, 아직 합의되지 않은 모든 새로운 철강 거래/구조화 거래는 [부서]에서 검토하기 전에 담당자의 승인이 필요합니다.

요약하면, 거래자와 상대방 간의 녹음된 대화를 검토한 결과, [기업명]과의 거래에 대한 약정 상태는 아직 결정되지 않았습니다.
[기업명]의 최종 옵션은 다음 주에 회사와 구조 조정을 위해 준비 중입니다.

궁금한 사항/우려 사항이 있으면 알려주십시오.

감사합니다.
[발신자]"
"The Board meeting is confirmed for tomorrow, Sunday, Nov. 4, at 3 p.m. CST in the Board Room.
Most of our Board will be here in Houston.
If you are not available and would like to call in, please contact me (either at the office or via cell phone at 713 962 2109).
Ken may chose to hold an executive session at the beginning and the end of the meeting, but at this time I expect the business discussion to be an open session if you chose to attend.
'Will keep you advised if that changes.
Thanks, Paula
",Board Mtg.,"안녕하세요, [수신자]님,

이사회 회의는 내일인 [날짜] [시간] [장소]에 이사회 회의실에서 개최됩니다.
이사회의 대부분은 [지역명]에 있을 예정입니다.

만약 참석이 어려우시고 전화로 참석하고 싶으시다면 저에게 연락해 주세요(사무실이나 휴대전화 [전화번호]).
[이름]은 회의 시작과 끝에 임원 세션을 갖기로 선택할 수 있지만, 현재로서는 참석을 선택하시면 업무 논의가 공개 세션이 될 것으로 예상합니다.
변경되면 알려드리겠습니다.

감사합니다.
[발신자]"
"Rick/Bill/David, Generally, we have managed to keep our main counterparts transacting, but things are tight.
We are signing netting agreements and agreeing to collateral threshholds, but we are negotiating hard where we think that we will be so close to collateral lines in the next few months that we would actually have to post.
As we go into this week, we need to hold on to those we have, incrementally open up a few more, and start to get people to business as usual.
Amongst the things that continues to be missing are the OFFICIAL STORY (we have access to the newspaper here, too), good communication regarding global relationships, and calendar and status of new developments regarding credit facilities, equity issuance/raising.....  Not that some of it is getting through, it just comes through random channels and we know very little more than our counterparts that have a subscription to the Wall Street Journal.
To that end, it has been suggested here that Houston (PR?)
with RAC/Finance develop a daily script of talking points for the masses.
We have traders and credit people talking all day to counterparts - they really could use a strong story to tell without have to think about it.
I am very confident that I can tell a reasonable story myself, but I am concerned that I do not have all the facts at my disposal and my guess is that the average trader/credit specialist is probably at a greater disadvantage.
Thoughts?
Ted
",Credit Story,"[수신자]님,

일반적으로 우리는 주요 [기업명]과의 거래를 지속해 왔지만,
현재 상황이 매우 촉박하게 돌아가고 있습니다.

계약 및 담보 한도와 관련된 사항에 대해 합의를 진행 중이지만,
앞으로 몇 달 내에 담보 한도에 근접하게 되어 실제로 추가 담보를 제공해야 할 가능성이 있어 관련 협상이 매우 치열하게 진행되고 있습니다.

이번 주에는, 현재 확보된 거래들을 최대한 유지하면서 점진적으로 추가 거래 기회를 모색하고, 구성원들이 평소처럼 업무에 집중할 수 있도록 해야 할 것입니다.

아직도 빠진 정보가 많습니다. 공식적인 [언론/기사] 소식, 글로벌 관계에 대한 효과적인 커뮤니케이션, 신용 시설, 자금 조달/주식 발행 등 관련 새로운 정보의 일정 및 현황 등 여러 내용이 전달되지 않거나, 무작위 경로를 통해서만 공유되고 있습니다.
외부 소식통보다 내부 정보가 뒤처지는 상황도 있습니다.

이런 상황을 개선하기 위해 [부서]에서 매일 주요 이슈와 정보에 대해 공유할 수 있는 [직접 입력] 스크립트를 개발하자는 제안이 나왔습니다.

우리들은 하루 종일 다양한 [기업명]과 소통하고 있기 때문에,
누구나 명확하고 신뢰할 수 있는 메시지를 쉽게 전달할 수 있도록 하는 것이 필요합니다.

저는 어느 정도 합리적인 메시지는 직접 만들 수 있지만, 모든 정보를 충분히 파악하고 있지 못해 우려되며, 아마 대부분의 구성원도 비슷할 것이라 생각합니다.

여러분의 생각은 어떠신가요?
감사합니다.
[발신자]"
"Conferring with Gorte, we need a new DASH for the India sale due to  1) the time since signing (5 months) 2) downward change in purchase price 3) general change in circumstances of Enron   In addition to updating the numbers (as we discussed this morning), we should include an ownership structure diagram and a legal risk memo concerning what bankruptcy  related approvals are required (if any).
Whether or not Board approval is required is possibly an open issue.
We will research.
",EOGIL DASH,"안녕하세요, [수신자]님,

[이름]와 협의한 결과,
1. 계약 이후 시간(5개월)
2. 매수 가격 하락
3. [기업명]의 전반적인 상황 변화로 인해 인도 매각을 위한 새로운 DASH가 필요합니다.

오늘 아침에 논의한 대로 숫자를 업데이트하는 것 외에도 소유 구조 다이어그램과 파산 관련 승인이 필요한지(있는 경우)에 대한 법적 위험 메모를 포함해야 합니다.
이사회 승인이 필요한지 여부는 아직 미지수입니다.
조사해 보겠습니다.

감사합니다.
[발신자]"
"During this critical time, it is imperative that our management team remain focused on our business and continue to address the challenges currently facing our company.
For that reason, I have decided to postpone the Enron Management Conference.
The Conference will now be held Friday, February 22 - Saturday, February 23, 2002 at the Westin La Cantera Resort in San Antonio.
While the Saturday meeting allows some Enron executives who cannot be away from the office during business hours to attend the Management Conference for the first time, I also recognize that it requires many of you to forfeit additional personal time on behalf of Enron.
I truly appreciate your sacrifice and I sincerely encourage your attendance.
The new agenda, while still being finalized, will be abbreviated but every bit as informative and worthwhile as previously planned.
We'll be in touch soon with more details.
Regards,
",2001 Management Conference,"안녕하세요, [수신자]님,

이 중요한 시기에, 경영진이 사업에 집중하고 현재 회사가 직면한 과제를 계속 해결하는 것이 필수적입니다.
그 이유로 저는 [컨퍼런스]를 연기하기로 결정했습니다. 이제 이 컨퍼런스는 [날짜]부터 [날짜]까지 [장소]에서 개최됩니다.

[요일] 회의는 업무 시간 동안 사무실을 비울 수 없는 일부 [기업명] 임원이 처음으로 [컨퍼런스]에 참석할 수 있도록 해주지만, 많은 분들이 [기업명]을 대신하여 추가적인 개인 시간을 포기해야 한다는 사실도 알고 있습니다.
저는 여러분의 희생에 진심으로 감사드리며, 참석을 진심으로 권장합니다. 새로운 일정은 아직 확정되지 않았지만, 이전에 계획했던 것만큼 정보가 풍부하고 가치 있을 것입니다.
곧 자세한 내용을 알려드리겠습니다.

감사합니다.
[발신자]"
"As a reminder, the mandatory Annual Compliance Meeting was rescheduled to Thursday, November 8, 2001 from 8:30 - 10:00 am at the Doubletree Hotel, LaSalle Room B.
The agenda is as follows:  		Robert George			Board Seats 		Richard Lauer			ECT Securities LP  		Cassandra Schultz		Risk Management Policy 		Bob Bruce			Chinese Wall Policy 		Chip Schneider			Transaction Approval Process 		Rick Carson			RAC Reporting Tools  Please confirm your attendance at this year's meeting either by responding to this email message or contacting Donna Wackerle at ext.
39755.
If you have already RSVP'd, thank you and we will see you Thursday.
If you have any questions, please contact me directly at ext.
31939.
I look forward to seeing you this year.
PLEASE FORWARD THIS MESSAGE TO YOUR ADMINISTRATIVE ASSISTANT TO ENSURE IT IS SCHEDULED ON YOUR CALENDAR.
",Annual Compliance Meeting,"알려드립니다. 의무적인 연례 준수 회의는 [날씨] [시간]~[시간]로 [장소], [회의실]에서 진행되는 것으로 연기되었습니다.

의제는 다음과 같습니다. 
[직접 입력]

올해 회의에 참석하신다면 이 이메일 메시지에 답장하거나 [이름](내선번호 [전화번호])에게 연락하여 확인해 주십시오.
이미 회답를 하셨다면 감사합니다. 목요일에 뵙겠습니다.
질문이 있으시면 내선번호 [전화번호1]로 직접 연락해 주십시오.
[장소]에서 뵙기를 기대합니다.
이 메시지를 행정 비서에게 전달하여 일정에 등록해 주십시오.

감사합니다.
[발신자]"
"Attached, please find the emergency contact information for the RAC group.
In the event of an emergecy, please use the list to contact the members of your group.
It will be updated on a monthly basis and distributed by the 10th day of each month.
Please keep this list at your home until the next update is received.
Thank you
",RAC Directory,"안녕하세요, [수신자]님,

첨부된 [기업명] 그룹의 비상 연락처 정보를 확인하세요.
비상 시, 목록을 사용하여 그룹 구성원에게 연락하세요.
매월 업데이트되어 매월 [일]까지 배포됩니다.
다음 업데이트를 받을 때까지 이 목록을 집에 보관하세요.

감사합니다.
[발신자]"
"We are in the process of determining the Committee meeting schedule for December 10, 2001.
Please let us know approximately how much time you may require for your agenda in order to ensure the appropriate allotment of time.
Thanks.
",Committee Meeting Poll,"안녕하세요, [수신자]님,

우리는 [날짜] 위원회 회의 일정을 결정하는 과정에 있습니다.
적절한 시간 할당을 보장하기 위해 귀하의 의제에 필요한 대략적인 시간을 알려주십시오.

감사합니다.
[발신자]"
"Dan,  Rod Hayslett has agreed to support the sale of the Haina note.
Please proceed.
1)	I want a DASH on the transaction.
RAC signoff on any asset sales is policy.
I view the sale of a note as policy.
2)	I want to make sure that Enron is not making any substantive reps or warranties that could bite us.
3)	I want to know who the buyer is.
Ray
",Haina Note,"안녕하세요, [수신자] 씨,

[이름]이 [기업명] 채권 매각을 지원하기로 동의했습니다. 계속 진행하시면 될 것 같아요.

1. 거래에는 승인 절차를 적용하기를 원합니다. 자산 매각에 관련해서는 [부서]의 서명이 정책상 필요합니다. 이번 채권 매각 역시 동일한 정책이 적용된다고 생각합니다.

2. [기업명1]이 우리에게 불리하게 적용할 수 있는 실질적인 대리나 보증도 하지 않도록 유의해 주세요.

3. 마지막으로, 매수자가 누구인지도 반드시 확인해 주셨으면 합니다.

감사합니다.
[발신자]"
"Steve,  Make sure that we circulate a DASH on the disposition of the QWEST note which we discussed on Friday.
I want to reinforce the concept of RAC signoff of asset sales, including the sale of financial assets such as notes and receivables.
When can we close the sale?
Thanks.
",Qwest Note,"안녕하세요, [수신자] 씨,

[요일]에 논의했던 수표 처분에 대한 승인 절차를 배포해야 합니다.
저는 수표 및 채권과 같은 금융 자산의 매각을 포함하여 자산 매각에 대한 [부서] 서명 개념을 강조하고 싶습니다.

언제 매각을 마무리할 수 있을까요?

감사합니다.
[발신자]"
"ISDA International Swaps and Derivatives Association, Inc. 600 Fifth Avenue  Rockefeller Center - 27th floor New York, NY 10020 U.S.A.
URGENT!!
URGENT!!
URGENT!!
URGENT!!
URGENT!!
URGENT!!
URGENT!!
Please note that the Trading Practice Committee Meeting scheduled for this evening at 6:00 at the offices of Bank of America has been postponed until further notice.
Kindly acknowledge by replying to this message.
**IF YOU HAVE CONFIRMED TO ATTEND ON BEHALF OF YOURSELF AND/OR YOUR COLLEAGUES, KINDLY FORWARD THIS MESSAGE TO THEM IMMEDIATELY**
",URGENT NOTICE FOR TODAY'S TRADING PRACTICE COMMITTEE MEETING.,"안녕하세요, [수신자]님,

오늘 [시간]에 [장소]에서 예정된 [직접 입력] 회의가 별도의 통지가 있을 때까지 연기되었음을 알려드립니다.
이 메시지에 답장하여 확인해 주시기 바랍니다.

자신 및/또는 동료를 대신하여 참석하기로 결정했다면 이 메시지를 즉시 전달해 주시기 바랍니다.

감사합니다.
[발신자]"
"Tuesday, November 13, 2001  Enron will be hosting our previously scheduled bank meeting on Monday, November 19th at 2:00 p.m. EST.
The meeting will take place at the Waldorf Astoria Hotel in midtown Manhattan.
As previously stated, this meeting will be for Enron's bank relationship and credit officers only.
As such, identification will be checked at the door.
If you have not already returned your institution's Confidentiality Agreement, please fax it back to Mary Border's attention at 713.646.3422 by noon, Friday, November 16th.
Please note that there will not be a call-in number or video-conference for this meeting.
Please reconfirm your attendance with Mary either by email (mary.border@enron.com) or by phone (713.853.0941) as soon as possible.
We will be covering information on the pending merger, our current financial situation, and more details on our structured financings.
I realize that all of you have requested more information than we have been able to provide over the last few weeks.
Thanks for your patience and I look forward to seeing you Monday.
Regards,
",Rescheduled:  Enron Bank Meeting,"안녕하세요, [수신자]님,

[기업명]은 [날짜] [시간]에 이전에 예약된 은행 회의를 주최합니다.
회의는 [장소]에서 열립니다.

이전에 언급했듯이 이 회의는 [기업명]의 은행 관계 및 신용 담당자만을 위한 것입니다. 따라서 입구에서 신분을 확인합니다.
아직 기관의 기밀 유지 계약을 반환하지 않은 경우 [날짜] [시간]까지 팩스([팩스 번호])로 [이름]에게 보내주십시오.

이 회의에는 전화 번호나 화상 회의가 없습니다.
가능한 한 빨리 이메일([이메일 주소]) 또는 전화([전화번호])로 [이름]에게 참석을 재확인해 주십시오.

우리는 보류 중인 합병, 현재 재무 상황 등에 대한 정보를 다룰 것입니다. 여러분 모두가 지난 몇 주 동안 제공할 수 있었던 것보다 더 많은 정보를 요청했다는 것을 알고 있습니다.
인내심에 감사드리며 월요일에 뵙기를 기대합니다.

감사합니다.
[발신자]"
"Attached please find the rates for Tuesday, November 13, 2001.
Money Markets did not trade or price on Monday due to the Veteran's Day holiday.
The prices for the auction rate preferred (ARP) stock are as of Friday.
The ARPs traded on Friday in lieu of Monday's close.
If I can be of any assistance, please feel free to call me at 713-853-2386.
Thanks, Julie
",Weekly Money Market Rates,"안녕하세요, [수신자]님,

첨부된 [날짜]의 환율을 확인하세요.
월요일에는 공휴일로 인해 거래장에서 거래나 가격이 나오지 않았습니다.
경매 금리 우선주(ARP)의 가격은 금요일 기준입니다.
ARP는 월요일 마감 대신 금요일에 거래되었습니다.

도움이 필요하면 언제든지 [전화번호]으로 전화해 주세요.

감사합니다.
[발신자]"
"As you may have become aware, the company received notice yesterday that you have been named as defendants (along with Enron Corp., Ken Lay, Jeff Skilling, Andy Fastow, and Arthur Andersen) in one of the federal securities class actions.
I will forward to you a copy of the Complaint.
We are in the process of determining who would be the most effective counsel for you.
If you wish to have separate representation, please let me know.
I cannot guarantee that the D&O carrier will reimburse you for the cost of separate counsel.
I am setting up a meeting with counsel for Enron Corp., Susman & Godfrey, to discuss this litigation with you as soon as possible.
Please do not hesitate to call me with any questions.
Thank you.
",Securities Litigation,"안녕하세요, [수신자]님,

아시다시피, 어제 [회사명]에서 귀하를 소송의 피고로 지명했다는 공식 통지를 받으셨을 것입니다. ([이름] 등과 함께)

문서 사본을 곧 전달드릴 예정입니다.

현재 귀하에게 가장 적합한 로펌을 결정하는 절차를 진행 중에 있습니다. 별도의 변호를 원하시는 경우, 미리 알려주시기 바랍니다.

단, 기관에서 별도의 변호인 비용을 상환해줄 수 있는지는 보장할 수 없습니다.

저는 [회사명]과 로펌 간의 회의를 조율하여 이 사안에 대해 가능한 한 신속하게 논의할 계획입니다.

궁금한 점이 있으시면 언제든지 연락 주십시오.

감사합니다.
[발신자]"
"Rick,  Slide 4 is the proposed new slide.
I also added slide 3 just for your review so that you can see what is normally in the bank presentations.
They asked us to keep each part of RAC to 2-3 bullet points, at most.
Please call me at x31946.
Thanks,
",For your review 359pm,"안녕하세요, [수신자] 씨,

슬라이드 4는 제안된 새 슬라이드입니다.
또한 은행 프레젠테이션에서 일반적으로 무엇이 있는지 확인할 수 있도록 슬라이드 3을 추가했습니다.
그들은 RAC의 각 부분을 최대 2~3개의 요점으로 유지해 달라고 요청했습니다.

[전화번호]으로 전화해 주세요.

감사합니다.
[발신자]"
"This will confirm the meeting for tomorrow morning (November 20, 2001) at 11:30 a.m. CST in Conference Room 50M03.
Lunch will be served at the meeting.
For those needing to call in to the meeting, the information is set out below.
",Securities Litigation,"안녕하세요, [수신자]님,

이로써 내일 아침([날짜]) [시간]에 회의실 [회의실]에서 열리는 회의가 확정됩니다.
회의에서 점심 식사가 제공됩니다.
회의에 전화로 참석해야 하는 분들을 위해 아래에 정보를 제공합니다.

감사합니다.
[발신자]"
"Rick  One question we are often asked is how do security and risk relate?
Risk is the potential reduction in asset values from threats and vulnerabilities.
Security is an ability you possess to protect specific assets in specific way(s).
So the answer is:  Security is able to reduce risk in specific areas but without the full breadth of risk defined it is impossible to determine how significant security solutions are.
Stay Safe
",Security vs Risk,"안녕하세요, [수신자] 씨,

많이 받는 질문 중 하나가 바로 “보안과 위험이 어떻게 관련되어 있는가?”입니다.

위험이란, 위협과 취약성으로 인해 자산 가치가 감소할 가능성을 의미합니다.
반면, 보안은 특정 자산을 특정 방식으로 보호할 수 있는 능력이라고 할 수 있습니다.

즉, 보안은 특정 영역에서 위험을 줄이는 역할을 하지만,
전체적으로 어떤 위험이 존재하는지 정의되어 있지 않으면 보안 솔루션의 중요성을 정확히 판단하기 어렵습니다.

항상 안전에 유의하시기 바랍니다.
[발신자]"
"... how about an LBO?
Certain high net worth executives sponsor the deal in conjunction with a major financial investor such as JPM/Chase or Citibank.
Force the share trust participants to go along and cut in all management and employees.
It gets the company out of the spotlight and might have some real attraction for deal starved investors... esp at this price level.
It could remotivate everyone and provide a way to recover some of the lost value that had accrued to the employees over the years.
Obviously, some stakeholders would do better that others but that's the way it goes sometimes.
Just a thought.
Hang in there.
Jim
",I know this sounds crazy but...,"안녕하세요, [수신자]님,

... LBO는 어떨까요?
일부 고액 자산 임원은 주요 금융 투자자와 협력하여 거래를 후원합니다.
주식 신탁 참여자에게 모든 경영진과 직원을 해고하도록 강요합니다.
회사가 주목을 받지 못하게 하고 거래에 굶주린 투자자들에게 실제로 매력적일 수 있습니다... 특히 이 가격 수준에서 말입니다.

모든 사람의 동기를 회복하고 수년에 걸쳐 직원들에게 누적된 손실된 가치 중 일부를 회복할 수 있는 방법을 제공할 수 있습니다.
물론 일부 이해 관계자는 다른 이해 관계자보다 더 잘할 수 있지만 때로는 그렇게 됩니다.

한 번 생각해봐요. 힘내세요.
[발신자]"
"The people from Weil Gotshal would like to talk to you about the Dynegy case on 1/25/02.
Are you available that date?
Let me know and I will arrange a time, so that we can sit in.
",Weil Gotshal Meeting,"안녕하세요, [수신자]님,

[기업명]의 사람들이 [날짜]에 [직접 입력]에 대해 이야기하고 싶어합니다.
그 날짜에 시간이 되시나요?
알려주시면 시간을 정해서 함께 하도록 할게요.

감사합니다.
[발신자]"
"My Fellow Comrades:  Our time together has been fun so let's not let it end here.
I would be delighted to hear from each of you and regret not having enough time to contact everyone individually.
One last technical tip...
Export your contact file in a pst format..... and you can import it to your home Outlook effortlessly... call for details!
",All the best,"모두에게,

여러분과 함께 보낸 시간은 즐거웠습니다.
모든 분께 개별적으로 연락할 시간이 충분하지 않아 유감이지만, 지속적으로 연락할 수 있으면 좋겠습니다.
마지막 기술 팁 하나...
연락처 파일을 pst 형식으로 내보내면... 손쉽게 홈 Outlook으로 가져올 수 있습니다... 자세한 내용은 전화로 문의하세요!

감사합니다.
[발신자]"
"Mr. Buy,  I want to say, ""Thank you"" for everything you did for RAC.
I have enjoyed working for a great group.
I have learned a lot from everyone in RAC.
Please let me know if anyone needs help.
Thanks again,
",Thank you!!!,"안녕하세요, [수신자] 씨,

[기업명]를 위해 해주신 모든 것에 대해 감사 인사를 드립니다.
저는 훌륭한 그룹에서 일하게 되어 기뻤습니다.
[기업명]의 모든 사람들로부터 많은 것을 배웠습니다.
도움이 필요한 분이 있으면 알려주세요.
다시 한번 감사드립니다.

감사합니다.
[발신자]"
"Based on recent discussions with several energy firms, there appears to be interest in conducting a survey which *	summarizes the current state of risk management best practices within the industry, and *	provides benchmark data addressing current levels of risk based performance for various energy related lines of business  To respond to this interest, we would like to conduct a survey which addresses these goals.
We have prepared a proposal which outlines our approach for conducting a survey, and provides samples of expected output.
I will be in touch sometime next week to discuss the proposal with you, and determine your interest in participating.
I look forward to speaking with you, and potentially working with you as a participant in this project.
<<Benchmark_Sales_Presentation_v2.ppt>>  Thank You
",Risk Management benchmarking survey,"안녕하세요, [수신자]님,

최근 여러 회사와의 논의에 따르면,

업계 내 위험 관리 모범 사례의 현재 상태를 요약하고,

다양한 사업 라인에 대한 위험 기반 성과의 현재 수준을 다루는 벤치마크 데이터를 제공하는 설문 조사를 실시하는 데 관심이 있는 것으로 보입니다.

이러한 관심에 부응하기 위해 이러한 목표를 다루는 설문 조사를 실시하고자 합니다. 저희는 설문 조사를 실시하는 접근 방식을 설명하고 예상 결과 샘플을 제공하는 제안서를 준비했습니다.
다음 주 어느 때쯤 연락하여 제안서에 대해 논의하고 참여 의향을 확인하겠습니다. 저는 귀하와 대화하고 이 프로젝트에 참여하여 함께 일할 수 있기를 기대합니다.

<<[자료명]>>
감사합니다.
[발신자]"
"The Extreme VaR functionality is now operational on the RaC website.
The testing phase is completed, but ongoing calibration and fine-tuning will continue.
Extreme VaR represents a complement to Regular VaR, but concentrates on the Extreme Tail regions.
The default shown on the screen is at 99.7%.
It can easily be set up for any portfolio of interest and at a user-specified confidence level.
The following document summarizes the procedure to invoke it from your websites.
Let me know if you have any questions.
Naveen Andrews (58668).
",Extreme VaR,"안녕하세요, [수신자]님,

[시스템] 기능은 이제 웹사이트에서 정상적으로 작동하고 있습니다.
테스트 단계는 완료되었지만 지속적인 교정 및 미세 조정은 계속 진행될 예정입니다.
이 기능은 기존의 것을 보완하지만 [직접 입력] 영역에 집중합니다.
화면에 표시된 기본값은 99.7%입니다. 관심 있는 모든 포트폴리오에 대해 사용자가 지정한 신뢰 수준에서 쉽게 설정할 수 있습니다.

다음 문서는 웹사이트에서 호출하는 절차를 요약한 것입니다.
궁금한 사항이 있으면 알려주세요.
[발신자]
[직책]"
"Rick,  as a followup to our conversation about a month ago I just want to summarize where we are on the sale of EOGIL and the steps we are taking for corporate approvals as we move toward closing.
We are currently anticipating project close on July 27th, but as with all things associated with India the date will probably slide some.
Here'e what we are planning to do for Corp approval.
1) Steve Harper is working with Brad Larson to get a RAC document completed along the lines of the package we prepared for the China sale last month.
This should be completed early next week and either your group or Steve will get it circulated for sign-offs.
2) We (Detmering/Sherrick) will review the project with Skilling/Lay prior to Rac sign-off.
Based on our last discussion, we will not need board approval for this sale since it is less than $500 million.
If this is not correct, let me know ASAP.
Otherwise, we will do the above and plan to close on July 27th.
Thanks
",Sale of India E&P --EOGIL,"안녕하세요, [수신자] 씨,

한 달 전 대화에 대한 후속 조치로 [기업명] 매각과 마무리를 향해 나아가면서 기업 승인을 위해 취하고 있는 단계를 요약하고 싶습니다.
현재 [날짜]에 프로젝트를 마무리할 것으로 예상하고 있지만, 인도와 관련된 모든 일과 마찬가지로 날짜가 약간 연기될 가능성이 있습니다. 기업 승인을 위해 계획하고 있는 내용은 다음과 같습니다.

[이름1]는 [이름2]와 협력하여 지난달 중국 매각을 위해 준비한 패키지와 같은 방식으로 [부서] 문서를 완성하고 있습니다. 다음 주 초에 완료될 예정이며, 귀사 그룹이나 [이름3]가 승인을 위해 회람시킬 것입니다.

저희는 [부서] 승인 전에 [이름4], [이름5]와 프로젝트를 검토할 것입니다.

마지막 논의에 따르면, 이 매각은 5억 달러 미만이므로 이사회 승인이 필요하지 않습니다.
이것이 맞지 않으면 최대한 빨리 알려주세요.
그렇지 않으면 위의 내용을 수행하고 [날짜]에 마무리할 계획입니다.

고맙습니다.
[발신자]"
"Hi Vince & Rick, attached is a resume of a friend of mine from when I worked in NYC.
This guys has MIT Aerospace background but has extensive trading and risk management experience--one of those with commercial and technical experience.
He is an excellent team player with great personality as far as working in stressed and dynamic environment goes.
He will do well at Enron.
I think he is ready to try Houston like I did as he is ready to raise a family.
",Possible Candidate,"안녕하세요 [수신자] 씨,

첨부한 것은 제가 [기업명]에서 일할 때 친구의 이력서입니다.
이 친구는 MIT 항공우주학과 출신이지만 광범위한 거래 및 위험 관리 경험이 있습니다. 상업 및 기술 경험이 있는 사람 중 한 명입니다.
그는 변동성이 많고 역동적인 환경에서 일하는 데 있어서 훌륭한 성격을 가진 훌륭한 팀 플레이어입니다.
그는 [기업명1]에서 잘할 것입니다.
그는 제가 그랬던 것처럼 [기업명1]에서 일할 준비가 되었고 동료가 될 준비가 되었다고 생각합니다.

감사합니다.
[발신자]"
"Attached is the legal risk memo for the proposed sale by certain Enron entities of their interest in UtiliQuest LLC.
This transaction has been given a legal risk ranking of 2.0 (on a scale of 1.0 to 5.0, with 1.0 indicating minimal legal risk), primarily due to potential post-closing indemnification obligations.
The legal risks discussed in this memo were also set forth in the DASH; however, please note the following correction to the DASH:  while the Enron entities' pro rata share of the maximum potential liability under the seller indemnity is $20.7 million, Enron and the other sellers have joint and several liability for indemnification obligations which are capped at $30 million, and Enron will be liable for the entire $30 million if the non-Enron sellers cannot satisfy their pro rata share of the liability under the seller indemnity (note that Enron is not guaranteeing or backstopping the other sellers' share of this liability in any way; however, the purchaser may choose to hold Enron liable for the entire liability, and leave Enron to pursue the other sellers for their share).
Please contact me if you have any questions.
",Legal Risk Memo -- sale of Enron interest in UtiliQuest,"안녕하세요, [수신자]님,

[회사명]이 [회사명1]에 대한 지분 매각 제안과 관련하여 법적 위험 평가 메모를 첨부합니다.

이번 거래는 주로 마감 이후 발생할 수 있는 잠재적 보상 의무로 인해, 1.0~5.0 척도에서 법적 위험 등급 2.0을 받았습니다. (1.0은 최소 위험)

이 메모에서 논의된 주요 법적 위험 사항은 [보고서]에도 명시되어 있습니다. 단, 다음과 같은 점을 참고해 주세요:

[회사명]의 최대 잠재적 책임은 [금액1]이며, [회사명]과 기타 판매자들은 [금액2]로 제한된 보상 의무에 대해 공동 및 개별적으로 책임을 집니다.

만약 다른 [판매자]가 자신의 책임 비율을 충족시키지 못할 경우, [회사명]이 전체 [금액2]에 대해 책임질 수 있습니다.
(단, [회사명]이 다른 [판매자]의 책임을 직접 보장하거나 지원하는 것은 아닙니다.)

구매자는 [회사명]이 모든 책임을 부담하도록 요구할 수 있으며, [회사명]이 다른 [판매자]에게 그들의 몫을 요구하도록 할 수 있습니다.

질문이 있으시면 언제든 연락해 주세요.

감사합니다.
[발신자]"
"Molly,  Attached is the spreadsheet that outlines TNPC's billing and receipt history.
There were a few invoices out over 30 days but the majority pay within 10 days after due date, some even before the due date.
Out of the $435k that is outstanding, there is an invoice for $234k that went to the gas desk (James Barker)  today for proof of delivery and volume issues.
This amount was not marked on the dispute log.
Another invoice for 91k is currently on the dispute log for an undertake penalty and has come to partial resolution.
The remaining $134k is a collection issue as collection calls to Chris Miceli have not indicated a dispute, but rather a confirmation to pay.
Due to the nature of this customer, CSC handles the collection of this customer internally.
Please let me know if you need any additional information.
Joni Fisher
",TNPC,"안녕하세요, [수신자] 님,

[기업명]의 청구 및 영수증 내역을 요약한 스프레드시트를 첨부했습니다.
30일 이상 지난 송장이 몇 개 있었지만 대부분은 만기일로부터 10일 이내에 지불했고 일부는 만기일 전에 지불했습니다.
총 미지불 금액은 [금액1]이며, 이 중 [금액2]에 해당하는 송장은 오늘 [담당자]에게 제출되었습니다(배달 증빙 및 거래량 문제 관련). 이 금액은 현재 [분쟁/이슈] 기록에 포함되어 있지 않습니다.

또 다른 [금액3]의 송장은 현재 분쟁 중에 있으며, 일부는 이미 해결된 상태입니다.

나머지 [금액4]는 징수 문제에 해당합니다. [이름]에게 연락했을 때, 이는 분쟁이 아니라 지불 확인 문제로 파악되었습니다.

이 [기업명]의 특성상, [부서]에서 내부적으로 징수 업무를 처리하고 있습니다.

추가 정보가 필요하시면 언제든 알려주세요.
감사합니다.
[발신자]"
"On Monday August 6, about 75 new full-time Associates will be starting their careers at Enron.
Attached is a schedule of Orientation Topics, as well as an invitation to welcome these Associates at a Happy Hour Monday evening.
It would be great if you could stop by, even for just a few minutes, to welcome them to the company.
For your convenience, the Happy Hour is at Farrago, which is less than 6 blocks from the Enron Building.
Members of the Program regularly tell us that senior level interaction is an area that we can improve on, so your participation in events like this very important.
An RSVP is not required, but if you plan to attend, please let us know so we can prepare a name tag for you.
Feel free to extend this invitation to other senior members of your team.
As always, we appreciate your continued support of The Program.
Regards,
",Full-Time Associate Orientation - Happy Hour,"안녕하세요, [수신자]님,

[날짜]에 약 75명의 신규 정규직이 [기업명]에서 경력을 시작합니다.
첨부된 파일에는 오리엔테이션 주제 일정과 [요일] [행사명]에 이 신규 인원들을 환영하는 초대장이 있습니다. 단 몇 분이라도 들러서 회사에 오신 것을 환영해 주시면 감사하겠습니다.
편의를 위해 [행사명]는 [장소] 건물에서 6블록 떨어진 [장소1]에서 진행됩니다.

프로그램 구성원은 고위층 상호작용이 개선할 수 있는 분야라고 정기적으로 말씀해 주시므로 이와 같은 이벤트에 참여하는 것이 매우 중요합니다.
회답이 필수인 건 아니지만 참석할 계획이라면 알려 주시면 이름표를 준비해 드리겠습니다.
팀의 다른 고위 구성원에게도 이 초대장을 전달해 주시기 바랍니다. 언제나 그렇듯이 프로그램에 대한 지속적인 지원에 감사드립니다.

감사합니다.
[발신자]"
"As per our discussion last week, Sally will get with you and review the closing of the books that occurs each night.
This is in reference to the issue of which of the approximately 1200 books get closed easily and which ones require some miracles.
The goal is to better understand the issues at the commodity and/or business unit level.
Thanks.
",Books,"안녕하세요, [수신자]님,

지난주에 논의한 대로, [이름]가 여러분과 함께 매일 밤 발생하는 장부 마감을 검토할 것입니다.
이것은 약 1,200권의 장부 중 어느 것이 쉽게 마감되고 어느 것이 기적이 필요한지에 대한 문제와 관련이 있습니다.
목표는 상품 및/또는 사업부 수준에서 문제를 더 잘 이해하는 것입니다.

감사합니다.
[발신자]"
"Rick,  We have you scheduled to speak to IPG about Risk Management in EB4499 from 10:300 to 12:00 on Wednesday August 8th.
Attendee and Company information to follow.
Thank you,
",IPG Meeting Wednesday August 8th,"안녕하세요, [수신자] 씨,

[날짜] [시간]에서 [시간]까지 [회의실]에서 [주제]에 대해 이야기하도록 예약했습니다.
참석자와 회사 정보는 다음에 제공됩니다.

감사합니다.
[발신자]"
"The attached memo contains an Enron Industrial Markets Lumber Trading 5 Day Cumulative loss notification for July 24, 2001.
The Office of the Chair for Enron Industrial Markets is responsible for signing the memo and returning it to Chris Abel, at 3155a, who will forward it to RAC to obtain their signature.
Thanks,
",Final 8/1/01 Lumber Notification,"안녕하세요, [수신자]님,

첨부된 메모에는 [직접 입력]가 포함되어 있습니다.
[기업] 의장실은 메모에 서명하고 [장소]에 있는 [이름]에게 반환해야 하며, 그는 [부서]에 전달하여 서명을 받을 것입니다.

감사합니다.
[발신자]"
"Rick, Attached is the significantly scaled down version of the RAC presentation we anticipate using for the taped Bloomberg mid-year credit review.
Please let me know if you have any comments or other changes once you have had a chance to review.
As we discussed earlier, we do not yet know when the taping will be.
If it is after August 15th, we will plan on working with Bill Bradford and Dave Gorte on this.
Thanks.
Shirley
",RAC Presentation for Bloomberg,"안녕하세요, [수신자] 씨,

첨부된 것은 [자료 설명]입니다.
리뷰할 기회가 있으면 의견이나 기타 변경 사항이 있으면 알려주세요.

앞서 논의했듯이, 테이프가 언제인지는 아직 알 수 없습니다.
[날짜] 이후라면, [이름1]와 [이름2]와 함께 작업할 계획입니다.

감사합니다.
[발신자]"
"Dan, in response to the following memo, can you discuss with Rick his ideas.
I would also like to go through a detailed description of each EES office, its people and functions to determine which should be eliminated and which should be modified.
Given the latest redeployments and terminations the field offices are a shadow of their previous stature either way.
This is consistent with our overall strategies but perhaps we want to accelerate.
If you could help set up the framework to discuss I would much appreciate.
Good job on handling the ""5's"".
Regards
",Remote Offices- Suggestions,"안녕하세요, [수신자] 씨,

다음 메모에 대한 답변으로, [이름1]과 그의 아이디어에 대해 논의할 수 있나요?
또한 각 EES 사무실, 직원 및 기능에 대한 자세한 설명을 살펴보고 어떤 사무실을 없애고 어떤 사무실을 수정해야 할지 결정하고 싶습니다.

최근의 재배치 및 종료를 감안할 때 현장 사무실은 어느 쪽이든 이전 지위의 그림자에 불과합니다. 이는 전반적인 전략과 일치하지만 아마도 가속화하고 싶을 것입니다.
토론을 위한 프레임워크를 설정하는 데 도움을 주시면 감사하겠습니다.

감사합니다.
[발신자]"
"The doorstep audit is not yet complete as I'm having about 25 or so deals ""tested"" out of the Long Beach office.
We should know all final results within the next week or so.
Rick-your suggestions are generally on target as we have already begun the process for pulling each specific office's information together-ie: how many offices do we have, who are the specific people in them, what do they transact on (DSM, gas/power commodity, services mgmt., etc), and can we consolidate/minimize the number of offices we have.
For example, of the 87-ish offices that we currently have EES folks in, only 14 of those offices have individuals that transact gas or power deals in the EnronDirect sales group (ie:  customers below $10 million in energy spend) and there are @ 45 sales folks in these 14 offices.
The losses now expected out of the Long Beach office are MUCH lower than initial estimates.
If anyone would like to review, please call me directly.
We are already well underway in establishing new transaction process' for both gas and power deals.
Although we have already put in place and communicated these new procedures to each of the sales offices, we are putting together a ""sales package"" that will encompass each of the new procedures in detail, each of the new gas and power contracts and rules for use, and a new sales policy which will review in detail the responsibilities for each sales individual.
This policy will require signatures from the sales folks in order for them to continue working for EES in a sales transaction role.
We are also exploring an independent verification process whereby we would have someone from either Deal Capture or Deal Management actually contact the customer to confirm the transaction.
The ""McDonald's Hamburger"" analogy is quite appropriate here!
Just wanted to let everyone know what was already underway.
",Remote Offices- Suggestions,"안녕하세요, [수신자]님,

현재 [부서]에서 진행 중인 약 25건의 거래로 인해 현장 감사가 아직 완료되지 않았습니다. 최종 결과는 다음 주쯤 모두 확인될 것으로 예상합니다.

제안해주신 내용은 전반적으로 타당하며, 저희도 이미 각 [부서]의 정보를 모으는 작업을 시작했습니다. 즉, 몇 개의 [부서]가 운영되고 있는지, 각 [부서]에는 [이름]가 배치되어 있는지, 그리고 어떤 거래가 진행되는지 파악하고 있습니다. 이 과정에서 [부서]의 통합 또는 최소화 가능성도 함께 검토 중입니다.

예를 들어, 전체 [부서] 중에서 실제로 거래를 담당하는 직원이 있는 곳은 일부에 불과하며, 이곳에서 특정 규모의 고객을 관리하고 있습니다.

현재 [부서]의 예상 손실은 초기 추정보다 훨씬 낮은 것으로 나타나고 있습니다.

논의가 필요하신 사항이 있으시면 언제든 연락 주시기 바랍니다.

또한, 저희는 이미 [직접 입력]와 관련된 새로운 정책 및 절차를 구축하고 있습니다. 이 정책과 절차는 모든 [부서]에 전달되었고, 각각의 새로운 업무 방식, 계약, 규정, 그리고 각 직원의 책임 사항을 포함한 업무 패키지로 구성되고 있습니다.

이 정책에 따라 [이름]는 계속해서 해당 업무를 수행하려면 정식으로 서명해야 합니다.

추가로, 별도의 [부서]에서 직접 [고객]에게 연락해 거래 내용을 확인하는 독립적인 검증 프로세스도 마련 중입니다.
“맥도날드 햄버거” 비유가 이 상황에 잘 들어맞는다고 생각합니다!

이 모든 작업이 이미 진행 중임을 모든 구성원께 안내드립니다.

감사합니다.
[발신자]"
"Rick, thanks for taking so much of your time to explain RAC to the IPG group.
You said all the right things and left them with exactly the impression we were shooting for.
We are now trying to finalize a term sheet so we will be working with your folks to get this transaction down the road.
If I can return the favor let me know.
Thanks again.
",IPG visit,"안녕하세요, [수신자] 씨,

[기업명]에 [부서]를 설명하는 데 많은 시간을 내주셔서 감사합니다.
당신은 모든 것을 올바르게 말씀하셨고 우리가 목표로 삼았던 정확한 인상을 남겼습니다. 우리는 지금 텀시트를 마무리하려 하고 있으므로 이 거래를 진행하기 위해 여러분과 협력할 것입니다.

제가 보답할 수 있다면 알려주세요.
다시 한번 감사드립니다.

감사합니다.
[발신자]"
"Attached are the Enron Global Markets EOL Crude 24/7 Trading violation memos for  Net Open Position, Maturity Gap Risk and VAR for August 10, 2001.
The Office of the Chairman for Enron Global Markets is responsible for printing out hard copies of these memos, signing and returning the hard copies to Chris Abel at 3560f, who will forward them to RAC to obtain their signature.
Thank You
",Final 8/10/01 EOL Crude Violations,"안녕하세요, [수신자]님,

첨부된 것은 [직접 입력]입니다.
[기업명]의 회장실은 이 메모의 인쇄본을 인쇄하고 서명한 후 [장소]의 [이름]에게 반환해야 하며, 그는 [부서]로 전달하여 서명을 받습니다.

감사합니다.
[발신자]"
"As you may recall this Committee issued 30 subpoenas to Enron officers on January 11.
Mike Levy of Swidler Berlin has been retained by the Company to assist you in gathering and producing documents that are responsive to the subpoena.
Mike or someone from his firm will be contacting you this week.
Mike will be in touch with J.C. Nickens, who represents many of you in civil litigation and as SEC co-counsel, so they do not duplicate efforts.
In addition, the Company has formed a Task Force to respond to all requests for documents.
Dave Grant is the head of the Task Force.
Dave or someone from the Task Force may also contact you concerning the subpoenas.
Thank you for cooperating with these people.
Please do not hesitate to call me (5-2402) or Dave (3-1681) with any questions.
Thanks.
",Subpoena From Senate Committee on Governmental Affairs You Received,"안녕하세요, [수신자]님,

기억하시겠지만 이 위원회는 [날짜]에 [기업명] 임원들에게 30건의 소환장을 발부했습니다.
[기업명1]의 [이름]는 소환장에 대응하는 문서를 수집하고 제작하는 데 도움을 주기 위해 회사에서 고용했습니다. [이름] 또는 그의 회사에서 온 사람이 이번 주에 귀하에게 연락할 것입니다.

[이름]는 민사 소송에서 여러분 중 많은 사람을 대리하고 금융 규제 기관 공동 변호사로 활동하는 [이름1]와 연락하여 중복 작업을 하지 않도록 할 것입니다.
또한 회사는 모든 문서 요청에 응답하기 위해 태스크포스를 구성했습니다. [이름2]가 태스크포스의 책임자입니다. [이름2] 또는 태스크포스의 누군가가 소환장과 관련하여 귀하에게 연락할 수도 있습니다.

이 사람들과 협조해 주셔서 감사합니다.
질문이 있으면 언제든지 저([전화번호]) 또는 이름3에게 전화해 주십시오.

감사합니다.
[발신자]"
"Rick,   Lynn recently demo'd portrac for all of us in Corp Development.
It is a fantastic tool.
It's been needed for forever - I've been pulling together an asset list for Andy and Jeff Donahue - and I know first hand how difficult it is to get the detail that your group has input into portrac.
Donahue also thinks it's a great tool.
Lynn is going to demo it for Andy sometime soon.
I'm working with Lynn and Dave Gorte's folks (Cindy Hudler) to create a livelink library of models, presentations, tax structures, etc.
(all the files a corp dev person needs when we actively work an asset for sale).
We hope to have a link on the portrac web page similar to the DASH and COMET links.
It's very encouraging to see how far your group has come in organizing our investment data - Cindy's got a 30GB file of all models.
It sure makes my supposed 6 - 9 month job easier!
",portrac,"안녕하세요, [수신자] 씨,

[이름]은 최근 [부서]의 모든 직원을 위해 [직접 입력]을 데모했습니다.
오랫동안 필요로 했는데, 정말 도움이 되는 것 같아요.
저는 [이름1]와 [이름2]를 위해 자산 목록을 작성하고 있었고, 여러분 그룹이 [직접 입력]에 입력한 세부 정보를 얻는 것이 얼마나 어려운지 직접 알고 있습니다.

[이름3]도 훌륭한 도구라고 생각합니다. [이름]이 곧 [이름4]에게 데모할 것입니다.
저는 [이름]과 [이름2]가 사람들과 협력하여 모델, 프레젠테이션, 세금 구조 등의 라이브 링크 라이브러리를 만들고 있습니다.
(corp dev 담당자가 자산을 적극적으로 판매할 때 필요한 모든 파일).

DASH 및 COMET 링크와 유사한 [직접 입력] 웹 페이지에 링크를 추가하고자 합니다.
여러분 그룹이 투자 데이터를 구성하는 데 얼마나 많은 진전을 이루었는지 보는 것은 매우 고무적입니다. [이름5]는 모든 모델의 30GB 파일을 가지고 있습니다.
제 예상 작업 6~9개월을 확실히 단축시켜줍니다. 일의 진행이 더 빨라질 거예요!

감사합니다.
[발신자]"
"Attached please find the daily log for 08/09/01, 08/10/01 and weekly summary for week of 08/06.
If you have any comments please advise at ext 54751 or send email.
Regards,
",Daily Log and Weekly summary log,"안녕하세요, [수신자] 씨,

첨부된 [날짜], [날짜]의 일일 기록과 [날짜] 주 주간 요약을 확인해 주세요.
의견이 있으시면 내선 [전화번호]로 전화 주시거나 이메일을 보내 주세요.

감사합니다.
[발신자]"
"Attached is the Enron Americas GasTrading violation memo for  Maturity Gap Risk for August 13, 2001.
The Office of the Chairman for Enron Americas is responsible for printing out a hard copy of this memo, signing and returning the hard copy to Chris Abel at 3560f, who will forward it to RAC to obtain their signature.
Thank You
",Final 8/13/01 Gas Violation,"안녕하세요, [수신자] 씨,

첨부된 것은 [직접 입력] 메모입니다.
[기업명]의 회장실은 이 메모의 인쇄본을 인쇄하고 서명한 후 [장소]의 [이름]에게 반환해야 하며, 그는 [부서]로 전달하여 서명을 받습니다.

감사합니다.
[발신자]"
"Please see attached a United Way Contribution Summary by Business Unit as of Wednesday morning, August 10.
This summary includes the total contribution amount to date, percent participation, campaign goal, and percent of goal for each business unit, as well as the functional groups within your business units.
Currently we are at 77%, or $2.25M, of our financial goal with only 42% participation.
These numbers are still significantly lower than where we were this time last year and we continue to need your help!
If you will do the following throughout the remainder of the campaign, I know it would help exceed our goal of $2.9M.
?
Continue to send out reminder emails including the United Way link ?
Continue to have personal dialogue with your direct reports and those in your group  Please let me know if you have any questions regarding this report or the campaign in general.
Thank you for your participation and support of this year's campaign.
",UPDATED UNITED WAY REPORT,"안녕하세요, [수신자] 씨,

[날짜] [요일] 아침 기준으로 [부서]별 캠페인 실적 요약을 첨부하오니 참고해 주시기 바랍니다.

이 요약에는 지금까지의 총 기부 금액, 참여율, 캠페인 목표, 각 부서별 목표 달성률, 그리고 부서 내 세부 그룹 정보가 포함되어 있습니다.

현재 전체 재정 목표의 약 [직접 입력]%에 도달했으며 참여율은 [직접 입력]%에 불과합니다. 이 수치는 작년 같은 시점에 비해 여전히 낮은 수준이므로, 여러분의 적극적인 도움이 필요합니다!

캠페인 종료까지 다음과 같은 사항을 실천해주시면 목표 금액 초과 달성에 큰 도움이 될 것입니다.

캠페인 관련 링크가 포함된 안내 이메일을 지속적으로 발송해 주세요.

직속 보고자 및 팀원들과 적극적으로 소통해 주세요.

이 보고서나 캠페인 관련 궁금한 사항이 있으면 언제든 문의해 주시기 바랍니다.

올해 캠페인에 적극적으로 참여해 주시고, 지속적으로 지원해 주셔서 감사합니다.

감사합니다.
[발신자]"
"We know you have questions about recent events impacting Enron and our plans for the future.
Ongoing investigations and pending litigation have made it difficult, if not impossible, to share information in a timely manner.
While we can't address certain issues, we can tell you about our initial plans to move Enron forward and emerge from bankruptcy, and we are eager to do that.
We had planned to hold an all-employee meeting tomorrow, January 23, at the Hyatt Regency.
However, we don't want to subject you to the media frenzy that would certainly surround such a meeting, so we've decided to postpone it.
We are currently making arrangements to hold a series of employee meetings within the building to protect your privacy.
We will provide the date and times to you as soon as the logistics for those meetings are finalized.
Prior to the employee meetings, we will provide an overview of Enron's new organizational structure.
You can expect that memo shortly.
",Employee Meeting Postponed,"안녕하세요, [수신자] 씨,

[기업명]에 영향을 미치는 최근 사건과 미래에 대한 계획에 대해 궁금한 점이 있으시다는 것을 알고 있습니다.
진행 중인 조사와 계류 중인 소송으로 인해 정보를 적시에 공유하는 것이 어렵거나 불가능했습니다.
특정 문제를 해결할 수는 없지만, [기업명]을 발전시키고 파산에서 벗어나기 위한 초기 계획에 대해 말씀드릴 수 있으며, 이를 실현하고 싶습니다.

[날짜] [장소]에서 전 직원 회의를 열 계획이었습니다.
그러나 그러한 회의를 둘러싼 미디어의 광란에 여러분을 노출시키고 싶지 않아 회의를 연기하기로 결정했습니다.
현재 여러분의 프라이버시를 보호하기 위해 건물 내에서 일련의 직원 회의를 열 준비를 하고 있습니다.
해당 회의의 물류가 확정되는 대로 날짜와 시간을 알려드리겠습니다.
직원 회의 전에 [기업명]의 새로운 조직 구조에 대한 개요를 제공하겠습니다.
곧 그 메모를 기대하셔도 좋습니다.

감사합니다.
[발신자]"
"To:          All Enron Houston Users   Subject:   New Dialing Instructions   Ref:   Tie Line Access Code Changes - Enron Building Phone System   Effective Saturday, August 18, the access code for remote locations will be modified within the Enron Building phone system to reflect a standard utilized by all Enron phone systems.
The modification will change the first digit dialed when accessing the tie lines by using the Alternative Routing feature from 7 to 8.
As all other Enron phone systems currently access the tie lines with the digit 8, the change from 7 to 8 will only affect users who reside in the Enron Building.
All other Enron phone system users should note that several digits of the tie lines to London, Calgary, and Portland have changed.
What This Change Means To You   Effective Saturday, August 18, you must replace the first digit 7 with an 8 when accessing the tie lines.
Additionally, several of the digits to the London, Calgary, and Portland tie lines have changed.
All other digits of existing access codes will remain the same.
For your reference, a list of the new dial strings for remote locations is identified at the bottom of this message.
Please Note:  This change also means that any Auto-Dial buttons you use to call associates at remote locations will now have to be re-programmed.
Such buttons may be programmed on conference room phones and FAX machines in your area.
To re-program an Auto-Dial button:   ?
Press the Menu button on your soft keys ?
Press the Program button on your soft keys ?
Press the Auto-Dial button you wish to program ?
Dial the new Dial String (as identified below) ?
Press the # key   REVISED DIAL STRINGS FOR ENRON TIE LINE NETWORK Users must dial 8 digits to call via Tie Lines
",New Dialing Instructions,"안녕하세요, [수신자] 씨,

[회사명]에 영향을 미치는 최근 이슈와 앞으로의 계획에 대해 궁금하신 점이 많으실 것으로 압니다.

현재 진행 중인 소송 등으로 인해 모든 정보를 신속하게 공유하기 어렵거나 불가능한 점 양해 부탁드립니다.

특정 개별 사안에 대해 답변드릴 수는 없지만, [회사명]의 발전과 재도약을 위한 초기 계획에 대해 간략히 말씀드릴 수 있을 것 같아 안내드립니다.

당초 [날짜] [장소]에서 전사 회의를 개최할 예정이었으나, 미디어의 지나친 관심으로 인해 여러분께 불필요한 노출이 발생하지 않도록 해당 회의를 연기하기로 결정하였습니다.

대신, 여러분의 프라이버시를 보호하기 위해 사내에서 소규모로 여러 차례의 직원 회의를 준비하고 있습니다. 회의 관련 일정과 장소가 확정되는 대로 다시 안내드릴 예정입니다.

또한, 직원 회의에 앞서 [회사명]의 새로운 조직 구조에 대한 간략한 안내 자료도 제공드릴 계획입니다. 곧 관련 안내를 받아보실 수 있을 것입니다.

감사합니다.
[발신자]"
"Rick,  Our group has completed our new investment strategy and are preparing to move into the execution phase.
I would appreciate the opportunity to present the strategy to you, Dave Gorte and Randy Petersen.
It would take about 1 hour, and I would value your feedback.
Let me know if you are up for it, and I will have my assistant schedule it.
Thanks,
",Enron Principal Investments Strategy,"안녕하세요, [수신자] 씨,

저희 그룹은 새로운 투자 전략을 완료했고 실행 단계로 넘어갈 준비를 하고 있습니다.
저는 [이름1]와 [이름2]에게 전략을 발표할 기회를 주시면 감사하겠습니다.
약 1시간 정도 걸릴 것이고, 여러분의 피드백을 소중히 여깁니다. 참여하실 의향이 있다면 알려주시면 제 조수가 일정을 정해드리겠습니다.

감사합니다.
[발신자]"
"IT'S THE LAST DAY!
WE'RE GETTING CLOSER, BUT STILL HAVE A WAY TO GO!!
We are currently at 85% of our goal with 61% participation.
It's time to really rally the troops.
Per the report below, you will be able to see how your group is doing,  Please call or email if you have any questions or need anything else.
Thanks for all that each of you are doing to help us exceed our $2.9M goal.
",Updated United Way Report,"마지막 날입니다!

우리는 점점 목표에 가까워지고 있지만, 아직도 갈 길이 남아 있습니다. 현재 [참여율]%의 참여율로 [목표 달성률]%에 도달했습니다. 이제 정말로 모두의 힘을 한데 모아야 할 때입니다.

아래 [보고서]에서 각 [그룹/팀]의 진행 상황을 확인하실 수 있습니다. 질문이 있거나 추가로 필요한 사항이 있으시면 언제든 전화나 이메일로 문의해 주세요.

[목표 금액]을 초과 달성할 수 있도록 도와주신 모든 분들께 진심으로 감사드립니다."
"The court held a hearing today on the motion by some of the plaintiffs for an order regarding the preservation of documents.
The motions were directed primarily to Arthur Andersen and, to a lesser degree, to Enron.
None of your names were mentioned at the hearing.
Arthur Andersen and one of the plaintiffs' lawyers had agreed on a proposed order for preserving documents.
Other plaintiffs' lawyers said that the agreed order was not stringent enough.
With respect to Enron, there is some doubt as to whether the court can enter any order regarding Enron, because that may be the exclusive purview of the bankruptcy court.
Although the issue of which attorney should be appointed lead counsel was not technically before the court, most of the hearing was consumed with the various plaintiffs' lawyers arguing that the court should select them to be lead counsel.
The court said that it would not rule on the motion regarding preservation of documents until after 3:00 tomorrow.
All of the plaintiffs' lawyers are to get together in the next 24 hours to see if they can agree amongst themselves as to what they want the court to do.
The court said she would also consider whether Arthur Andersen was willing to agree to whatever order plaintiffs' all might agree upon.
The judge suggested that she would be selecting the lead plaintiff (and counsel) within the next few weeks.
",Report on Hearing Today,"법원은 오늘 일부 원고가 요청한 문서 보존에 관한 명령 동의안에 대한 심리를 열었습니다.

이번 동의안은 주로 [피고1]에게, 그리고 그보다 덜한 정도로 [피고2]에게 전달된 것이었습니다.

심리 과정에서 귀하의 이름은 언급되지 않았습니다.
[피고1]과 일부 원고의 변호인은 제안된 문서 보존 명령에 합의하였으나, 다른 원고의 변호인은 합의된 명령이 충분히 엄격하지 않다고 주장했습니다.

[피고2]와 관련해서는, 법원이 해당 피고에 대해 명령을 내릴 수 있는지 여부에 대한 의문이 제기되었습니다. 이는 다른 관할 법원의 관할권일 수 있기 때문입니다.

어떤 변호인을 수석 변호사로 임명할지에 대한 문제는 공식적으로 법원에 제출되진 않았으나, 심리의 상당 부분이 여러 원고의 변호인들이 자신들이 수석 변호사로 지정되어야 한다는 주장에 할애되었습니다.

법원는 내일 오후까지 문서 보존 명령 동의안에 대한 판결을 내리지 않을 것이라고 밝혔습니다.

모든 원고의 변호인들은 24시간 이내에 모여 법원에 어떤 결정을 요청할지에 대해 합의를 시도할 예정입니다.

또한, 법원는 [피고1]이 모든 원고가 동의하는 명령에 합의할 의향이 있는지도 고려할 것이라고 밝혔습니다.

마지막으로, 판사는 앞으로 몇 주 이내에 원고 및 변호인을 선정할 것임을 시사했습니다."
"Rather than hold a meeting to discuss the Finance Comm.
meeting scheduled for Monday, Feb. 11, I have asked Laura Valencia to schedule a conference call with Pug Winokur and the three of us to discuss the agenda and the presentation materials.
Please watch for this meeting on your calendar, or let me know if you have already been in contact with Pug such that no meeting is necessary.
Also, pls.
note that the Board and Committee meetings will be held in NYC.
If you do not have other reasons to travel to NYC, I suggest you connect via teleconference.
Thanks.
Paula
",Finance Comm. Mtg. on 2/11,"[날짜]에 예정된 [회의 주제] 회의를 논의하기 위해 회의를 여는 대신, [이름]에게 [이름1]와 저희 셋과 함께 전화 회의를 예약하여 의제와 프레젠테이션 자료를 논의하도록 요청했습니다.

일정에 이 회의를 기록해 두시거나, 이미 [이름1]와 연락을 취했다면 알려주십시오. 그렇게 되면 회의가 필요 없게 됩니다.

또한, 이사회와 위원회 회의는 [장소]에서 열립니다.
[장소]로 갈 다른 이유가 없다면 전화 회의로 연락하는 것이 좋습니다.

감사합니다.
[발신자]"
"Experience the best of the oil and gas world at  SPE 2001: An E&P Odyssey.
This premier industry event, SPE's Annual Technical Conference and Exhibition,    will be held on 30 September - 3 October at Ernest N. Morial Convention Center in New Orleans.
Professionals from around the world attend to advance their careers through    13 technical  discipline tracks   Eight one-day and ten two-day  short courses    Presentations by industry leaders including the  Opening General Session ,    ""The Global Oil Industry in the 21st Century,"" which features speakers such as    Harry Longwell, Senior Vice President/Director of Exxon Mobil Corp.,   and Nader Sultan, Deputy Chairman and CEO of Kuwait Petroleum Corp.   Establishing relationships with more than 8,000 participants   400 leading-edge E&P companies in the exhibition hall  Hands-on demonstrations of SPE products and services at the SPE Pavilion  Networking opportunities at the  Annual Banquet  and the  President's Luncheon        Register now  to be part of SPE's premier event!
",Experience the best of the oil and gas world at SPE 2001,"안녕하세요, [수신자]님.
[행사명]에서 산업 최고의 전문가 및 혁신을 경험해보세요.

업계 대표 [컨퍼런스]가 [날짜] [장소]에서 개최됩니다.

전 세계 전문가들이 기술 분야별 다양한 트랙을 통해 경력을 쌓을 수 있으며, 다양한 워크숍도 마련되어 있습니다.

주요 연사들이 기조연설과 업계 전망을 공유하며, 수많은 참가 인원이 함께 교류합니다.

행사장 내 부스에서는 최신 제품과 서비스를 직접 체험할 수 있으며, 연회와 오찬 등 네트워킹 이벤트도 준비되어 있습니다.

지금 등록하셔서 산업의 최고 행사에 함께하세요!
[발신자]"
"Shona,   As per my memo to you on August 13th, I am scheduling a kick-off meeting with individuals to discuss a daily tie-out process across all global risk applications/reports, i.e.
DPR, Infinity, RisktRAC (VAR and Benchmark) and CAS.
This would provide proof (or a trail to what is missing)  that required information from all risk books, commodities, and business units are appropriately reported on a daily basis.
As stated earlier, without a robust global books application, the daily process currently in place provides little assurance that ""everything"" rolls up correctly.
It also does not include Infinity.
My suggestion for attendance at this meeting, in addition to you, Beth and I, is as follows:  	Stacey White 	Todd Hall 	Sheila Glover/Clara Carrington
",Daily Tie Outs Across Risk Systems,"[수신자]님,

[행사명]에서 산업 최고의 전문가 및 혁신을 경험해보세요.

업계 대표 [컨퍼런스]가 [날짜] [장소]에서 개최됩니다.

전 세계 전문가들이 기술 분야별 다양한 트랙을 통해 경력을 쌓을 수 있으며, 다양한 워크숍도 마련되어 있습니다.

주요 연사들이 기조연설과 업계 전망을 공유하며, 수많은 참가 인원이 함께 교류합니다.

행사장 내 부스에서는 최신 제품과 서비스를 직접 체험할 수 있으며, 연회와 오찬 등 네트워킹 이벤트도 준비되어 있습니다.

지금 등록하셔서 산업의 최고 행사에 함께하세요!

감사합니다.
[발신자]"
"First of all my thanks to Vladimir for visit to PGE and the analysis work he did.
After reviewing your PGE Summary memo, I think it would be helpful to meet and discuss the Recommendation/Action Steps in more detail.
I will have my assistant call to establish a mutually agreeable time.
",PGE Risk Manageent Analysis,"[수신자]님,

우선 [부서]를 방문하고 분석 작업을 해주신 [수신자] 님에게 감사드립니다.
[프로젝트] 요약 메모를 검토한 후, 권장 사항/조치 단계에 대해 더 자세히 만나서 논의하는 것이 도움이 될 것 같습니다.
제 비서가 전화해서 서로 합의할 수 있는 시간을 정하겠습니다.

감사합니다.

[발신자]"
"Mark, The word on the street is that the NewPower folks are getting further in trouble (ie) strange trading activity, etc.
Looks and smells a little like the old EES.
Couple of opps: 	- get another shareholder on-side and demand an Enron led audit to confirm financial and operating health; 	- followed up by hostile exit of mgt team if significant issues arise.
Issues: 	- obviously pushes us into another level of complicity/fiduciary in a blow up or bankruptcy not unlike the issues we faced with Kafus et al; however, given our continued interest a significant control issue could result in a significant acceleration of a write-off of our existing position plus any outstanding credit.
I would recommend we force the management team to submit to a detailed audit as a part of a united shareholder iniative - Lets discuss.
Rick Buy, what is our current credit position?
Greg/John, do you have a view on this one?
Rick Causey, we  probably need a more ""permanent solution"" ot the NewPower issue.
Regards
",NewPower,"[수신자]님,

최근 [회사/조직/프로젝트]와 관련해 거리에서 들려오는 소문에 따르면, 이들이 더 큰 [문제/이슈](예: 비정상적인 거래 활동 등)에 휘말리고 있다는 이야기가 있습니다.

과거의 [직접 입력]와 비슷한 상황으로 보이며, 우려스러운 점이 있습니다. 여기서 두 가지 기회가 있다고 생각합니다:
다른 주주들을 설득하여, [회사] 주도로 재무 및 운영 건전성에 대한 감사를 요구하는 것
심각한 문제가 발견될 경우, 경영진의 교체 또는 퇴장을 유도하는 것

문제점으로는, 과거의 특정 이슈와 유사하게, 폭발적 상황이나 파산 위험 등 또 다른 차원의 신탁/공모 리스크로 이어질 수 있다는 점과 지속적인 관심이 필요한 가운데, 내부 통제 문제로 인해 기존의 입장이나 미지급 신용이 예상보다 빠르게 상각될 수 있다는 점이 있습니다.

저는 경영진이 통합 주주 이니셔티브의 일환으로 보다 세밀한 감사를 받도록 하는 것이 좋겠다고 생각합니다. 이 점에 대해 논의해보고 싶습니다.

[이름1], 현재 신용 상황은 어떻습니까?
[이름2], [이름3], 이 사안에 대한 의견이 있으시면 공유해 주세요.
[이름4], 어쩌면 더 지속 가능한 해결책이 필요할 수도 있습니다.

감사합니다.
[작성자]
"
"I will be out of the office tomorrow, Tuesday, January 22, 2002, and will return on Wednesday, January 23, 2002.
Chip Schneider will attend the Cash Management Committee as the RAC representative in my absence.
I will have limited access to e-mail tomorrow.
My mobile telephone will be on; its number is:  713-553-3138.
Regards,
","Out of Office Tuesday, January 22, 2002","[수신자]님,

저는 내일, [날짜] [요일]에 사무실을 비우고, [날짜] [요일]에 복귀할 것입니다.
[이름]는 제가 없는 동안 [부서] 대표로서 현금 관리 위원회에 참석할 것입니다.
저는 내일 이메일에 제한적으로 접근할 수 있을 것입니다.
제 휴대전화는 켜져 있을 것입니다. 번호는 [전화번호]입니다.

감사합니다.

[발신자]"
"Ted Murphy wants you to call him next week to discuss ""stuff"".
Are you available to call at any of the following times?
Tuesday  10:00am - 11:00am EDT  Wednesday   9:30am- 11:00am EDT Friday   8:00am - 9:30am EDT  Set up Risk Management meeting w/ Stan Horton, Vlady, etc.
3:30-4:30pm on Sept. 10.
FYI - Enron Management Conference is November 14, 15 & 16 in San Antonio.
Sarah Heineman trying to set up meetings Sept 11, 12 & 13 in Boston (Fleet & others), Banks in NYC & annual Toronto bank trip (you will be flying commercial)  shall I book you to Boston or somewhere up there close from Toronto on the return?
",Ted Murphy Wants Phone Time Next Week & Other Items,"[수신자]님,

[담당자]가 다음 주에 전화로 [회의]에 대해 논의하고 싶어 합니다. 다음 중 편하신 시간대가 있을까요?

[요일1] [시간]~[시간]
[요일2] [시간]~[시간]
[요일3] [시간]~[시간]

또한, [이름1], [이름2] 등과 함께하는 위험 관리 회의가 [날짜] [시간]~[시간]으로 예정되어 있습니다.

참고로, [회사명]의 경영 컨퍼런스는 [날짜]에 [장소]에서 개최됩니다.

추가로, [이름3]가 [장소1] 및 [장소2] 등지에서 연례 은행 방문 일정을 [날짜] 조율 중이며, [이동 수단]을 이용할 예정입니다.
[장소3]에서 돌아오는 길에 [장소1] 또는 인근 지역으로 일정을 잡아드릴까요?

감사합니다.
[발신자]"
"As was earlier announced, we will be bringing all Managing Directors together on a quarterly basis.
Please note on your calendars the first Monday of every quarter from 8:30 a.m. to 12:00 noon for this purpose.
The first meeting will take place on Monday, October 1st.
I look forward to seeing you there.
If you have any questions, please call Joannie Williamson at 713-853-1769.
",Executive Committee,"[수신자]님,

이전에 발표했듯이, 우리는 분기별로 모든 전무 이사를 모을 것입니다. 이를 위해 매 분기 첫 번째 월요일 [시간]부터 [시간]까지 일정에 기록해 주십시오.

첫 번째 회의는 [날짜]에 열립니다.

여러분을 뵙기를 기대합니다.
질문이 있으면 [전화번호]로 [이름]에게 전화하십시오.

감사합니다.
[발신자]"
"Good morning -  I am happy to announce that Joannie Williamson will be joining Ken Lay's office staff beginning today, August 27.
Joannie is a most welcome addition to our office!
We have identified many new duties for Joannie, but a couple of them will be working closely with the Enron Management Committee and the Enron Advisory Council.
For your information, her new phone number is 713-853-1769.
Rosie
",Joannie Williamson,"좋은 아침입니다, [수신자]님,

[이름]이 오늘 [날짜]부터 [이름1]의 사무실 직원으로 합류하게 되어 기쁩니다.
[이름]은 우리 사무실에 매우 환영받는 인재입니다!
우리는 [이름]에게 많은 새로운 업무를 할당했지만, 그 중 일부는 [부서1]과 [부서2]와 긴밀히 협력할 것입니다.
참고로, 그녀의 새 전화번호는 [전화번호]입니다.

감사합니다.
[발신자]"
"I will be out of the office on Monday, August 27th and will return on Tuesday, the 28th.
If you need to schedule a meeting with Rick Buy, please contact Mercy Gil @ 3-5391.
Thanks.
",Out of Office AutoReply: Travel,"저는 [날짜]에 사무실을 비우고 [날짜]에 복귀합니다.
[이름]과의 미팅 일정을 잡으려면 [이름1]에게 [전화번호]로 연락하세요.

감사합니다.
[발신자]
"
"Please note the following addition to the credit reserve:  Counterpary:	El Paso Merchant Energy, L.P. Enron Entity:	EPMI Deal#:		750378 Deal Date:	8/27/01 Term:		1/1/11 to 12/31/12 Deal Type:	25MW/h, on-peak, EPMI sale Marketer:	Matt Motley  Reserve Amount:  $20,000.00  RAC - Confirmed under Master Power Purchase and Sale Agreement dated 3/1/01.
Please let me know if you should have any questions on the above.
Rgds,
","Credit Reserve - El Paso Merchant Energy, L.P.","다음 신용 준비금 관련 추가 사항을 참고해 주시기 바랍니다.

거래상대방: [거래상대방]
회사/법인: [회사/법인명]
거래번호: [거래번호]
거래일: [거래일]
기간: [기간]
거래 유형/조건: [거래유형/조건]
담당자: [담당자]
신용 준비금: [금액]
계약서/근거: [계약서명, 일자 등]에 따라 확인됨

위 내용과 관련해 궁금하신 점이 있으시면 언제든 문의해 주세요.
감사합니다.
[작성자]"
"Hi Richard,       I am writing to let you know (if you have not heard already) that over twenty-five former Regional Directors of the Global Association of Risk Professionals (GARP) have formed a new international nonprofit association of risk managers.
The new association, called the Professional Risk Managers' International Association (PRMIA, pronounced as ""premia""), will include local chapters in Europe, Asia, the Middle East, North America and South America.
If you would like to know more about the new organisation and how to join please email me and I will be happy to give you more details.
Looking forward to hearing from you.
Regards
",New Risk Managers Association,"안녕하세요 [수신자] 씨,
[기관]의 전 지역 이사 25명 이상이 새로운 국제 비영리 위험 관리자 협회를 결성했다는 사실을 알려드리기 위해 글을 쓰고 있습니다.
[협회명]이라는 이름의 이 새로운 협회는 유럽, 아시아, 중동, 북미, 남미에 지부를 둘 예정입니다.
새로운 조직과 가입 방법에 대해 자세히 알고 싶으시면 저에게 이메일을 보내주시면 자세한 내용을 알려드리겠습니다.
연락을 기다리겠습니다.
감사합니다.
[발신자]"
"Attached are your daily market research reports.
Please contact me if you would like to hear about a certain company, or sector, and I will get right on it!
As you may or may not know, we have access now to research from Goldman Sachs, CS First Boston, as well as First Union Equity Marketing Group.
T  hank You,  Hank Emery
",Daily Market Research Reports,"안녕하세요, [수신자]님,

첨부한 일일 시장 조사 보고서를 확인해 주세요.
특정 회사나 부문에 대해 알고 싶으시면 저에게 연락해 주시면 바로 답변해 드리겠습니다.
현재 저희는 다양한 기업들의 조사 자료를 보고 있습니다.

추가적으로 궁금한 점이나 필요한 부분이 있으시면 언제든지 알려주세요.

감사합니다.
[발신자]"
"How well do you know our Code of Ethics?
""It is a condition of employment that each employee accept the responsibility of complying with the foregoing policies.
The Company will require each employee of the Company to complete and submit a statement in a form designated by the Company pertaining to such employee's compliance with the policies set forth in this booklet.
The Company reserves the right to request any employee to complete and submit such statement at any time or as frequently as the Company may deem advisable.""
(Enron Code of Ethics, July 2000, page 62)  What does that mean?
In layman's terms, everyone employed by Enron agrees to all the policies and standards listed in the current Code of Ethics (July 2000).
Who does it apply to?
The Code of Ethics applies to all employees, third party contractors, guests and licensees of Enron.
Additionally, employees are responsible for their family members and/or personal household who use, own, or have access to Enron's communication services and equipment -- including telephones, fax machines, computers, computer modems, long distance telephone services, cell phones, voice mail, pagers, e-mail, mail and delivery services.
",Code of Ethics -- What Exactly Did I Agree To?,"안녕하세요, [수신자]님,

[회사명]의 윤리 강령을 얼마나 잘 알고 계신가요?

""모든 직원/구성원이 본 정책을 준수하는 것은 고용의 조건입니다. [회사명]은 모든 구성원이 윤리 강령에 명시된 내용을 준수한다는 확인서를 회사가 지정한 문서에 작성하여 제출하도록 요구할 수 있습니다. 또한, [회사명]은 필요하다고 판단되는 경우 언제든지 이러한 확인서의 작성을 요청할 권리가 있습니다.""
([윤리 강령/정책], [날짜], [페이지])

이 말의 의미는 무엇인가요?
간단히 말해, [회사명]에 고용된 모든 사람은 현행 [윤리 강령/정책]에 명시된 모든 방침과 기준을 준수하는 데 동의한다는 의미입니다.

누구에게 적용됩니까?
[윤리 강령/정책]은 [회사명]의 모든 직원, 제3자 계약자, 방문자, 라이선스 소지자에게 적용됩니다. 또한, 직원 및 구성원은 [회사명]의 통신 서비스와 장비를 사용하는 가족 또는 가구 내의 개인에게도 책임이 있습니다. 여기에는 전화, 팩스, 컴퓨터, 모뎀, 장거리 전화, 휴대전화, 음성 메일, 호출기, 이메일, 우편 및 배달 서비스 등이 포함됩니다.

이메일로 전달되는 모든 정보는 [회사명]의 규정과 정책에 따라 적용됩니다. 필요 시 더 자세한 설명을 드리겠습니다.

감사합니다.
[발신자]"
"Public Relations / e-Biz called regarding the Risk Management Policy, and wanted to know if they could address it in e-Biz.
Initially I thought no, but perhaps you might want to take this opportunity to highlight other RAC issues of interest to employees.
I was thinking - maybe the roll out of the RAC website, 3-D data visualization tool recently profiled in Risk magazine, etc?
The contact person is Jeanie Mandelker at x36305 if you'd like to discuss it further.
I told her we'd get back to her next week.
Cassandra.
",e-Biz on RAC?,"안녕하세요, [수신자]님,

[부서]에서 **[직접 입력]**와 관련하여 우리 쪽에서 다룰 수 있는지 문의하는 전화가 있었습니다.

처음에는 해당 내용이 우리 범위가 아니라고 생각했지만, 이 기회에 직원들에게 관심이 있을 만한 다른 안건들도 함께 소개해보는 것도 좋겠다는 생각이 들었습니다.

예를 들어, [웹사이트/시스템] 출시 소식, [미디어/기사]에 최근 소개된 [도구/기능] 등이 있을 수 있습니다.

상세한 논의를 원하시면 연락 담당자에게 연락해 주시기 바랍니다.

다음 주에 다시 연락드릴 예정입니다.

감사합니다.
[발신자]
"
"Hi Rick:  I noticed that you were online.
Have you had an opportunity to look at the budget numbers.
Corp called and wanted to get them so they could start building their spreadsheets for the Lay presentation.
They said we could still revise it up to Friday.
I wanted to get your ok to send the numbers to them.
Thanks   Rick C.
",Budget Revision 2002 for RAC,"안녕하세요, [수신자]님,

당신이 온라인 상태인 걸 확인했어요. 예산 수치를 볼 기회가 있었나요?
회사에 전화해서 프레젠테이션을 위한 스프레드시트를 만들기 시작할 수 있도록 예산 수치를 가져오고 싶어하는 사람이 있는데, 그들은 금요일까지 피피티를 수정할 수 있다고 했어요.
가능하면 예산 수치를 전달해줘도 괜찮을까요?

고맙습니다.
[발신자]"
,수강신청 정정,"안녕하십니까 교수님, 저는 [학번] [이름]이라고 합니다.

교수님의 [과목명] [시간표] 강의에 대해 정정서를 제출해도 될지 문의드립니다. 
해당 시간 수업이 현재 다른 학생들에게도 인기가 많은 것을 알고 있습니다. 하지만 초과 학기를 다니는 상황이라 교수님께 염치 불구하고 메일 드렸습니다. 
교수님께서 답변을 주신다면 매우 감사드리겠습니다. 

여름철 더위 조심하시고, 메일 읽어주셔서 감사합니다.
[학번] [이름] 올림"
,수강신청 정정,"안녕하십니까 교수님 [학번] [이름]입니다.

지난 [날짜]에 메일을 드리고 [분반]분반은 어렵고 다른 분반에 정정서를 작성해보라는 답변을 받았었습니다. 하지만 아직 운영체제를 수강신청하지 못한 데다가, 초과학기를 다니고 있어 운영체제를 들을 수 있는 마지막 학기이기 때문에 불안감에 다시 여쭤보려고 메일 드렸습니다.

이전에 말씀해주신 대로 다른 분반인 [분반]분반에 정정서를 제출해도 괜찮을까요?
개인적인 사정과 감정으로인해 교수님을 번거롭게 해드려 대단히 죄송합니다.
답변 주시면 정말 감사하겠습니다.

메일 읽어주셔서 감사드리고, 남은 방학 잘 보내시길 바라겠습니다.
[학번] [이름] 올림"
,상담 요청,"안녕하십니까 교수님. 저는 4학년에 재학 중인 [학번] [이름]이라고 합니다. 

교수님께서 일전에 공지해주신 학부 연구생 모집에 관심이 있어 모집 공고를 찾아보았으나 찾지 못해 메일 드립니다. 혹시 모집이 마감 되었는지, 모집 공고를 볼 수 있다면 어디서 볼 수 있는지 여쭙고 싶습니다.

메일 읽어주셔서 감사합니다. 회신 해주시면 더욱 감사하겠습니다. 
[학번] [이름] 올림"
,수강신청 정정,"안녕하십니까 교수님, 저는 [학번] [이름] 입니다.

오늘 수강신청 시간을 통해 [과목명] 강의를 신청하였으나, 신청하지 못하였습니다. 혹시 정정서를 작성해도 괜찮을지 여쭤보고 싶어 메일 드립니다. 현재도 새로 고침 하며 기다리는 중이지만 자리가 생기지 않아 여쭤보는 점 죄송합니다. 또한 혹시 가능하시다면 어떤 분반에 신청하는 것이 교수님께서 선호하시는 지 알려주시면 너무 좋을 것 같습니다.

답변 주시면 정말 감사드리겠습니다. 

[학번] [이름] 올림"
,수업 내용 질의,"안녕하십니까 교수님, 교수님의 [과목명][시간표] 강의를 수강하는 [학번] [이름] 입니다.

3장 R 실습 강의록을 보던 중 교수님께서 install.packages(""prob"")를 사용하셨는데 설치가 되지 않아 찾아보니 cran검사를 통과하지 못해 보관되었다는 답변을 찾았습니다. 이런 경우 어떻게 해야 하는 지에 대해 문의 드립니다. 관련 사진 첨부합니다. 

메일 읽어주셔서 감사드리고 답변 기다리겠습니다.
감사합니다. 
[학번] [이름] 올림"
,병결 서류 제출,"안녕하십니까 교수님 [학과] [학번] [이름]입니다.

오늘 [과목명] 병결과 관련하여 [첨부자료] 제출합니다.
메일로 제출을 해도되는지 직접 제출해야 하는지 여쭤보지 않아 메일로 제출합니다. 혹시 대면으로 제출을 해야 한다면 다음 수업 시간에 제출하도록 하겠습니다.
어제 자가진단 키트로 양성을 확인하고, 오늘 병원에서 진단 후 양성 판정을 받았습니다.
또한 다른 문서가 더 필요한 게 있다면 말씀해주시면 감사하겠습니다.
메일 읽어주셔서 감사드립니다. 다음 수업 시간에 건강한 모습으로 뵙겠습니다.

[학번] [이름] 올림"
,병결 서류 제출,"안녕하십니까 교수님 [학번] [이름]입니다.

  다름이 아니라 코로나에 확진되어 내일 [시간표][과목명] 강의에 참여할 수 없을 것 같아 병결 인정이 가능한지 여쭙고자 메일 드립니다. 또한 진단서만 제출하면 되는지 문의 드립니다.
 첫 수업부터 참여하지 못하게 되어 대단히 죄송합니다. 교수님께서도 여러 질병에 조심하시길 바라고 메일 읽어주셔서 감사합니다.

[학번] [이름] 올림"
,서류 제출 승인,"교수님께서 말씀하신 pdf파일 보내드립니다.
파일에 문제가 있다면 말씀해주시면 감사하겠습니다.

[학번] [이름] 올림"
,상담 답변,"[수신자]님,

안녕하세요. [발신자]님이 내놓은 의견은 모두 중요한 주제입니다.
아래는 제가 추천하는 논의 방향입니다.
1. 자료 수집: 먼저 데이터를 얼마나 모을 수 있는지 확인해 보세요. 중요한 주제일지라도 자료가 없으면 분석이 불가합니다.
2. 익숙한 데이터 분석: 팀원들이 좀 더 흥미롭게 다룰 수 있는 익숙한 자료를 사용하면 능률이 올라갑니다.
3. 분야 지식 응용: 분야와 밀접한 지식을 응용할 수 있는 자료라면 더 좋을 것 같습니다.
4. 전문가 추천: 위 주제와 관련해 자문이 필요하다면 아래 인물들을 추천드립니다.
- [분야1]: [이름1], [이름2] 
- [분야2]: [이름3]
- [분야3]: [이름4]

추가 도움이 필요하시면 언제든지 알려주세요.

감사합니다.
[발신자]"
,상담 요청,"안녕하십니까 교수님 [학번] [이름] 입니다.
다름이 아니라 [기관]에서 주최하는 [공모전]에 참여하게 되었습니다.

팀원들과 주제 논의를 하면서 어려움을 겪고 있어 관련해서 이슈가 되고 있는 토픽이 있을까 자문을 구하고자 메일 드립니다.
현재 나온 의견으로는 [주제1], [주제2], [주제3] 등으로 이야기 하고 있습니다.
답변 주시면 감사하겠습니다! 한 학기 좋은 강의해주셔서 감사합니다.

[학번] [이름] 올림"
,중요 사항 고지,"[수신자]님,

안녕하세요. [날짜]에 진행될 예정이었던 외부특강은 강연자의 코로나 확진으로 인해 부득이하게 취소되었음을 알려드립니다.

따라서 [날짜1]에만 외부특강이 진행됩니다. 

특강 일정:
- 주제 1: [주제1]
- 주제 2: [주제2]

강사: [이름]
소속: [기업명] [부서]
시간: [시간1]~[시간2]
장소: [장소]

추가적으로 궁금한 사항이 있으면 언제든지 문의해 주세요.

감사합니다.
[발신자]"
,수강신청 정정,"안녕하십니까 교수님, 저는 [학과] [학번] [이름]입니다.
​
다름이 아니라 [과목명] 정정서 제출을 지금이라도 해도되는지 여쭈고 싶어 메일 드립니다.
​
[과목명] 강의를 신청하였었으나 수강신청날에 신청을 실패하였고, 많은 고민을 하였습니다. 하지만 작년 학술제를 다시 떠올리며 제가 부족했던 점들에 대하여 [과목명] 강의를 통해 더 배울 수 있다고 생각했고, 수입관세와 쿼터 등 제가 취약한 부분에 대해서도 더 배우고 싶습니다. 정정서 신청을 받아주신다면 정말 감사하겠습니다.
​
회신 기다리겠습니다. 메일 읽어주셔서 감사합니다.
​
[학번] [이름] 올림"
,수강신청 정정,"안녕하십니까 교수님. 저는 [학번] [이름]이라고 합니다. 
​
다름이 아니라 [과목명][학수번호][시간표] 강의 추가 정정서를 쓸 수 있는지 여쭈기 위해 매일 드립니다.
이번 학기부터 복수전공을 하게 되어 신청하려고 하였으나 신청인원이 초과되어 신청하지 못하였습니다. 
​
정정서를 쓸 수 있는 지에 관해 답장 주시면 감사드리겠습니다. 메일 읽어주셔서 감사합니다. 
​
[학번] [이름] 드림"
,수강신청 정정,"안녕하십니까 교수님 저는 [학번] [이름]이라고 합니다.
​
다름이 아니라 [과목명][시간표] 강의에 대해 추가 정정서를 쓸 수 있는지 여쭙고 싶어 메일 드립니다. 이번 학기부터 복수전공을 시작하게 되어 신청하였으나, 수강인원이 초과되어 신청하지 못하였습니다. 
​
정정서와 관련해 답변을 주신다면 정말 감사드리겠습니다. 메일 읽어주셔서 감사합니다.
​
[학번] [이름] 드림"
,,"안녕하십니까 교수님 저는 교수님의 [과목명]을 듣는 [학번] [이름]이라고 합니다.
다름이 아니라 오늘 특별강의를 듣고 미팅룸이 종료되었을 때, 노트북이 비정상적으로 작동해 이후 3교시 강의에 늦게 참여해 출석체크를 하지 못했습니다. 
혹시 출석을 지각으로 인정해주실 수 있는지 여쭙고 싶어 메일 드립니다..! 교수님께서 어쩔 수 없다고 하신다면 다음부터는 이런 일이 없도록 하겠습니다. 메일 읽어주셔서 감사드립니다. 
​"
,,"안녕하세요, 교수님.

답변 주셔서 정말 감사합니다. 교수님께서 말씀해 주신 시간대 중에 저는 내일 [시간]~[시간] 혹은 [시간] 이후로 가능합니다! 교수님께서 편하신 시간에 맞추어 드리겠습니다.

시간을 조정해 주셔서 감사합니다. 편하신 시간에 맞춰 뵙겠습니다!

감사합니다.
[이름]"
,,"안녕하세요 [수신자]님,

답변 주셔서 감사합니다. 내일 [시간]~[시간] 또는 [시간] 이후로 가능하며, [수신자]님께서 편하신 시간에 맞추어 조정해 주시면 감사하겠습니다.

편리하신 시간에 맞춰 진행할 수 있도록 하겠습니다. 시간 내주셔서 감사합니다.

감사합니다.
[발신자] [부서]"
,,"안녕하세요, [수신자]님.

[프로젝트] 발표를 위해 [기관명] 자료를 사용해야 한다고 들었습니다. 아마도 이미 알고 계실 것 같은데, 제 전공은 미시경제학 쪽이라 주제 선정에 도움이 되지 않을까 생각됩니다.

이와 관련해 [이름1], [이름2], [이름3]님께서 이 분야에 대해 더 잘 아실 것 같습니다. 한 번 찾아뵈면 좋은 조언을 얻을 수 있을 것 같습니다.

감사합니다.
[발신자]"
,,"안녕하십니까 교수님의 [시간표] [과목명] 강의를 듣는 [학번] [이름]이라고 합니다. 
​
갑상선기능항진증에 대해 여쭙고 싶어 메일 드립니다.
지금까지 강의를 통해서 갑상선이 대사기능에도 영향을 미치고, 갑상선이 제대로 기능하지 못하면 갑상선기능항진증이나 갑상선기능저하증에도 걸릴 수 있다는 것을 배웠습니다. 저는 이전에 갑상선기능항진증 진단을 받은 적이 있었는데요, 그래서 그 질병에 대해 검색을 해봤을 때 일반적인 증상으로는 매우 피곤하고, 살이 빠진다는 것을 알았습니다.
살이 빠지는 이유가 갑상선이 더 많이 기능을 하면서 대사과정에 영향을 많이 미치기 때문인가요?
하지만 저의 경우에는 오히려 체중이 증가했었던 기억이 있습니다. 이러한 경우는 어떻게 설명이 될 수 있나요? 당시 먹는 양은 많았지만 운동량은 매우 적었기 때문에 대사과정이 많이 일어나도 충분한 대사가 이루어지지 않았기 때문이라고 배운 내용을 통해 추측을 해보았는데, 이렇게 생각을 한다면 갑상선기능항진증임에도 체중이 증가하는 현상을 설명할 수 있나요?
​
메일 읽어주셔서 감사하고 답변 기다리겠습니다.
오늘도 건강한 하루 보내시길 바랍니다
[학번] [이름] 올림
​"
,,"안녕하세요, [수신자]님

[자료명] 잘 받았습니다.
다음주부터 학습활동 진행하면 됩니다.

감사합니다."
,,"안녕하세요.

[요일] 사전교육 종료 후,
사전교육 불참자를 대상으로 대체 프로그램(워크시트 작성)을 안내드리겠습니다.
정확한 불참자 명단을 보내주세요.

감사합니다."
,,"안녕하십니까. 이번 스터디그룹에 선정된 [직접 입력]의 팀장 [학번] [이름]입니다. 
​
다름이 아니라, 사전 교육 시간이 백승관 교수님의 거시경제학 수업시간과 겹쳐 저 포함 3명은 참석이 어려울 것 같습니다. 대신해서 저희 팀원 1명만 참여하는 것이 가능한지 여쭙고 싶습니다.

또한 사전교육 안내사항에 따르면 사전교육에 참여하지 않을 시엔 탈락 사유가 될 수 있다고 하셨는데, 이런 경우에도 그에 해당하는지 여쭙니다. 
답변 기다리겠습니다. 늦은 시간에 메일 드린 점 죄송합니다. 좋은 밤 보내시길 바랍니다.  
​
[학번] [이름] 올림"
,,"[수신자] 교수님께,
안녕하세요 교수님의 [과목명] 강의를 듣는 [학번] [이름]입니다. 2주차 강의를 공부하면서 질문이 생겨 여쭈어봅니다.
​
제가 드리고 싶은 질문은 4시간, 5시간을 수면하더라도 수면가이드 영상을 활용한다면 7, 8시간 수면을 하는 것만큼 수면의 주기를 반복하거나 양질을 수면을 취하는 것이 가능한가요?
​
수업시간을 통해 7시간에서 8시간 사이의 수면 시간이 적절하다고 배웠습니다. 하지만 그것을 실제로 지키기는 굉장히 어려운 것 같습니다. 저는 평소 잠이 오지 않을 때나 시험기간에는 유튜브를 통해 '수면가이드'라는 것을 사용하는데요. 그 영상을 사용하면 꼭 7시간, 8시간동안 수면을 하지 않아도 잘 일어날 수 있었고 생각보다 피로감을 덜 느꼈던 것 같아서 질문드립니다!
​
질문 읽어주셔서 감사드리고, 주말 잘 보내시길 바랍니다!
[학번] [이름] 올림"
,추천서 요청,"안녕하세요 [수신자] 교수님,

저는 교수님의 [과목명] 강의를 듣고 있는 [학번] [이름]입니다. 이번에 [학과]에서 추진하는 장학생 선발에 신청하고자 하며, 이를 위해 학부장님의 추천서가 필요합니다. 실례를 무릅쓰고 이렇게 메일을 드리게 되었습니다.

교수님께서 추천서를 고려해주시면 정말 감사하겠습니다. 회신 주시면 감사히 받겠습니다.

감사합니다.
[학번] [이름] 올림"
,성적 문의,"교수님 안녕하세요, 저는 [과목명] [분반]을 수강한 [학번] [이름]입니다. 

컴퓨터공학과를 복수 전공 중인 저에게 어려운 과목이었지만, 열심히 수업 듣고 교수님께서 질문 잘 받아 주셔서 한 학기 동안 컴퓨터공학의 필수 지식을 배울 수 있었습니다.

제가 이번 [과목명] 수업을 열심히 듣고 공부했지만, 성적을 확인하고 아쉬운 마음에 고민 끝에 메일을 보내게 되었습니다. 저의 중간 점수와 기말 점수 모두 평균보다 높은 성적이고, 매 수업 참석하여 출석도 만점으로 최선을 다했습니다.

혹시 저의 성적에 대하여 한 번 확인해 주실 수 있을까요? 

바쁘신 와중에 메일 확인해 주셔서 감사합니다.
평온한 하루 보내시고 교수님의 [과목명]를 들을 수 있어 영광이었습니다.

[이름] 올림"
,출결 문의,"교수님 안녕하세요, 저는 [과목명] [분반]을 수강 중인 [학번] [이름]입니다. 

지난 수업 때 출결 관련해서 13주차가 모두 지각 처리되어 있는 오류를 발견하고 확인 부탁드렸습니다.
교수님께서 아직 변경되지 않은 거 같아서 출석처리해 주신다고 하셨는데 아직 지각으로 되어있어서 문의드립니다.
혹시 출결 확인해 주실 수 있을까요?

바쁘신 와중에 메일 확인해 주셔서 감사합니다.

[이름] 올림"
,시험 범위 문의,"교수님 안녕하세요, 저는 [과목명] [분반]을 수강 중인 [학번] [이름]입니다.

제가 이번 중간고사 관련 문의사항이 있어서 메일을 보내게 되었습니다.
지난 수업 때 시험범위를 JDBC 드라이버 전까지 라고 하셨는데 강의록 기준으로 30페이지까지가 맞을까요?

중간고사를 준비하면서 정확한 범위를 알고 싶어서 문의 드리게 되었습니다.
바쁘신 와중에 메일 확인해 주셔서 감사합니다!

[이름] 올림"
,시험 일정 문의,"교수님 안녕하세요, 저는 [과목명] [분반]을 수강 중인 [학번] [이름]입니다.

제가 이번 기말고사 공지를 확인하고 해당 일시에 전공 시험이 있어서 메일을 보내게 되었습니다.
저는 [날짜] [시간]부터 [이름1] 교수님의 [과목명1] 기말고사와 [시간1]부터 [이름2] 교수님의 [과목명2] 기말고사가 예정되어 있습니다. 

이러한 이유로 혹시 기말고사 일시를 변경해 주실 수 있는지 요청드립니다. 추가로 기말고사 범위가 어디까지 인지도 알고 싶습니다.
바쁘신 와중에 메일 확인해 주셔서 감사합니다!

[이름] 올림"
,과제 문의,"교수님 안녕하세요, 저는 [과목명] [분반] 수강 중인 경영학과 [학번] [이름]입니다.

다름이 아니라 어제 올려주신 과제3에서 문제가 1번 다음 4,5번으로 이어져서 옳게 올라온 것인지 확인하고자 연락드리게 되었습니다.
2,3번 없이 4,5번으로 넘어가는 게 맞나요? 전에 있던 과제보다 문제 수가 적어서 확인하고 싶었습니다.

바쁘신 와중에 메일 확인해주셔서 감사합니다.
평온한 하루 보내시고 다음 수업 때 뵙겠습니다.

[이름] 올림"
,수강신청 정정,"교수님 안녕하세요, 저는 이번 학기부터 [학과] 복수 전공을 시작하게 된 [학번] [이름]입니다.

다름이 아니라 수강신청과 추가신청까지 마친 후 교수님의 [과목명] 수업(학수번호: [학수번호])을 신청하지 못하여 문의 메일을 보내게 되었습니다.

제가 현재 4학년으로 최대한 많은 수업을 들어야 하는 상황인데 중요한 과목 중 하나인 [과목명]을 신청하지 못했습니다.
최선을 다해 신청을 해보고 있지만 저는 꼭 교수님의 수업을 듣고 열심히 공부하고 싶습니다.
혹시 정정이 가능할지 교수님의 허가를 받고 싶습니다. 

허락해 주신다면 정정 기간에 정식 정정서를 작성하겠습니다.
이렇게 연락 드려 죄송합니다. 교수님의 답변 기다리겠습니다!

[이름] 올림"
,수업 공결 처리 요청,"안녕하세요 [수신자] 교수님.
[날짜] 동원예비군 훈련으로 인해서 수업 참여를 못했습니다.
예비군 훈련 참여 증명서를 통해 수업 공결 처리 부탁드리겠습니다.
감사합니다.

[학번] [이름] 드림"
,과제 문의,"안녕하세요.
저는 [수신자] 교수님의 [과목명]을 듣고 있는 [학번] [이름]입니다.

죄송하지만 과제 제출 기한은 아는데 제출방법을 잊어 급하게 메일로 질문합니다.

실험과제 제출하는 방법을 알려주시면 감사하겠습니다. "
,수업 내용 질의,"안녕하세요. 저는 [요일] [과목명]을 듣고 있는 [학번] [이름]입니다.

보통 메모리를 접근할때 store과 load 이 두 명령어로 한다는걸 배웠습니다.

set fmt, %o0
call scanf
add %fp, -4, %o1
ld [%fp-4], %l1

 
이 예제 코드에서 add 문장이 store하는 과정인지 궁금합니다."
,수강신청 정정,"안녕하세요 [수신자] 교수님. 저는 [학과] 복전생인 [학번] [이름]이라고 합니다. 
현재 초과학기 중으로 25-1 졸업을 앞두고 졸업요건으로 이수학점을 채워야 하는데 교수님의 도움이 필요합니다. 다름이 아니라 제가 이번 24-2 수강신청에 실패하여 전선과목을 몇개 놓치게 된 상황입니다. 
그래서 [과목명] ([시간표]) 수강이 가능한지 여쭙고 싶습니다. 제가 이번24-2 시간표가 꼬이는 바람에 [과목명] 과목을 반드시 수강해야 하는 상황입니다. 제게 [과목명] 과목 수강의 기회를 주실 수 있을까요. 도와주십시오... 회신기다리겠습니다. 좋은하루되시고 다시 한번 감사합니다."
,시험 일정 문의,"안녕하세요 교수님,

저는 [학과] 복전생인 [학번] [이름]입니다. 현재 초과학기 중으로 졸업을 앞두고 25-1 졸업을 위해 이수학점을 채워야 하는 상황입니다. 그러나 이번 24-2 수강신청에서 전선 과목 몇 개를 놓치게 되어 졸업 요건을 채우기 위해 교수님의 도움이 필요합니다.

특히, [과목명] ([시간표]) 수강이 가능한지 여쭙고 싶습니다. 이번 24-2 시간표가 꼬이면서 반드시 [과목명]을 수강해야 하는 상황이 되었는데, 교수님께서 제게 이 과목을 수강할 기회를 주실 수 있을지 궁금합니다.

도움 주시면 정말 감사하겠습니다. 회신 기다리겠습니다. 좋은 하루 되시길 바랍니다. 다시 한 번 감사드립니다.

[학번] [이름] 올림"
,수업 내용 질의,"안녕하세요 교수님,

저는 [전공] 4학년 초과학기 중인 [학번] [이름]이며, 현재 [과목명] 강의를 수강하고 있습니다.

지난 과제 01을 하면서 수업 중 대략적인 이해는 가능하지만, 시간 복잡도 계산이나 과제 코드를 구현하는 부분에서 어려움을 느꼈습니다. 알고리즘은 지난 학기에 [이름] 교수님 [과목명] 수업에서 기본적인 내용을 배웠지만, 여전히 정확한 이해가 부족한 상태입니다.

혹시 알고리즘을 보다 잘 이해하고 공부할 수 있는 참고 자료나 학습 방법이 있다면 알려주실 수 있을까요?

부탁드립니다. 감사합니다.
[학번] [이름] 올림"
,진로 상담,"안녕하세요 [수신자] 교수님
저는 [전공]인 올해 [학년] 추가학기예정인 [이름]이라고 합니다.
제가 [분야]에 관심이 생겨서 공부에 관해 질문하고 싶어서 이렇게 연락드립니다. 
프로젝트 경험은 거의 전무한데 블록체인 소프트웨어분야 개발자를 저의 목표진로로 잡고 공부할 계획입니다.
[분야]에 대한 지식도 전혀없는 상태인데 공부로드맵이나 추천하시는 공부법이 있다면 알려주실 수 있을까요? 그리고 혹시 교수님 블록체인연구실에 티오가 있다면 밑바닥부터 공부해서 연구실에 들어가서 프로젝트에 참여하고 싶습니다. 
바쁘신데 긴글 읽어주셔서 감사하고 답변기다리겠습니다. 
감사합니다.
[발신자] 올림 "
,,"안녕하세요 교수님,

저는 [학번] [발신자]입니다. 최근 개인적인 건강 문제로 인해 수업에 집중하기 어려운 상황이 발생하여, 과제 제출 일정에 맞추지 못한 점 깊이 사과드립니다. 가능하다면 메일을 통해 과제를 제출하고, 일부 감점이 있더라도 평가에 반영해주실 수 있을지 여쭙고 싶습니다.

다음 과제와 수업 일정은 차질 없이 참여할 예정이며, 부족했던 부분은 별도로 보완하겠습니다. 귀중한 시간을 내어 읽어주셔서 감사드리며, 긍정적인 답변 기다리겠습니다.

감사합니다."
,,"안녕하세요, 교수님.
저는 [학과/학번] [이름]입니다.

다름이 아니라, 지난 [수업일]에 개인적인 사정으로 수업에 참석하지 못했습니다.
혹시 해당 수업에서 다루신 주요 내용이나 과제 사항이 있다면 안내해주실 수 있을지 문의드립니다.

불편을 드려 죄송합니다.
답변 부탁드리며, 좋은 하루 보내세요.

감사합니다.
[이름] 드림"
,,"안녕하세요, 교수님.
[학과/학번] [이름]입니다.

현재 진행 중인 [과목명] 과제 관련하여 부득이하게 제출 기한 연장을 요청드리고자 메일 드립니다.
최근 건강상의 문제로 인해 과제에 충분한 시간을 할애하지 못하였습니다.

혹시 가능하시다면 [연장 요청 기한]까지 제출 기회를 주실 수 있는지 여쭤봅니다.
불편을 끼쳐드려 죄송합니다.

검토 부탁드립니다.
감사합니다.

[이름] 드림"
,,"안녕하세요, 교수님.
저는 [학과/학번] [이름]입니다.

[지원하려는 장학금/프로그램/취업처]에 지원하기 위해 교수님의 추천서가 필요하여 메일 드립니다.

평소 교수님 강의에서 많은 도움을 받았기에, 추천서를 부탁드릴 수 있을지 여쭤보고자 합니다.

필요하신 자료나 참고할 내용이 있다면 언제든 말씀해주시면 성실히 준비하겠습니다.

바쁘신 중에 번거롭게 해드려 죄송합니다.
긍정적으로 검토해주시면 감사하겠습니다.

[이름] 드림"
,,"안녕하세요, 교수님.
[학과/학번] [이름]입니다.

금번 학기 [과목명] 성적 관련하여 문의드릴 점이 있어 연락드립니다.

확인해 본 결과, 일부 과제 점수 반영에 궁금한 점이 있어 상세 내역을 여쭤보고 싶습니다.
혹시 면담이나 추가 설명을 들을 수 있는 시간이 있으시다면 안내 부탁드립니다.

감사합니다.

[이름] 드림"
,,"안녕하세요, 교수님.
[학과/학번] [이름]입니다.

진로 및 학업 관련 상담을 받고 싶어 메일 드립니다.
교수님께서 편하신 시간을 알려주시면 그 일정에 맞추어 찾아뵙고자 합니다.

답변 기다리겠습니다.
감사합니다.

[이름] 드림"
,,"안녕하세요, 교수님.
[학과/학번] [이름]입니다.

이번 학기 [과목명] 수강 신청과 관련하여 문의드릴 사항이 있어 연락드립니다.

현재 수강 인원이 초과되어 대기 중인데, 혹시 추가 수강이 가능한지 여쭤보고 싶습니다.

번거로우시겠지만, 가능 여부를 안내해주시면 감사하겠습니다.

[이름] 드림"
,,"안녕하세요, 교수님.
[학과/학번] [이름]입니다.

지난 수업에서 사용하신 [교재/자료명] 파일을 놓쳤는데, 혹시 다시 받아볼 수 있을지 문의드립니다.

수업 준비에 차질이 없도록 도와주시면 감사하겠습니다.

감사합니다.
[이름] 드림"
,,"안녕하세요, 교수님.
[학과/학번] [이름]입니다.

졸업 요건 및 학점 인정과 관련하여 궁금한 점이 있어 문의드립니다.

현재 이수한 과목들이 졸업에 필요한 학점으로 제대로 반영되는지 확인하고 싶어 교수님의 확인을 부탁드립니다.

확인해주시면 감사하겠습니다.

[이름] 드림"
,,"안녕하세요, 교수님.
[학과/학번] [이름]입니다.

현재 진행 중인 [과목명] 팀 프로젝트 관련하여 일정 조정이 필요한 상황이라 연락드립니다.

팀원 중 한 명이 건강상의 문제로 참여가 어려운 상황인데, 혹시 발표 일정을 조정해주실 수 있을지 검토 부탁드립니다.

감사합니다.
[이름] 드림"
,,"안녕하세요, 교수님.
[학과/학번] [이름]입니다.

[실험/연구]와 관련하여 교수님 연구실을 방문해보고 싶어 이렇게 메일 드립니다.

잠깐이라도 방문 및 간단한 설명을 들을 수 있는 시간이 있을지 여쭤보고 싶습니다.

가능하시다면 일정 조율을 부탁드리겠습니다.

감사합니다.
[이름] 드림"
,,"안녕하세요 교수님,

[과목명] 강의의 강의실 변경이 있는지 확인하고 싶습니다. 현재 [현재 강의실]에서 수업을 듣고 있는데, 혹시 변경 사항이 있는지 알려주실 수 있을까요?

감사합니다.

[학번] [이름] 올림
"
,,"안녕하세요 교수님,

저는 [학과] [학번] [이름]입니다. 다름이 아니라, [과목명] 강의의 강의실에 변경 사항이 있는지 여쭙고자 메일을 드립니다. 수업에 대한 일정은 확인했으나, 혹시 강의실에 변동이 있을 수 있는지 확인 부탁드립니다.

편하실 때 회신 주시면 감사하겠습니다.

감사합니다.

[학번] [이름] 드림"
,,"안녕하세요 교수님,

저는 [학과] [학번] [이름]입니다. 다름이 아니라, [과목명] 강의를 수강 중인데요, 이번 주 강의실에 변경이 있을지 확인하고자 메일을 드립니다. 수업 일정은 확인했지만, 혹시 강의실에 변경이 있는지 알고 싶습니다.

변경된 강의실을 확인하고, 수업에 차질이 없도록 준비하고자 합니다. 바쁘시겠지만 확인 후 회신 주시면 감사하겠습니다.

좋은 하루 되세요.

감사합니다.

[학번] [이름] 올림"
,,"안녕하세요 교수님,

[과목명] 수업에 필요한 준비물에 대해 여쭙고 싶습니다. 수업에 필요한 프린터물이나 도구가 있는지 확인 부탁드립니다.

감사합니다.

[학번] [이름] 올림"
,,"안녕하세요 교수님,

저는 [학과] [학번] [이름]입니다. [과목명] 수업에 필요한 준비물이 무엇인지 확인하고 싶습니다. 혹시 프린터물이나 특별히 준비해야 할 도구가 있다면 알려주시면 감사하겠습니다.

편하실 때 회신 부탁드립니다.

감사합니다.

[학번] [이름] 올림"
,,"안녕하세요 교수님,

저는 [학과] [학번] [이름]입니다. 다름이 아니라, [과목명] 수업에 필요한 준비물에 대해 여쭙고자 합니다. 수업에 필요한 프린터물이나 도구가 있으면 미리 준비하고 싶습니다. 혹시 수업 전에 준비해야 할 사항이 있다면 알려주시면 감사하겠습니다.

수업에 차질이 없도록 준비하려 합니다. 답변 부탁드립니다.

감사합니다.

[학번] [이름] 올림"
,,"안녕하세요 교수님,

[과목명] 시험 범위에 대해 여쭙고 싶습니다. 시험 범위가 어디까지인지 확인해 주시면 감사하겠습니다.

감사합니다.

[학번] [이름] 올림"
,,"안녕하세요 교수님,

저는 [학과] [학번] [이름]입니다. 다름이 아니라, [과목명] 시험 범위에 대해 여쭙고자 합니다. 시험 범위가 어디까지인지 확인할 수 있을지 궁금합니다.

편하실 때 회신 부탁드립니다.

감사합니다.

[학번] [이름] 드림
"
,,"안녕하세요 교수님,

저는 [학과] [학번] [이름]입니다. 다름이 아니라, [과목명] 시험 범위에 대해 여쭙고자 합니다. 시험 준비를 잘 하고 싶어서 범위에 포함되는 주요 내용에 대해 확인하고자 합니다.

시험 준비에 차질이 없도록 정확한 범위를 알려주시면 감사하겠습니다.

답변 부탁드립니다.

감사합니다.

[학번] [이름] 올림"
,,"안녕하세요 교수님,

저는 [학번] [이름]입니다. 다름이 아니라, 병원 방문으로 인해 오늘 수업에 참석할 수 없음을 알려드립니다. 결석으로 인한 출석 처리나 추가적으로 필요한 사항이 있는지 궁금합니다.

감사합니다.

[학번] [이름] 올림
"
,,"안녕하세요 교수님,

저는 [학번] [이름]입니다. 갑작스러운 병원 방문으로 인해 오늘 [과목명] 수업에 참석할 수 없게 되었습니다. 결석으로 인한 출석 처리나, 수업 내용에 대해 보충할 방법이 있는지 궁금합니다. 필요한 경우 추가적인 조치를 취할 준비가 되어 있습니다.

편하실 때 회신 부탁드립니다.

감사합니다.

[학번] [이름] 드림"
,,"안녕하세요 교수님,

저는 [학번] [이름]입니다. 오늘 병원 방문으로 인해 [과목명] 수업에 참석하지 못하게 되어 미리 양해를 구하고자 합니다. 결석 처리와 관련해서, 보충 수업이나 추가 과제가 필요한지 여쭤봅니다. 제가 빠지게 된 수업 내용에 대해서 어떻게 보충할 수 있을지 조언 부탁드립니다.

답변 주시면 감사하겠습니다.

[학번] [이름] 올림"
,,"안녕하세요 교수님,

저는 [학번] [이름]입니다. 오늘 병원 방문으로 인해 수업에 참석하지 못했습니다. 결석에 대한 출석 처리는 어떻게 되는지, 그리고 보충이나 필요한 과제가 있는지 여쭤보고 싶습니다.

감사합니다.

[학번] [이름] 올림"
,,"안녕하세요 교수님,

저는 [학번] [이름]입니다. 갑작스러운 병원 방문으로 오늘 수업에 결석하게 되었습니다. 결석으로 인해 출석 처리나 보충할 방법에 대해 궁금합니다. 교수님께서 필요한 절차나 과제가 있다면 안내 부탁드립니다.

감사합니다.

[학번] [이름] 올림"
,,"안녕하세요 교수님,

저는 [학번] [이름]입니다. 병원에 입원하게 되어 향후 몇 주간 수업에 참석할 수 없게 되었습니다. 이로 인해 결석 처리와 수업 보충 방안에 대해 여쭤보고 싶습니다. 어떤 절차가 필요한지 안내해 주시면 감사하겠습니다.

감사합니다.

[학번] [이름] 올림"
,,"안녕하세요 교수님,

저는 [학번] [이름]입니다. 불행히도 병원에 입원하게 되어 향후 [기간]동안 수업에 참석할 수 없게 되었습니다. 이에 따라 결석 처리와 수업 보충에 대한 방법을 여쭙고자 합니다. 혹시 필요한 절차나 자료가 있다면 안내해 주시면 감사하겠습니다.

답변 기다리겠습니다.

감사합니다.

[학번] [이름] 드림"
,,"안녕하세요 교수님,

저는 [학번] [이름]입니다. 현재 병원에 입원 중이며, 치료와 회복을 위해 향후 [주]간 수업에 참석할 수 없게 되었습니다. 이로 인해 결석 처리와 수업 보충에 대해 어떻게 진행해야 할지 여쭙고 싶습니다. 혹시 보충할 수 있는 과제나 자료가 있을지, 그리고 출석 처리에 대한 절차가 궁금합니다.

추후 수업에 복귀할 수 있는 방법이나 다른 필요한 조치가 있다면 안내 부탁드립니다.

감사합니다.

[학번] [이름] 올림





"
,,"안녕하세요 교수님,

저는 [학번] [이름]입니다. 최근 수업에서 다룬 [직접 입력]에 대해 몇 가지 질문이 있습니다. [직접 입력]에 대해 다시 한번 확인하고 싶어서 메일 드립니다. 가능하시다면 해당 내용에 대해 간단히 설명해주실 수 있을까요?

감사합니다.

[학번] [이름] 올림"
,,"안녕하세요 교수님,

저는 [학번] [이름]입니다. 지난 [날짜/주차] 수업에서 다뤄진 [직접 입력]에 대해 잘 이해되지 않는 부분이 있어 질문 드립니다. [직접 입력]에 대해 추가 설명을 부탁드릴 수 있을까요? 수업 중에 다뤄진 [주요 개념/부분]에 대해 조금 더 명확하게 이해하고 싶습니다.

답변 주시면 감사하겠습니다.

[학번] [이름] 드림"
,,"안녕하세요 교수님,

저는 [학번] [이름]입니다. 최근 [날짜/주차] 수업에서 다뤄진 [직접 입력]에 대해 아직 명확히 이해하지 못한 부분이 있어 다시 질문 드립니다. 

특히 [구체적인 내용/세부 사항]에 대해 좀 더 자세한 설명이나 예시를 부탁드릴 수 있을까요? 이해하는 데 어려움이 있어 추가적인 자료나 참고할 만한 리소스도 알려주시면 도움이 될 것 같습니다.

감사합니다.

[학번] [이름] 올림"
,,"안녕하세요 교수님,

저는 [학번] [이름]입니다. 다름이 아니라, [날짜] 예비군 소집에 참석해야 하여 수업에 참석할 수 없게 되었습니다. 이와 관련하여, 예비군 소집에 참석한 후 제출해야 할 서류가 있는지, 그리고 해당 서류를 언제, 어디에 제출해야 하는지에 대해 여쭙고 싶습니다.

제출 절차와 관련된 정보를 알려주시면 감사하겠습니다.

감사합니다.

[학번] [이름] 드림"
,,"안녕하세요 교수님,

저는 [학번] [이름]입니다. 다름이 아니라, [날짜] 예비군 소집에 참석해야 해서 수업에 참석하지 못할 예정입니다. 이에 따라 예비군 소집에 참석한 후 제출해야 하는 서류가 있는지, 해당 서류는 언제, 어디로 제출하면 되는지에 대해 궁금합니다.

번거로우시겠지만, 관련된 절차에 대해 안내해주시면 감사하겠습니다.

감사합니다.

[학번] [이름] 드림
"
,,"안녕하세요 교수님,

저는 [학번] [이름]입니다. 다름이 아니라, [날짜]에 예정된 [수업명] 수업과 사전 교육이 시간이 겹쳐 수업에 참석할 수 없게 되었습니다. 수업을 놓치지 않기 위해 다른 방법으로 수업 내용을 보충할 수 있는지 여쭙고자 합니다.

혹시 녹화된 강의나 다른 대체 방법이 있을지 알려주시면 감사하겠습니다.

감사합니다.

[학번] [이름] 올림"
,,"안녕하세요 교수님,

저는 [학번] [이름]입니다. [날짜]에 예정된 [수업명] 수업과 [사전 교육명]의 시간이 겹쳐서 수업에 참석할 수 없게 되었습니다. 이와 관련하여 수업 내용을 보충할 수 있는 방법이 있는지 여쭙고 싶습니다.

대체 수업이나 다른 방법으로 사전 교육에 참여할 수 있는지 안내 부탁드립니다.

감사합니다.

[학번] [이름] 올림"
,,"안녕하세요 교수님,

저는 [학번] [이름]입니다. 다름이 아니라, [과목명]의 시험 일정 및 장소 변경에 대해 확인하고자 메일을 드립니다. 최근에 시험 일정과 장소가 변경되었다는 이야기를 들었는데, [날짜]과 [장소]가 맞는지 다시 한 번 확인해 주시면 감사하겠습니다.

변경된 사항에 대해 알려주시면 감사하겠습니다.

감사합니다.

[학번] [이름] 올림"
,,"안녕하세요 교수님,

저는 [학번] [이름]입니다. [과목명] 수업의 시험 일정과 장소가 변경된 것으로 알고 있습니다. 이에 대해 구체적인 일정과 장소를 확인하고자 메일을 드리게 되었습니다.

시험 일정과 장소가 변경된 부분에 대해 알려주시면 감사하겠습니다.

감사합니다.

[학번] [이름] 드림"
,,"안녕하세요 교수님,
저는 [과목명] 수업을 수강한 [학번] [이름]입니다.
기말고사 성적을 확인한 결과, 제 성적에 대해 몇 가지 의문이 있어 메일을 드립니다.
특히 [성적 문제에 대한 구체적인 설명]이 있어서 이에 대해 다시 한 번 확인해주실 수 있을지 궁금합니다.
제가 실수로 점수를 잘못 확인했을 수도 있겠지만, 혹시 수정할 수 있는 여지가 있는지 알려주시면 감사하겠습니다.
수정이 불가능한 경우, 그 이유도 설명해주시면 감사하겠습니다.

감사합니다.
[학번] [이름]"
,,"안녕하세요 교수님,
저는 [과목명] 수업을 수강한 [학번] [이름]입니다.
기말고사 성적을 확인한 후, 몇 가지 의문점이 생겨 이렇게 메일을 드립니다.
성적이 예상보다 낮게 나와서 다시 한 번 확인해주셨으면 합니다. 특히, [특정 항목에 대한 의문]에 대해 설명을 부탁드리며, 가능하다면 성적을 재검토해주실 수 있는지 궁금합니다.
부디 확인해주시면 감사하겠습니다.

감사합니다.
[학번] [이름]"
,,"안녕하세요 교수님,
[과목명] 수업을 수강한 [학번] [이름]입니다.
기말고사 성적이 예상과 달라 확인을 요청드리기 위해 메일을 드립니다.
특히 [성적에 대한 의문]에 대해 조금 더 명확한 설명을 듣고 싶습니다.
혹시 점수에 오류가 있었던 것인지 확인해주시면 감사하겠습니다.

감사합니다.
[학번] [이름]"
,,"안녕하세요 [교수님/조교]님,
저는 [과목명] 수업을 수강하고 있는 [학번] [이름]입니다.
이번 과제에 대해 질문이 있어 메일을 드립니다. 과제의 [구체적인 내용이나 부분]에 대해 더 자세히 설명해주실 수 있을까요?
과제 요구 사항을 제대로 이해하고 싶어서 질문드립니다. 자세한 답변 부탁드립니다.

감사합니다.
[학번] [이름]"
,,"안녕하세요 [교수님/조교]님,
[과목명] 수업을 듣고 있는 [학번] [이름]입니다.
이번 과제에 대해 몇 가지 헷갈리는 부분이 있어 다시 한 번 확인하고 싶습니다.
특히 [특정 부분에 대한 질문]에 대해 어떻게 접근해야 하는지 더 구체적인 설명을 부탁드립니다.
조금 더 자세히 설명해주시면 감사하겠습니다.

감사합니다.
[학번] [이름]"
,,"안녕하세요 [교수님/조교]님,
[과목명] 수업을 수강 중인 [학번] [이름]입니다.
이번 과제에 대해 궁금한 점이 있어 메일을 보냅니다. [특정 과제 항목]에 대해 어떻게 진행해야 할지 확실하지 않아 여쭤봅니다.
다시 한 번 확인해주시면 감사하겠습니다.

감사합니다.
[학번] [이름]"
,,"안녕하세요 교수님,
저는 [학과] [학년] [학번] [이름]입니다.
다름이 아니라, 저는 [대학원명]에 지원하려고 하는데, 교수님께 추천서를 부탁드리고자 합니다.
교수님께서 제 학업 성취와 인성에 대해 잘 알고 계시기 때문에 제 추천서를 써주신다면 큰 도움이 될 것입니다.
추천서 작성이 가능하신지 여쭙고 싶습니다. 부디 긍정적으로 검토해주시면 감사하겠습니다.

감사합니다.
[학번] [이름]"
,,"안녕하세요 교수님,
[학과] [학년] [학번] [이름]입니다.
[대학원명]에 지원하기 위해 교수님의 추천서를 요청드리고자 합니다.
저는 교수님의 수업을 수강하며 많은 것을 배웠고, 교수님께서 제 강점을 잘 아실 것이라 생각합니다.
추천서를 작성해주실 수 있으신지 여쭤봅니다. 부탁드립니다.

감사합니다.
[학번] [이름]"
,,"안녕하세요 교수님,
저는 [학과] [학번] [이름]입니다.
[대학원명]에 지원하려고 하는데, 교수님께서 제 학문적 배경을 잘 아시고 있어서 추천서를 부탁드리고자 합니다.
교수님께서 저를 추천해주시면 매우 감사하겠습니다. 가능하시면 추천서 작성 부탁드립니다.

감사합니다.
[학번] [이름]"
,,"안녕하세요 교수님,
저는 [학과] [학번] [이름]입니다.
진로에 대해 고민이 많아서 교수님의 조언을 구하고자 메일을 드립니다.
현재 [특정 분야나 직무]에 대해 생각하고 있는데, 이 분야에 대해 어떻게 접근하면 좋을지, 교수님께서 조언해주실 수 있을까요?

감사합니다.
[학번] [이름]"
,,"안녕하세요 교수님,
저는 [학과] [학번] [이름]입니다.
진로 선택에 대해 고민하고 있는 중인데, 교수님께서 저의 상황을 고려하여 진로 방향에 대해 조언을 주실 수 있을지 여쭙고자 합니다.
[특정 진로 방향이나 직무]에 대해 진지하게 고려하고 있습니다만, 어떤 점을 주의해야 할지 알고 싶습니다.

감사합니다.
[학번] [이름]"
,,"안녕하세요 교수님,
저는 [학과] [학번] [이름]입니다.
진로를 정하는 데 어려움을 겪고 있어 교수님과 상담을 요청드리고자 합니다.
[특정 분야나 직무]에 관심이 있지만, 여러 가지 선택지 사이에서 고민이 많습니다.
교수님의 경험과 조언을 얻고 싶습니다.

감사합니다.
[학번] [이름]"
,,"안녕하세요 교수님,
저는 [과목명] 수업을 수강하고 있는 [학번] [이름]입니다.
[날짜]에 병원에 가야 해서 수업을 결석할 수밖에 없었습니다.
혹시 이번 결석에 대해 출석을 인정받을 수 있는 방법이 있을지 여쭤봅니다.
답변 주시면 감사하겠습니다.

감사합니다.
[학번] [이름]"
,,"안녕하세요 교수님,
저는 [과목명] 수업을 듣고 있는 [학번] [이름]입니다.
[날짜]에 개인적인 사정으로 결석하게 되었습니다.
혹시 이번 결석에 대해 출석을 인정해주실 수 있는 방법이 있을지 궁금합니다.
도움 주시면 감사하겠습니다.

감사합니다.
[학번] [이름]"
,,"안녕하세요 교수님,
저는 [과목명] 수업을 수강 중인 [학번] [이름]입니다.
[날짜]에 불가피한 사정으로 수업을 결석하게 되었습니다.
혹시 출석을 인정받을 수 있는 방법이 있을지 여쭤봅니다.
답변 주시면 감사하겠습니다.

감사합니다.
[학번] [이름]"
,,"안녕하세요 교수님,
저는 [과목명] 수업을 듣고 있는 [학번] [이름]입니다.
이번 수업에 대해 몇 가지 어려움을 겪고 있어 학문적 지원을 요청드리고자 합니다.
[어려운 부분 또는 구체적인 질문]에 대해 추가적인 설명을 들을 수 있을지 여쭙니다.
도움 주시면 감사하겠습니다.

감사합니다.
[학번] [이름]"
,,"안녕하세요 교수님,
저는 [과목명] 수업을 수강하고 있는 [학번] [이름]입니다.
[어려운 부분]에 대해 많은 도움이 필요합니다.
혹시 이 부분에 대해 추가적인 학문적 지원을 받을 수 있는 방법이 있을지 여쭤봅니다.

감사합니다.
[학번] [이름]"
,,"안녕하세요 교수님,
저는 [과목명] 수업을 수강 중인 [학번] [이름]입니다.
[어려운 과제나 개념]에 대해 도움이 필요해서 이메일을 드립니다.
이 부분에 대해 좀 더 구체적인 설명이나 학문적 지원을 요청드리고 싶습니다.

감사합니다.
[학번] [이름]"
,,"안녕하세요 교수님,
저는 [과목명] 수업을 수강하고 있는 [학번] [이름]입니다.
학교 포털 시스템에 접속할 때 오류가 발생하여 수업 자료를 확인할 수 없습니다.
이 문제를 해결할 수 있는 방법이 있을지 여쭤봅니다.

감사합니다.
[학번] [이름]"
,,"안녕하세요 교수님,
[과목명] 수업을 듣고 있는 [학번] [이름]입니다.
현재 온라인 학습 시스템에 접속이 되지 않아 수업 자료를 확인할 수 없습니다.
해당 문제를 해결할 수 있는 방법이 있을지 문의드리고자 합니다.

감사합니다.
[학번] [이름]"
,,"안녕하세요 교수님,
저는 [과목명] 수업을 수강 중인 [학번] [이름]입니다.
현재 학교 포털에 접속할 수 없어서 수업 관련 자료를 확인하지 못하고 있습니다.
해결 방법에 대해 안내해주시면 감사하겠습니다.

감사합니다.
[학번] [이름]"
,,"안녕하세요 교수님,
저는 [학과] [학번] [이름]입니다.
조교 신청에 대해 구체적인 방법을 알고 싶어 이메일을 드립니다.
신청 과정이나 필요 서류 등 추가 정보를 주실 수 있으신가요?

감사합니다.
[학번] [이름]"
,,"안녕하세요 교수님,
[학과] [학번] [이름]입니다.
장학금을 신청하고자 하는데, 신청 조건과 절차에 대해 더 알고 싶습니다.
장학금 신청 방법을 알려주시면 감사하겠습니다.

감사합니다.
[학번] [이름]"
,,"안녕하세요 교수님,
[학과] [학번] [이름]입니다.
RA 신청을 하고자 하는데, 신청 조건과 절차에 대해 더 알고 싶습니다.

감사합니다.
[학번] [이름]"
,,"안녕하세요 교수님,
교수님의 [과목명] 수업을 수강하고 있는 [학과] [학번] [이름]입니다.
지난 수업에서 다룬 [과목명] 강의 자료를 찾을 수 없습니다. 자료를 제공해주실 수 있을까요?
감사합니다."
,,"안녕하세요 교수님,
[과목명] 수업에 대한 강의 자료를 찾고 있는데, 해당 자료가 누락된 것 같습니다. 자료를 공유해주실 수 있으면 감사하겠습니다.
감사합니다."
,,"교수님, 안녕하세요.
[과목명] 수업을 수강 중인 [학번] [이름]입니다. 강의 중 사용된 자료를 찾고 있습니다. 제공이 가능하시다면 큰 도움이 될 것 같습니다.
감사합니다.
[학번] [이름] 올림"
,,"교수님 안녕하세요,
[과목명] 실험을 진행 중인 [학번] [이름]입니다. 실험 중에 [문제점]이 발생하여 어떻게 해결할 수 있을지 여쭙고 싶습니다. 가능한 해결 방법을 알려주시면 감사하겠습니다.
감사합니다.
[학번] [이름] 올림"
,,"교수님, 안녕하세요.
저는 [수업명] 수업을 수강 중인 [학번] [이름]입니다. 최근 [학술 행사]에 참여할 예정인데, 이 활동을 수업 프로젝트에 연계해도 괜찮을지 여쭙고 싶습니다.
감사합니다.
[학번] [이름] 올림"
,,"교수님 안녕하세요,
[과목명] 수업을 더 잘 참여하기 위한 방법에 대해 여쭙고 싶습니다. 어떻게 더 적극적으로 참여할 수 있을까요?
감사합니다.
[학번] [이름] 올림"
,,"교수님, 안녕하세요.
[과목명] 수업 중 [내용]에 대해 잘 이해되지 않았습니다. 다시 설명해주실 수 있나요?
감사합니다.
[학번] [이름] 올림"
,,"교수님, 안녕하세요.
저는 [연구 주제]에 대해 연구를 진행하고 있습니다. 이 주제와 관련해 도움을 주실 수 있을까요?
감사합니다.
[학번] [이름] 올림"
,,"교수님, 안녕하세요.
[연구 주제]에 대한 연구를 진행 중입니다. 이 주제에 대해 더 나은 방향을 제시해주실 수 있을지 여쭙고 싶습니다.
감사합니다.
[학번] [이름] 올림"
,,"교수님, 안녕하세요.
[연구 주제]와 관련된 연구를 진행 중입니다. 이 주제에 대해 어떤 자료나 방법을 추천해주실 수 있나요?
감사합니다.
[학번] [이름] 올림"
